<?xml version="1.0" encoding="UTF-8"?>
<thumbnails version="1.2.0">
  <thumbnail camera_id="0" path="c0.jpg"/>
  <thumbnail camera_id="1" path="c1.jpg"/>
  <thumbnail camera_id="2" path="c2.jpg"/>
  <thumbnail camera_id="3" path="c3.jpg"/>
  <thumbnail camera_id="4" path="c4.jpg"/>
  <thumbnail camera_id="5" path="c5.jpg"/>
  <thumbnail camera_id="6" path="c6.jpg"/>
  <thumbnail camera_id="7" path="c7.jpg"/>
  <thumbnail camera_id="8" path="c8.jpg"/>
  <thumbnail camera_id="9" path="c9.jpg"/>
  <thumbnail camera_id="10" path="c10.jpg"/>
  <thumbnail camera_id="11" path="c11.jpg"/>
  <thumbnail camera_id="12" path="c12.jpg"/>
  <thumbnail camera_id="13" path="c13.jpg"/>
  <thumbnail camera_id="14" path="c14.jpg"/>
  <thumbnail camera_id="15" path="c15.jpg"/>
</thumbnails>
