<?xml version="1.0" encoding="UTF-8"?>
<point_cloud version="1.2.0">
  <params>
    <dataType>uint8</dataType>
    <bands>
      <band label="Red"/>
      <band label="Green"/>
      <band label="Blue"/>
    </bands>
  </params>
  <tracks path="tracks.ply" count="36302"/>
  <points path="points.ply" count="33268"/>
  <projections camera_id="0" path="p0.ply" count="379"/>
  <projections camera_id="1" path="p1.ply" count="1070"/>
  <projections camera_id="2" path="p2.ply" count="1322"/>
  <projections camera_id="3" path="p3.ply" count="955"/>
  <projections camera_id="4" path="p4.ply" count="343"/>
  <projections camera_id="5" path="p5.ply" count="423"/>
  <projections camera_id="6" path="p6.ply" count="1130"/>
  <projections camera_id="7" path="p7.ply" count="1108"/>
  <projections camera_id="8" path="p8.ply" count="956"/>
  <projections camera_id="9" path="p9.ply" count="521"/>
  <projections camera_id="10" path="p10.ply" count="619"/>
  <projections camera_id="11" path="p11.ply" count="999"/>
  <projections camera_id="12" path="p12.ply" count="898"/>
  <projections camera_id="13" path="p13.ply" count="426"/>
  <projections camera_id="14" path="p14.ply" count="530"/>
  <projections camera_id="15" path="p15.ply" count="597"/>
  <projections camera_id="16" path="p16.ply" count="841"/>
  <projections camera_id="17" path="p17.ply" count="891"/>
  <projections camera_id="18" path="p18.ply" count="642"/>
  <projections camera_id="19" path="p19.ply" count="865"/>
  <projections camera_id="20" path="p20.ply" count="1137"/>
  <projections camera_id="21" path="p21.ply" count="1208"/>
  <projections camera_id="22" path="p22.ply" count="930"/>
  <projections camera_id="23" path="p23.ply" count="850"/>
  <projections camera_id="24" path="p24.ply" count="940"/>
  <projections camera_id="25" path="p25.ply" count="1202"/>
  <projections camera_id="26" path="p26.ply" count="1362"/>
  <projections camera_id="27" path="p27.ply" count="1098"/>
  <projections camera_id="28" path="p28.ply" count="993"/>
  <projections camera_id="29" path="p29.ply" count="618"/>
  <projections camera_id="30" path="p30.ply" count="1097"/>
  <projections camera_id="31" path="p31.ply" count="1147"/>
  <projections camera_id="32" path="p32.ply" count="908"/>
  <projections camera_id="33" path="p33.ply" count="745"/>
  <projections camera_id="34" path="p34.ply" count="616"/>
  <projections camera_id="35" path="p35.ply" count="1002"/>
  <projections camera_id="36" path="p36.ply" count="1059"/>
  <projections camera_id="37" path="p37.ply" count="738"/>
  <projections camera_id="38" path="p38.ply" count="495"/>
  <projections camera_id="39" path="p39.ply" count="1114"/>
  <projections camera_id="40" path="p40.ply" count="1063"/>
  <projections camera_id="41" path="p41.ply" count="959"/>
  <projections camera_id="42" path="p42.ply" count="532"/>
  <projections camera_id="43" path="p43.ply" count="431"/>
  <projections camera_id="44" path="p44.ply" count="1251"/>
  <projections camera_id="45" path="p45.ply" count="1361"/>
  <projections camera_id="46" path="p46.ply" count="1122"/>
  <projections camera_id="47" path="p47.ply" count="784"/>
  <projections camera_id="48" path="p48.ply" count="995"/>
  <projections camera_id="49" path="p49.ply" count="1738"/>
  <projections camera_id="50" path="p50.ply" count="1425"/>
  <projections camera_id="51" path="p51.ply" count="1192"/>
  <projections camera_id="52" path="p52.ply" count="1159"/>
  <projections camera_id="53" path="p53.ply" count="1152"/>
  <projections camera_id="54" path="p54.ply" count="1582"/>
  <projections camera_id="55" path="p55.ply" count="1618"/>
  <projections camera_id="56" path="p56.ply" count="1023"/>
  <projections camera_id="57" path="p57.ply" count="741"/>
  <projections camera_id="58" path="p58.ply" count="965"/>
  <projections camera_id="59" path="p59.ply" count="1598"/>
  <projections camera_id="60" path="p60.ply" count="1525"/>
  <projections camera_id="61" path="p61.ply" count="1052"/>
  <projections camera_id="62" path="p62.ply" count="1252"/>
  <projections camera_id="63" path="p63.ply" count="418"/>
  <projections camera_id="64" path="p64.ply" count="1146"/>
  <projections camera_id="65" path="p65.ply" count="1198"/>
  <projections camera_id="66" path="p66.ply" count="916"/>
  <projections camera_id="67" path="p67.ply" count="724"/>
  <projections camera_id="68" path="p68.ply" count="442"/>
  <projections camera_id="69" path="p69.ply" count="1012"/>
  <projections camera_id="70" path="p70.ply" count="1058"/>
  <projections camera_id="71" path="p71.ply" count="881"/>
  <projections camera_id="72" path="p72.ply" count="545"/>
  <projections camera_id="73" path="p73.ply" count="559"/>
  <projections camera_id="74" path="p74.ply" count="902"/>
  <projections camera_id="75" path="p75.ply" count="852"/>
  <projections camera_id="76" path="p76.ply" count="667"/>
  <projections camera_id="77" path="p77.ply" count="667"/>
  <projections camera_id="78" path="p78.ply" count="917"/>
  <projections camera_id="79" path="p79.ply" count="878"/>
  <projections camera_id="80" path="p80.ply" count="821"/>
  <projections camera_id="81" path="p81.ply" count="763"/>
  <projections camera_id="82" path="p82.ply" count="782"/>
  <projections camera_id="83" path="p83.ply" count="1156"/>
  <projections camera_id="84" path="p84.ply" count="1337"/>
  <projections camera_id="85" path="p85.ply" count="1341"/>
  <projections camera_id="86" path="p86.ply" count="1242"/>
  <projections camera_id="87" path="p87.ply" count="606"/>
  <projections camera_id="88" path="p88.ply" count="942"/>
  <projections camera_id="89" path="p89.ply" count="994"/>
  <projections camera_id="90" path="p90.ply" count="1146"/>
  <projections camera_id="91" path="p91.ply" count="920"/>
  <projections camera_id="92" path="p92.ply" count="572"/>
  <projections camera_id="93" path="p93.ply" count="831"/>
  <projections camera_id="94" path="p94.ply" count="835"/>
  <projections camera_id="95" path="p95.ply" count="561"/>
  <projections camera_id="96" path="p96.ply" count="866"/>
  <projections camera_id="97" path="p97.ply" count="1135"/>
  <projections camera_id="98" path="p98.ply" count="1114"/>
  <projections camera_id="99" path="p99.ply" count="698"/>
  <projections camera_id="100" path="p100.ply" count="328"/>
  <projections camera_id="101" path="p101.ply" count="1137"/>
  <projections camera_id="102" path="p102.ply" count="1348"/>
  <projections camera_id="103" path="p103.ply" count="1032"/>
  <projections camera_id="104" path="p104.ply" count="471"/>
  <projections camera_id="105" path="p105.ply" count="285"/>
  <projections camera_id="106" path="p106.ply" count="890"/>
  <projections camera_id="107" path="p107.ply" count="1346"/>
  <projections camera_id="108" path="p108.ply" count="906"/>
  <projections camera_id="109" path="p109.ply" count="311"/>
  <projections camera_id="110" path="p110.ply" count="1034"/>
  <projections camera_id="111" path="p111.ply" count="1188"/>
  <projections camera_id="112" path="p112.ply" count="1234"/>
  <projections camera_id="113" path="p113.ply" count="1219"/>
  <projections camera_id="114" path="p114.ply" count="1277"/>
  <projections camera_id="115" path="p115.ply" count="1274"/>
  <meta>
    <property name="Info/LastSavedDateTime" value="2019:12:02 23:21:32"/>
    <property name="Info/LastSavedSoftwareVersion" value="1.5.5.9097"/>
    <property name="Info/OriginalDateTime" value="2019:12:02 23:09:58"/>
    <property name="Info/OriginalSoftwareVersion" value="1.5.5.9097"/>
    <property name="MatchPhotos/cameras" value=""/>
    <property name="MatchPhotos/downscale" value="1"/>
    <property name="MatchPhotos/duration" value="120.366"/>
    <property name="MatchPhotos/keypoint_limit" value="40000"/>
    <property name="MatchPhotos/max_workgroup_size" value="100"/>
    <property name="MatchPhotos/network_distribute" value="true"/>
    <property name="MatchPhotos/pairs" value=""/>
    <property name="MatchPhotos/preselection_generic" value="true"/>
    <property name="MatchPhotos/reset_matches" value="false"/>
    <property name="MatchPhotos/store_keypoints" value="false"/>
    <property name="MatchPhotos/tiepoint_limit" value="4000"/>
    <property name="MatchPhotos/workitem_size_cameras" value="20"/>
    <property name="MatchPhotos/workitem_size_pairs" value="80"/>
  </meta>
</point_cloud>
