<?xml version="1.0" encoding="UTF-8"?>
<frame version="1.2.0">
  <cameras>
    <camera camera_id="0">
      <photo path="../../../616/1_YukihiroIwayama.jpg">
        <meta>
          <property name="File/ImageHeight" value="616"/>
          <property name="File/ImageWidth" value="820"/>
          <property name="System/FileModifyDate" value="2019:12:02 14:13:51"/>
          <property name="System/FileSize" value="87356"/>
        </meta>
      </photo>
    </camera>
    <camera camera_id="1">
      <photo path="../../../616/2_YukihiroIwayama.jpg">
        <meta>
          <property name="File/ImageHeight" value="616"/>
          <property name="File/ImageWidth" value="820"/>
          <property name="System/FileModifyDate" value="2019:12:02 14:13:53"/>
          <property name="System/FileSize" value="80079"/>
        </meta>
      </photo>
    </camera>
    <camera camera_id="2">
      <photo path="../../../616/3_YukihiroIwayama.jpg">
        <meta>
          <property name="File/ImageHeight" value="616"/>
          <property name="File/ImageWidth" value="820"/>
          <property name="System/FileModifyDate" value="2019:12:02 14:13:56"/>
          <property name="System/FileSize" value="98064"/>
        </meta>
      </photo>
    </camera>
    <camera camera_id="3">
      <photo path="../../../616/4_YukihiroIwayama.jpg">
        <meta>
          <property name="File/ImageHeight" value="616"/>
          <property name="File/ImageWidth" value="820"/>
          <property name="System/FileModifyDate" value="2019:12:02 14:13:58"/>
          <property name="System/FileSize" value="92739"/>
        </meta>
      </photo>
    </camera>
    <camera camera_id="4">
      <photo path="../../../616/5_YukihiroIwayama.jpg">
        <meta>
          <property name="File/ImageHeight" value="616"/>
          <property name="File/ImageWidth" value="820"/>
          <property name="System/FileModifyDate" value="2019:12:02 14:14:01"/>
          <property name="System/FileSize" value="91490"/>
        </meta>
      </photo>
    </camera>
    <camera camera_id="5">
      <photo path="../../../616/6_YukihiroIwayama.jpg">
        <meta>
          <property name="File/ImageHeight" value="616"/>
          <property name="File/ImageWidth" value="820"/>
          <property name="System/FileModifyDate" value="2019:12:02 14:14:04"/>
          <property name="System/FileSize" value="83968"/>
        </meta>
      </photo>
    </camera>
    <camera camera_id="6">
      <photo path="../../../616/7_YukihiroIwayama.jpg">
        <meta>
          <property name="File/ImageHeight" value="616"/>
          <property name="File/ImageWidth" value="820"/>
          <property name="System/FileModifyDate" value="2019:12:02 14:14:06"/>
          <property name="System/FileSize" value="91773"/>
        </meta>
      </photo>
    </camera>
    <camera camera_id="7">
      <photo path="../../../616/8_YukihiroIwayama.jpg">
        <meta>
          <property name="File/ImageHeight" value="616"/>
          <property name="File/ImageWidth" value="820"/>
          <property name="System/FileModifyDate" value="2019:12:02 14:14:08"/>
          <property name="System/FileSize" value="94552"/>
        </meta>
      </photo>
    </camera>
    <camera camera_id="8">
      <photo path="../../../616/9_YukihiroIwayama.jpg">
        <meta>
          <property name="File/ImageHeight" value="616"/>
          <property name="File/ImageWidth" value="820"/>
          <property name="System/FileModifyDate" value="2019:12:02 14:14:09"/>
          <property name="System/FileSize" value="95842"/>
        </meta>
      </photo>
    </camera>
    <camera camera_id="9">
      <photo path="../../../616/10_YukihiroIwayama.jpg">
        <meta>
          <property name="File/ImageHeight" value="616"/>
          <property name="File/ImageWidth" value="820"/>
          <property name="System/FileModifyDate" value="2019:12:02 14:13:49"/>
          <property name="System/FileSize" value="85069"/>
        </meta>
      </photo>
    </camera>
    <camera camera_id="10">
      <photo path="../../../616/11_YukihiroIwayama.jpg">
        <meta>
          <property name="File/ImageHeight" value="616"/>
          <property name="File/ImageWidth" value="820"/>
          <property name="System/FileModifyDate" value="2019:12:02 14:13:49"/>
          <property name="System/FileSize" value="91189"/>
        </meta>
      </photo>
    </camera>
    <camera camera_id="11">
      <photo path="../../../616/12_YukihiroIwayama.jpg">
        <meta>
          <property name="File/ImageHeight" value="616"/>
          <property name="File/ImageWidth" value="820"/>
          <property name="System/FileModifyDate" value="2019:12:02 14:13:49"/>
          <property name="System/FileSize" value="95162"/>
        </meta>
      </photo>
    </camera>
    <camera camera_id="12">
      <photo path="../../../616/13_YukihiroIwayama.jpg">
        <meta>
          <property name="File/ImageHeight" value="616"/>
          <property name="File/ImageWidth" value="820"/>
          <property name="System/FileModifyDate" value="2019:12:02 14:13:49"/>
          <property name="System/FileSize" value="93906"/>
        </meta>
      </photo>
    </camera>
    <camera camera_id="13">
      <photo path="../../../616/14_YukihiroIwayama.jpg">
        <meta>
          <property name="File/ImageHeight" value="616"/>
          <property name="File/ImageWidth" value="820"/>
          <property name="System/FileModifyDate" value="2019:12:02 14:13:49"/>
          <property name="System/FileSize" value="97887"/>
        </meta>
      </photo>
    </camera>
    <camera camera_id="14">
      <photo path="../../../616/15_YukihiroIwayama.jpg">
        <meta>
          <property name="File/ImageHeight" value="616"/>
          <property name="File/ImageWidth" value="820"/>
          <property name="System/FileModifyDate" value="2019:12:02 14:13:50"/>
          <property name="System/FileSize" value="97035"/>
        </meta>
      </photo>
    </camera>
    <camera camera_id="15">
      <photo path="../../../616/16_YukihiroIwayama.jpg">
        <meta>
          <property name="File/ImageHeight" value="616"/>
          <property name="File/ImageWidth" value="820"/>
          <property name="System/FileModifyDate" value="2019:12:02 14:13:50"/>
          <property name="System/FileSize" value="81334"/>
        </meta>
      </photo>
    </camera>
    <camera camera_id="16">
      <photo path="../../../616/17_YukihiroIwayama.jpg">
        <meta>
          <property name="File/ImageHeight" value="616"/>
          <property name="File/ImageWidth" value="820"/>
          <property name="System/FileModifyDate" value="2019:12:02 14:13:50"/>
          <property name="System/FileSize" value="74006"/>
        </meta>
      </photo>
    </camera>
    <camera camera_id="17">
      <photo path="../../../616/18_YukihiroIwayama.jpg">
        <meta>
          <property name="File/ImageHeight" value="616"/>
          <property name="File/ImageWidth" value="820"/>
          <property name="System/FileModifyDate" value="2019:12:02 14:13:50"/>
          <property name="System/FileSize" value="77243"/>
        </meta>
      </photo>
    </camera>
    <camera camera_id="18">
      <photo path="../../../616/19_YukihiroIwayama.jpg">
        <meta>
          <property name="File/ImageHeight" value="616"/>
          <property name="File/ImageWidth" value="820"/>
          <property name="System/FileModifyDate" value="2019:12:02 14:13:51"/>
          <property name="System/FileSize" value="82751"/>
        </meta>
      </photo>
    </camera>
    <camera camera_id="19">
      <photo path="../../../616/20_YukihiroIwayama.jpg">
        <meta>
          <property name="File/ImageHeight" value="616"/>
          <property name="File/ImageWidth" value="820"/>
          <property name="System/FileModifyDate" value="2019:12:02 14:13:51"/>
          <property name="System/FileSize" value="83800"/>
        </meta>
      </photo>
    </camera>
    <camera camera_id="20">
      <photo path="../../../616/21_YukihiroIwayama.jpg">
        <meta>
          <property name="File/ImageHeight" value="616"/>
          <property name="File/ImageWidth" value="820"/>
          <property name="System/FileModifyDate" value="2019:12:02 14:13:51"/>
          <property name="System/FileSize" value="78269"/>
        </meta>
      </photo>
    </camera>
    <camera camera_id="21">
      <photo path="../../../616/22_YukihiroIwayama.jpg">
        <meta>
          <property name="File/ImageHeight" value="616"/>
          <property name="File/ImageWidth" value="820"/>
          <property name="System/FileModifyDate" value="2019:12:02 14:13:51"/>
          <property name="System/FileSize" value="79219"/>
        </meta>
      </photo>
    </camera>
    <camera camera_id="22">
      <photo path="../../../616/23_YukihiroIwayama.jpg">
        <meta>
          <property name="File/ImageHeight" value="616"/>
          <property name="File/ImageWidth" value="820"/>
          <property name="System/FileModifyDate" value="2019:12:02 14:13:52"/>
          <property name="System/FileSize" value="76786"/>
        </meta>
      </photo>
    </camera>
    <camera camera_id="23">
      <photo path="../../../616/24_YukihiroIwayama.jpg">
        <meta>
          <property name="File/ImageHeight" value="616"/>
          <property name="File/ImageWidth" value="820"/>
          <property name="System/FileModifyDate" value="2019:12:02 14:13:52"/>
          <property name="System/FileSize" value="85102"/>
        </meta>
      </photo>
    </camera>
    <camera camera_id="24">
      <photo path="../../../616/25_YukihiroIwayama.jpg">
        <meta>
          <property name="File/ImageHeight" value="616"/>
          <property name="File/ImageWidth" value="820"/>
          <property name="System/FileModifyDate" value="2019:12:02 14:13:52"/>
          <property name="System/FileSize" value="72258"/>
        </meta>
      </photo>
    </camera>
    <camera camera_id="25">
      <photo path="../../../616/26_YukihiroIwayama.jpg">
        <meta>
          <property name="File/ImageHeight" value="616"/>
          <property name="File/ImageWidth" value="820"/>
          <property name="System/FileModifyDate" value="2019:12:02 14:13:52"/>
          <property name="System/FileSize" value="80448"/>
        </meta>
      </photo>
    </camera>
    <camera camera_id="26">
      <photo path="../../../616/27_YukihiroIwayama.jpg">
        <meta>
          <property name="File/ImageHeight" value="616"/>
          <property name="File/ImageWidth" value="820"/>
          <property name="System/FileModifyDate" value="2019:12:02 14:13:53"/>
          <property name="System/FileSize" value="79483"/>
        </meta>
      </photo>
    </camera>
    <camera camera_id="27">
      <photo path="../../../616/28_YukihiroIwayama.jpg">
        <meta>
          <property name="File/ImageHeight" value="616"/>
          <property name="File/ImageWidth" value="820"/>
          <property name="System/FileModifyDate" value="2019:12:02 14:13:53"/>
          <property name="System/FileSize" value="72112"/>
        </meta>
      </photo>
    </camera>
    <camera camera_id="28">
      <photo path="../../../616/29_YukihiroIwayama.jpg">
        <meta>
          <property name="File/ImageHeight" value="616"/>
          <property name="File/ImageWidth" value="820"/>
          <property name="System/FileModifyDate" value="2019:12:02 14:13:53"/>
          <property name="System/FileSize" value="77561"/>
        </meta>
      </photo>
    </camera>
    <camera camera_id="29">
      <photo path="../../../616/30_YukihiroIwayama.jpg">
        <meta>
          <property name="File/ImageHeight" value="616"/>
          <property name="File/ImageWidth" value="820"/>
          <property name="System/FileModifyDate" value="2019:12:02 14:13:54"/>
          <property name="System/FileSize" value="81858"/>
        </meta>
      </photo>
    </camera>
    <camera camera_id="30">
      <photo path="../../../616/31_YukihiroIwayama.jpg">
        <meta>
          <property name="File/ImageHeight" value="616"/>
          <property name="File/ImageWidth" value="820"/>
          <property name="System/FileModifyDate" value="2019:12:02 14:13:54"/>
          <property name="System/FileSize" value="70848"/>
        </meta>
      </photo>
    </camera>
    <camera camera_id="31">
      <photo path="../../../616/32_YukihiroIwayama.jpg">
        <meta>
          <property name="File/ImageHeight" value="616"/>
          <property name="File/ImageWidth" value="820"/>
          <property name="System/FileModifyDate" value="2019:12:02 14:13:54"/>
          <property name="System/FileSize" value="73195"/>
        </meta>
      </photo>
    </camera>
    <camera camera_id="32">
      <photo path="../../../616/33_YukihiroIwayama.jpg">
        <meta>
          <property name="File/ImageHeight" value="616"/>
          <property name="File/ImageWidth" value="820"/>
          <property name="System/FileModifyDate" value="2019:12:02 14:13:54"/>
          <property name="System/FileSize" value="65093"/>
        </meta>
      </photo>
    </camera>
    <camera camera_id="33">
      <photo path="../../../616/34_YukihiroIwayama.jpg">
        <meta>
          <property name="File/ImageHeight" value="616"/>
          <property name="File/ImageWidth" value="820"/>
          <property name="System/FileModifyDate" value="2019:12:02 14:13:54"/>
          <property name="System/FileSize" value="74779"/>
        </meta>
      </photo>
    </camera>
    <camera camera_id="34">
      <photo path="../../../616/35_YukihiroIwayama.jpg">
        <meta>
          <property name="File/ImageHeight" value="616"/>
          <property name="File/ImageWidth" value="820"/>
          <property name="System/FileModifyDate" value="2019:12:02 14:13:55"/>
          <property name="System/FileSize" value="66644"/>
        </meta>
      </photo>
    </camera>
    <camera camera_id="35">
      <photo path="../../../616/36_YukihiroIwayama.jpg">
        <meta>
          <property name="File/ImageHeight" value="616"/>
          <property name="File/ImageWidth" value="820"/>
          <property name="System/FileModifyDate" value="2019:12:02 14:13:55"/>
          <property name="System/FileSize" value="80629"/>
        </meta>
      </photo>
    </camera>
    <camera camera_id="36">
      <photo path="../../../616/37_YukihiroIwayama.jpg">
        <meta>
          <property name="File/ImageHeight" value="616"/>
          <property name="File/ImageWidth" value="820"/>
          <property name="System/FileModifyDate" value="2019:12:02 14:13:55"/>
          <property name="System/FileSize" value="75033"/>
        </meta>
      </photo>
    </camera>
    <camera camera_id="37">
      <photo path="../../../616/38_YukihiroIwayama.jpg">
        <meta>
          <property name="File/ImageHeight" value="616"/>
          <property name="File/ImageWidth" value="820"/>
          <property name="System/FileModifyDate" value="2019:12:02 14:13:55"/>
          <property name="System/FileSize" value="65862"/>
        </meta>
      </photo>
    </camera>
    <camera camera_id="38">
      <photo path="../../../616/39_YukihiroIwayama.jpg">
        <meta>
          <property name="File/ImageHeight" value="616"/>
          <property name="File/ImageWidth" value="820"/>
          <property name="System/FileModifyDate" value="2019:12:02 14:13:56"/>
          <property name="System/FileSize" value="70525"/>
        </meta>
      </photo>
    </camera>
    <camera camera_id="39">
      <photo path="../../../616/40_YukihiroIwayama.jpg">
        <meta>
          <property name="File/ImageHeight" value="616"/>
          <property name="File/ImageWidth" value="820"/>
          <property name="System/FileModifyDate" value="2019:12:02 14:13:56"/>
          <property name="System/FileSize" value="69446"/>
        </meta>
      </photo>
    </camera>
    <camera camera_id="40">
      <photo path="../../../616/41_YukihiroIwayama.jpg">
        <meta>
          <property name="File/ImageHeight" value="616"/>
          <property name="File/ImageWidth" value="820"/>
          <property name="System/FileModifyDate" value="2019:12:02 14:13:56"/>
          <property name="System/FileSize" value="73295"/>
        </meta>
      </photo>
    </camera>
    <camera camera_id="41">
      <photo path="../../../616/42_YukihiroIwayama.jpg">
        <meta>
          <property name="File/ImageHeight" value="616"/>
          <property name="File/ImageWidth" value="820"/>
          <property name="System/FileModifyDate" value="2019:12:02 14:13:57"/>
          <property name="System/FileSize" value="70977"/>
        </meta>
      </photo>
    </camera>
    <camera camera_id="42">
      <photo path="../../../616/43_YukihiroIwayama.jpg">
        <meta>
          <property name="File/ImageHeight" value="616"/>
          <property name="File/ImageWidth" value="820"/>
          <property name="System/FileModifyDate" value="2019:12:02 14:13:57"/>
          <property name="System/FileSize" value="74785"/>
        </meta>
      </photo>
    </camera>
    <camera camera_id="43">
      <photo path="../../../616/44_YukihiroIwayama.jpg">
        <meta>
          <property name="File/ImageHeight" value="616"/>
          <property name="File/ImageWidth" value="820"/>
          <property name="System/FileModifyDate" value="2019:12:02 14:13:57"/>
          <property name="System/FileSize" value="64739"/>
        </meta>
      </photo>
    </camera>
    <camera camera_id="44">
      <photo path="../../../616/45_YukihiroIwayama.jpg">
        <meta>
          <property name="File/ImageHeight" value="616"/>
          <property name="File/ImageWidth" value="820"/>
          <property name="System/FileModifyDate" value="2019:12:02 14:13:57"/>
          <property name="System/FileSize" value="71534"/>
        </meta>
      </photo>
    </camera>
    <camera camera_id="45">
      <photo path="../../../616/46_YukihiroIwayama.jpg">
        <meta>
          <property name="File/ImageHeight" value="616"/>
          <property name="File/ImageWidth" value="820"/>
          <property name="System/FileModifyDate" value="2019:12:02 14:13:57"/>
          <property name="System/FileSize" value="64487"/>
        </meta>
      </photo>
    </camera>
    <camera camera_id="46">
      <photo path="../../../616/47_YukihiroIwayama.jpg">
        <meta>
          <property name="File/ImageHeight" value="616"/>
          <property name="File/ImageWidth" value="820"/>
          <property name="System/FileModifyDate" value="2019:12:02 14:13:58"/>
          <property name="System/FileSize" value="78319"/>
        </meta>
      </photo>
    </camera>
    <camera camera_id="47">
      <photo path="../../../616/48_YukihiroIwayama.jpg">
        <meta>
          <property name="File/ImageHeight" value="616"/>
          <property name="File/ImageWidth" value="820"/>
          <property name="System/FileModifyDate" value="2019:12:02 14:13:58"/>
          <property name="System/FileSize" value="69538"/>
        </meta>
      </photo>
    </camera>
    <camera camera_id="48">
      <photo path="../../../616/49_YukihiroIwayama.jpg">
        <meta>
          <property name="File/ImageHeight" value="616"/>
          <property name="File/ImageWidth" value="820"/>
          <property name="System/FileModifyDate" value="2019:12:02 14:13:58"/>
          <property name="System/FileSize" value="77258"/>
        </meta>
      </photo>
    </camera>
    <camera camera_id="49">
      <photo path="../../../616/50_YukihiroIwayama.jpg">
        <meta>
          <property name="File/ImageHeight" value="616"/>
          <property name="File/ImageWidth" value="820"/>
          <property name="System/FileModifyDate" value="2019:12:02 14:13:59"/>
          <property name="System/FileSize" value="90827"/>
        </meta>
      </photo>
    </camera>
    <camera camera_id="50">
      <photo path="../../../616/51_YukihiroIwayama.jpg">
        <meta>
          <property name="File/ImageHeight" value="616"/>
          <property name="File/ImageWidth" value="820"/>
          <property name="System/FileModifyDate" value="2019:12:02 14:13:59"/>
          <property name="System/FileSize" value="81474"/>
        </meta>
      </photo>
    </camera>
    <camera camera_id="51">
      <photo path="../../../616/52_YukihiroIwayama.jpg">
        <meta>
          <property name="File/ImageHeight" value="616"/>
          <property name="File/ImageWidth" value="820"/>
          <property name="System/FileModifyDate" value="2019:12:02 14:13:59"/>
          <property name="System/FileSize" value="88906"/>
        </meta>
      </photo>
    </camera>
    <camera camera_id="52">
      <photo path="../../../616/53_YukihiroIwayama.jpg">
        <meta>
          <property name="File/ImageHeight" value="616"/>
          <property name="File/ImageWidth" value="820"/>
          <property name="System/FileModifyDate" value="2019:12:02 14:13:59"/>
          <property name="System/FileSize" value="80035"/>
        </meta>
      </photo>
    </camera>
    <camera camera_id="53">
      <photo path="../../../616/54_YukihiroIwayama.jpg">
        <meta>
          <property name="File/ImageHeight" value="616"/>
          <property name="File/ImageWidth" value="820"/>
          <property name="System/FileModifyDate" value="2019:12:02 14:14:00"/>
          <property name="System/FileSize" value="87017"/>
        </meta>
      </photo>
    </camera>
    <camera camera_id="54">
      <photo path="../../../616/55_YukihiroIwayama.jpg">
        <meta>
          <property name="File/ImageHeight" value="616"/>
          <property name="File/ImageWidth" value="820"/>
          <property name="System/FileModifyDate" value="2019:12:02 14:14:00"/>
          <property name="System/FileSize" value="74845"/>
        </meta>
      </photo>
    </camera>
    <camera camera_id="55">
      <photo path="../../../616/56_YukihiroIwayama.jpg">
        <meta>
          <property name="File/ImageHeight" value="616"/>
          <property name="File/ImageWidth" value="820"/>
          <property name="System/FileModifyDate" value="2019:12:02 14:14:00"/>
          <property name="System/FileSize" value="89006"/>
        </meta>
      </photo>
    </camera>
    <camera camera_id="56">
      <photo path="../../../616/57_YukihiroIwayama.jpg">
        <meta>
          <property name="File/ImageHeight" value="616"/>
          <property name="File/ImageWidth" value="820"/>
          <property name="System/FileModifyDate" value="2019:12:02 14:14:00"/>
          <property name="System/FileSize" value="78953"/>
        </meta>
      </photo>
    </camera>
    <camera camera_id="57">
      <photo path="../../../616/58_YukihiroIwayama.jpg">
        <meta>
          <property name="File/ImageHeight" value="616"/>
          <property name="File/ImageWidth" value="820"/>
          <property name="System/FileModifyDate" value="2019:12:02 14:14:00"/>
          <property name="System/FileSize" value="93179"/>
        </meta>
      </photo>
    </camera>
    <camera camera_id="58">
      <photo path="../../../616/59_YukihiroIwayama.jpg">
        <meta>
          <property name="File/ImageHeight" value="616"/>
          <property name="File/ImageWidth" value="820"/>
          <property name="System/FileModifyDate" value="2019:12:02 14:14:01"/>
          <property name="System/FileSize" value="85467"/>
        </meta>
      </photo>
    </camera>
    <camera camera_id="59">
      <photo path="../../../616/60_YukihiroIwayama.jpg">
        <meta>
          <property name="File/ImageHeight" value="616"/>
          <property name="File/ImageWidth" value="820"/>
          <property name="System/FileModifyDate" value="2019:12:02 14:14:01"/>
          <property name="System/FileSize" value="88785"/>
        </meta>
      </photo>
    </camera>
    <camera camera_id="60">
      <photo path="../../../616/61_YukihiroIwayama.jpg">
        <meta>
          <property name="File/ImageHeight" value="616"/>
          <property name="File/ImageWidth" value="820"/>
          <property name="System/FileModifyDate" value="2019:12:02 14:14:01"/>
          <property name="System/FileSize" value="86753"/>
        </meta>
      </photo>
    </camera>
    <camera camera_id="61">
      <photo path="../../../616/62_YukihiroIwayama.jpg">
        <meta>
          <property name="File/ImageHeight" value="616"/>
          <property name="File/ImageWidth" value="820"/>
          <property name="System/FileModifyDate" value="2019:12:02 14:14:02"/>
          <property name="System/FileSize" value="80269"/>
        </meta>
      </photo>
    </camera>
    <camera camera_id="62">
      <photo path="../../../616/63_YukihiroIwayama.jpg">
        <meta>
          <property name="File/ImageHeight" value="616"/>
          <property name="File/ImageWidth" value="820"/>
          <property name="System/FileModifyDate" value="2019:12:02 14:14:02"/>
          <property name="System/FileSize" value="92222"/>
        </meta>
      </photo>
    </camera>
    <camera camera_id="63">
      <photo path="../../../616/64_YukihiroIwayama.jpg">
        <meta>
          <property name="File/ImageHeight" value="616"/>
          <property name="File/ImageWidth" value="820"/>
          <property name="System/FileModifyDate" value="2019:12:02 14:14:02"/>
          <property name="System/FileSize" value="79720"/>
        </meta>
      </photo>
    </camera>
    <camera camera_id="64">
      <photo path="../../../616/65_YukihiroIwayama.jpg">
        <meta>
          <property name="File/ImageHeight" value="616"/>
          <property name="File/ImageWidth" value="820"/>
          <property name="System/FileModifyDate" value="2019:12:02 14:14:02"/>
          <property name="System/FileSize" value="97171"/>
        </meta>
      </photo>
    </camera>
    <camera camera_id="65">
      <photo path="../../../616/66_YukihiroIwayama.jpg">
        <meta>
          <property name="File/ImageHeight" value="616"/>
          <property name="File/ImageWidth" value="820"/>
          <property name="System/FileModifyDate" value="2019:12:02 14:14:03"/>
          <property name="System/FileSize" value="103439"/>
        </meta>
      </photo>
    </camera>
    <camera camera_id="66">
      <photo path="../../../616/67_YukihiroIwayama.jpg">
        <meta>
          <property name="File/ImageHeight" value="616"/>
          <property name="File/ImageWidth" value="820"/>
          <property name="System/FileModifyDate" value="2019:12:02 14:14:03"/>
          <property name="System/FileSize" value="101006"/>
        </meta>
      </photo>
    </camera>
    <camera camera_id="67">
      <photo path="../../../616/68_YukihiroIwayama.jpg">
        <meta>
          <property name="File/ImageHeight" value="616"/>
          <property name="File/ImageWidth" value="820"/>
          <property name="System/FileModifyDate" value="2019:12:02 14:14:03"/>
          <property name="System/FileSize" value="94967"/>
        </meta>
      </photo>
    </camera>
    <camera camera_id="68">
      <photo path="../../../616/69_YukihiroIwayama.jpg">
        <meta>
          <property name="File/ImageHeight" value="616"/>
          <property name="File/ImageWidth" value="820"/>
          <property name="System/FileModifyDate" value="2019:12:02 14:14:03"/>
          <property name="System/FileSize" value="103975"/>
        </meta>
      </photo>
    </camera>
    <camera camera_id="69">
      <photo path="../../../616/70_YukihiroIwayama.jpg">
        <meta>
          <property name="File/ImageHeight" value="616"/>
          <property name="File/ImageWidth" value="820"/>
          <property name="System/FileModifyDate" value="2019:12:02 14:14:04"/>
          <property name="System/FileSize" value="107861"/>
        </meta>
      </photo>
    </camera>
    <camera camera_id="70">
      <photo path="../../../616/71_YukihiroIwayama.jpg">
        <meta>
          <property name="File/ImageHeight" value="616"/>
          <property name="File/ImageWidth" value="820"/>
          <property name="System/FileModifyDate" value="2019:12:02 14:14:04"/>
          <property name="System/FileSize" value="100214"/>
        </meta>
      </photo>
    </camera>
    <camera camera_id="71">
      <photo path="../../../616/72_YukihiroIwayama.jpg">
        <meta>
          <property name="File/ImageHeight" value="616"/>
          <property name="File/ImageWidth" value="820"/>
          <property name="System/FileModifyDate" value="2019:12:02 14:14:04"/>
          <property name="System/FileSize" value="88033"/>
        </meta>
      </photo>
    </camera>
    <camera camera_id="72">
      <photo path="../../../616/73_YukihiroIwayama.jpg">
        <meta>
          <property name="File/ImageHeight" value="616"/>
          <property name="File/ImageWidth" value="820"/>
          <property name="System/FileModifyDate" value="2019:12:02 14:14:05"/>
          <property name="System/FileSize" value="108559"/>
        </meta>
      </photo>
    </camera>
    <camera camera_id="73">
      <photo path="../../../616/74_YukihiroIwayama.jpg">
        <meta>
          <property name="File/ImageHeight" value="616"/>
          <property name="File/ImageWidth" value="820"/>
          <property name="System/FileModifyDate" value="2019:12:02 14:14:05"/>
          <property name="System/FileSize" value="107620"/>
        </meta>
      </photo>
    </camera>
    <camera camera_id="74">
      <photo path="../../../616/75_YukihiroIwayama.jpg">
        <meta>
          <property name="File/ImageHeight" value="616"/>
          <property name="File/ImageWidth" value="820"/>
          <property name="System/FileModifyDate" value="2019:12:02 14:14:05"/>
          <property name="System/FileSize" value="102543"/>
        </meta>
      </photo>
    </camera>
    <camera camera_id="75">
      <photo path="../../../616/76_YukihiroIwayama.jpg">
        <meta>
          <property name="File/ImageHeight" value="616"/>
          <property name="File/ImageWidth" value="820"/>
          <property name="System/FileModifyDate" value="2019:12:02 14:14:05"/>
          <property name="System/FileSize" value="109364"/>
        </meta>
      </photo>
    </camera>
    <camera camera_id="76">
      <photo path="../../../616/77_YukihiroIwayama.jpg">
        <meta>
          <property name="File/ImageHeight" value="616"/>
          <property name="File/ImageWidth" value="820"/>
          <property name="System/FileModifyDate" value="2019:12:02 14:14:05"/>
          <property name="System/FileSize" value="102897"/>
        </meta>
      </photo>
    </camera>
    <camera camera_id="77">
      <photo path="../../../616/78_YukihiroIwayama.jpg">
        <meta>
          <property name="File/ImageHeight" value="616"/>
          <property name="File/ImageWidth" value="820"/>
          <property name="System/FileModifyDate" value="2019:12:02 14:14:06"/>
          <property name="System/FileSize" value="97078"/>
        </meta>
      </photo>
    </camera>
    <camera camera_id="78">
      <photo path="../../../616/79_YukihiroIwayama.jpg">
        <meta>
          <property name="File/ImageHeight" value="616"/>
          <property name="File/ImageWidth" value="820"/>
          <property name="System/FileModifyDate" value="2019:12:02 14:14:06"/>
          <property name="System/FileSize" value="109640"/>
        </meta>
      </photo>
    </camera>
    <camera camera_id="79">
      <photo path="../../../616/80_YukihiroIwayama.jpg">
        <meta>
          <property name="File/ImageHeight" value="616"/>
          <property name="File/ImageWidth" value="820"/>
          <property name="System/FileModifyDate" value="2019:12:02 14:14:06"/>
          <property name="System/FileSize" value="103153"/>
        </meta>
      </photo>
    </camera>
    <camera camera_id="80">
      <photo path="../../../616/81_YukihiroIwayama.jpg">
        <meta>
          <property name="File/ImageHeight" value="616"/>
          <property name="File/ImageWidth" value="820"/>
          <property name="System/FileModifyDate" value="2019:12:02 14:14:07"/>
          <property name="System/FileSize" value="87891"/>
        </meta>
      </photo>
    </camera>
    <camera camera_id="81">
      <photo path="../../../616/82_YukihiroIwayama.jpg">
        <meta>
          <property name="File/ImageHeight" value="616"/>
          <property name="File/ImageWidth" value="820"/>
          <property name="System/FileModifyDate" value="2019:12:02 14:14:07"/>
          <property name="System/FileSize" value="77158"/>
        </meta>
      </photo>
    </camera>
    <camera camera_id="82">
      <photo path="../../../616/83_YukihiroIwayama.jpg">
        <meta>
          <property name="File/ImageHeight" value="616"/>
          <property name="File/ImageWidth" value="820"/>
          <property name="System/FileModifyDate" value="2019:12:02 14:14:07"/>
          <property name="System/FileSize" value="60479"/>
        </meta>
      </photo>
    </camera>
    <camera camera_id="83">
      <photo path="../../../616/84_YukihiroIwayama.jpg">
        <meta>
          <property name="File/ImageHeight" value="616"/>
          <property name="File/ImageWidth" value="820"/>
          <property name="System/FileModifyDate" value="2019:12:02 14:14:07"/>
          <property name="System/FileSize" value="65652"/>
        </meta>
      </photo>
    </camera>
    <camera camera_id="84">
      <photo path="../../../616/85_YukihiroIwayama.jpg">
        <meta>
          <property name="File/ImageHeight" value="616"/>
          <property name="File/ImageWidth" value="820"/>
          <property name="System/FileModifyDate" value="2019:12:02 14:14:08"/>
          <property name="System/FileSize" value="62790"/>
        </meta>
      </photo>
    </camera>
    <camera camera_id="85">
      <photo path="../../../616/86_YukihiroIwayama.jpg">
        <meta>
          <property name="File/ImageHeight" value="616"/>
          <property name="File/ImageWidth" value="820"/>
          <property name="System/FileModifyDate" value="2019:12:02 14:14:08"/>
          <property name="System/FileSize" value="62513"/>
        </meta>
      </photo>
    </camera>
    <camera camera_id="86">
      <photo path="../../../616/87_YukihiroIwayama.jpg">
        <meta>
          <property name="File/ImageHeight" value="616"/>
          <property name="File/ImageWidth" value="820"/>
          <property name="System/FileModifyDate" value="2019:12:02 14:14:08"/>
          <property name="System/FileSize" value="88102"/>
        </meta>
      </photo>
    </camera>
    <camera camera_id="87">
      <photo path="../../../616/88_YukihiroIwayama.jpg">
        <meta>
          <property name="File/ImageHeight" value="616"/>
          <property name="File/ImageWidth" value="820"/>
          <property name="System/FileModifyDate" value="2019:12:02 14:14:08"/>
          <property name="System/FileSize" value="74794"/>
        </meta>
      </photo>
    </camera>
  </cameras>
  <thumbnails path="thumbnails/thumbnails.zip"/>
  <point_cloud path="point_cloud/point_cloud.zip"/>
</frame>
