<?xml version="1.0" encoding="UTF-8"?>
<point_cloud version="1.2.0">
  <params>
    <dataType>uint8</dataType>
    <bands>
      <band label="Red"/>
      <band label="Green"/>
      <band label="Blue"/>
    </bands>
  </params>
  <tracks path="tracks.ply" count="45540"/>
  <points path="points.ply" count="41713"/>
  <projections camera_id="40" path="p40.ply" count="307"/>
  <projections camera_id="41" path="p41.ply" count="342"/>
  <projections camera_id="42" path="p42.ply" count="297"/>
  <projections camera_id="43" path="p43.ply" count="329"/>
  <projections camera_id="44" path="p44.ply" count="345"/>
  <projections camera_id="45" path="p45.ply" count="318"/>
  <projections camera_id="46" path="p46.ply" count="212"/>
  <projections camera_id="47" path="p47.ply" count="226"/>
  <projections camera_id="48" path="p48.ply" count="485"/>
  <projections camera_id="49" path="p49.ply" count="548"/>
  <projections camera_id="60" path="p60.ply" count="5546"/>
  <projections camera_id="61" path="p61.ply" count="4994"/>
  <projections camera_id="62" path="p62.ply" count="4220"/>
  <projections camera_id="63" path="p63.ply" count="4232"/>
  <projections camera_id="64" path="p64.ply" count="4740"/>
  <projections camera_id="65" path="p65.ply" count="4643"/>
  <projections camera_id="66" path="p66.ply" count="3270"/>
  <projections camera_id="67" path="p67.ply" count="5374"/>
  <projections camera_id="68" path="p68.ply" count="5201"/>
  <projections camera_id="69" path="p69.ply" count="5718"/>
  <projections camera_id="70" path="p70.ply" count="5740"/>
  <projections camera_id="71" path="p71.ply" count="4983"/>
  <projections camera_id="72" path="p72.ply" count="4548"/>
  <projections camera_id="73" path="p73.ply" count="4072"/>
  <projections camera_id="74" path="p74.ply" count="4659"/>
  <projections camera_id="75" path="p75.ply" count="4563"/>
  <projections camera_id="76" path="p76.ply" count="3442"/>
  <projections camera_id="77" path="p77.ply" count="5317"/>
  <projections camera_id="78" path="p78.ply" count="5092"/>
  <projections camera_id="79" path="p79.ply" count="5805"/>
  <meta>
    <property name="Info/LastSavedDateTime" value="2019:12:22 03:32:37"/>
    <property name="Info/LastSavedSoftwareVersion" value="1.5.5.9097"/>
    <property name="Info/OriginalDateTime" value="2019:12:22 00:04:12"/>
    <property name="Info/OriginalSoftwareVersion" value="1.5.5.9097"/>
    <property name="MatchPhotos/downscale" value="0"/>
    <property name="MatchPhotos/duration" value="8.031"/>
    <property name="MatchPhotos/keypoint_limit" value="80000"/>
    <property name="MatchPhotos/max_workgroup_size" value="100"/>
    <property name="MatchPhotos/network_distribute" value="true"/>
    <property name="MatchPhotos/preselection_generic" value="true"/>
    <property name="MatchPhotos/reset_matches" value="true"/>
    <property name="MatchPhotos/store_keypoints" value="false"/>
    <property name="MatchPhotos/tiepoint_limit" value="8000"/>
    <property name="MatchPhotos/workitem_size_cameras" value="20"/>
    <property name="MatchPhotos/workitem_size_pairs" value="80"/>
  </meta>
</point_cloud>
