<?xml version="1.0" encoding="UTF-8"?>
<frame version="1.2.0">
  <cameras>
    <camera camera_id="0">
      <photo path="../../../Buffer_0/colorImage_cam1_0.png">
        <meta>
          <property name="File/ImageHeight" value="720"/>
          <property name="File/ImageWidth" value="1280"/>
          <property name="System/FileModifyDate" value="2019:12:19 18:22:31"/>
          <property name="System/FileSize" value="1307973"/>
        </meta>
      </photo>
    </camera>
    <camera camera_id="1">
      <photo path="../../../Buffer_0/colorImage_cam2_0.png">
        <meta>
          <property name="File/ImageHeight" value="720"/>
          <property name="File/ImageWidth" value="1280"/>
          <property name="System/FileModifyDate" value="2019:12:19 18:22:32"/>
          <property name="System/FileSize" value="1306792"/>
        </meta>
      </photo>
    </camera>
    <camera camera_id="2">
      <photo path="../../../Buffer_0/colorImage_cam3_0.png">
        <meta>
          <property name="File/ImageHeight" value="720"/>
          <property name="File/ImageWidth" value="1280"/>
          <property name="System/FileModifyDate" value="2019:12:19 18:22:31"/>
          <property name="System/FileSize" value="1342682"/>
        </meta>
      </photo>
    </camera>
    <camera camera_id="3">
      <photo path="../../../Buffer_0/colorImage_cam4_0.png">
        <meta>
          <property name="File/ImageHeight" value="720"/>
          <property name="File/ImageWidth" value="1280"/>
          <property name="System/FileModifyDate" value="2019:12:19 18:22:32"/>
          <property name="System/FileSize" value="1366187"/>
        </meta>
      </photo>
    </camera>
    <camera camera_id="4">
      <photo path="../../../Buffer_0/colorImage_cam5_0.png">
        <meta>
          <property name="File/ImageHeight" value="720"/>
          <property name="File/ImageWidth" value="1280"/>
          <property name="System/FileModifyDate" value="2019:12:19 18:22:32"/>
          <property name="System/FileSize" value="1391256"/>
        </meta>
      </photo>
    </camera>
    <camera camera_id="5">
      <photo path="../../../Buffer_0/colorImage_cam6_0.png">
        <meta>
          <property name="File/ImageHeight" value="720"/>
          <property name="File/ImageWidth" value="1280"/>
          <property name="System/FileModifyDate" value="2019:12:19 18:22:32"/>
          <property name="System/FileSize" value="1338694"/>
        </meta>
      </photo>
    </camera>
    <camera camera_id="6">
      <photo path="../../../Buffer_0/colorImage_cam7_0.png">
        <meta>
          <property name="File/ImageHeight" value="720"/>
          <property name="File/ImageWidth" value="1280"/>
          <property name="System/FileModifyDate" value="2019:12:19 18:22:31"/>
          <property name="System/FileSize" value="1327759"/>
        </meta>
      </photo>
    </camera>
    <camera camera_id="7">
      <photo path="../../../Buffer_0/colorImage_cam8_0.png">
        <meta>
          <property name="File/ImageHeight" value="720"/>
          <property name="File/ImageWidth" value="1280"/>
          <property name="System/FileModifyDate" value="2019:12:19 18:22:32"/>
          <property name="System/FileSize" value="1309721"/>
        </meta>
      </photo>
    </camera>
    <camera camera_id="8">
      <photo path="../../../Buffer_0/colorImage_cam9_0.png">
        <meta>
          <property name="File/ImageHeight" value="720"/>
          <property name="File/ImageWidth" value="1280"/>
          <property name="System/FileModifyDate" value="2019:12:19 18:22:32"/>
          <property name="System/FileSize" value="1361767"/>
        </meta>
      </photo>
    </camera>
    <camera camera_id="9">
      <photo path="../../../Buffer_0/colorImage_cam10_0.png">
        <meta>
          <property name="File/ImageHeight" value="720"/>
          <property name="File/ImageWidth" value="1280"/>
          <property name="System/FileModifyDate" value="2019:12:19 18:22:31"/>
          <property name="System/FileSize" value="1314053"/>
        </meta>
      </photo>
    </camera>
    <camera camera_id="20">
      <photo path="../../../Buffer_0/inferredImage1_cam1_0.png">
        <meta>
          <property name="File/ImageHeight" value="480"/>
          <property name="File/ImageWidth" value="640"/>
          <property name="System/FileModifyDate" value="2019:12:19 18:22:31"/>
          <property name="System/FileSize" value="111671"/>
        </meta>
      </photo>
    </camera>
    <camera camera_id="21">
      <photo path="../../../Buffer_0/inferredImage1_cam2_0.png">
        <meta>
          <property name="File/ImageHeight" value="480"/>
          <property name="File/ImageWidth" value="640"/>
          <property name="System/FileModifyDate" value="2019:12:19 18:22:32"/>
          <property name="System/FileSize" value="110312"/>
        </meta>
      </photo>
    </camera>
    <camera camera_id="22">
      <photo path="../../../Buffer_0/inferredImage1_cam3_0.png">
        <meta>
          <property name="File/ImageHeight" value="480"/>
          <property name="File/ImageWidth" value="640"/>
          <property name="System/FileModifyDate" value="2019:12:19 18:22:31"/>
          <property name="System/FileSize" value="114493"/>
        </meta>
      </photo>
    </camera>
    <camera camera_id="23">
      <photo path="../../../Buffer_0/inferredImage1_cam4_0.png">
        <meta>
          <property name="File/ImageHeight" value="480"/>
          <property name="File/ImageWidth" value="640"/>
          <property name="System/FileModifyDate" value="2019:12:19 18:22:32"/>
          <property name="System/FileSize" value="115082"/>
        </meta>
      </photo>
    </camera>
    <camera camera_id="24">
      <photo path="../../../Buffer_0/inferredImage1_cam5_0.png">
        <meta>
          <property name="File/ImageHeight" value="480"/>
          <property name="File/ImageWidth" value="640"/>
          <property name="System/FileModifyDate" value="2019:12:19 18:22:32"/>
          <property name="System/FileSize" value="110910"/>
        </meta>
      </photo>
    </camera>
    <camera camera_id="25">
      <photo path="../../../Buffer_0/inferredImage1_cam6_0.png">
        <meta>
          <property name="File/ImageHeight" value="480"/>
          <property name="File/ImageWidth" value="640"/>
          <property name="System/FileModifyDate" value="2019:12:19 18:22:32"/>
          <property name="System/FileSize" value="111543"/>
        </meta>
      </photo>
    </camera>
    <camera camera_id="26">
      <photo path="../../../Buffer_0/inferredImage1_cam7_0.png">
        <meta>
          <property name="File/ImageHeight" value="480"/>
          <property name="File/ImageWidth" value="640"/>
          <property name="System/FileModifyDate" value="2019:12:19 18:22:31"/>
          <property name="System/FileSize" value="110670"/>
        </meta>
      </photo>
    </camera>
    <camera camera_id="27">
      <photo path="../../../Buffer_0/inferredImage1_cam8_0.png">
        <meta>
          <property name="File/ImageHeight" value="480"/>
          <property name="File/ImageWidth" value="640"/>
          <property name="System/FileModifyDate" value="2019:12:19 18:22:32"/>
          <property name="System/FileSize" value="100122"/>
        </meta>
      </photo>
    </camera>
    <camera camera_id="28">
      <photo path="../../../Buffer_0/inferredImage1_cam9_0.png">
        <meta>
          <property name="File/ImageHeight" value="480"/>
          <property name="File/ImageWidth" value="640"/>
          <property name="System/FileModifyDate" value="2019:12:19 18:22:32"/>
          <property name="System/FileSize" value="104795"/>
        </meta>
      </photo>
    </camera>
    <camera camera_id="29">
      <photo path="../../../Buffer_0/inferredImage1_cam10_0.png">
        <meta>
          <property name="File/ImageHeight" value="480"/>
          <property name="File/ImageWidth" value="640"/>
          <property name="System/FileModifyDate" value="2019:12:19 18:22:31"/>
          <property name="System/FileSize" value="112589"/>
        </meta>
      </photo>
    </camera>
    <camera camera_id="30">
      <photo path="../../../Buffer_0/inferredImage2_cam1_0.png">
        <meta>
          <property name="File/ImageHeight" value="480"/>
          <property name="File/ImageWidth" value="640"/>
          <property name="System/FileModifyDate" value="2019:12:19 18:22:31"/>
          <property name="System/FileSize" value="111597"/>
        </meta>
      </photo>
    </camera>
    <camera camera_id="31">
      <photo path="../../../Buffer_0/inferredImage2_cam2_0.png">
        <meta>
          <property name="File/ImageHeight" value="480"/>
          <property name="File/ImageWidth" value="640"/>
          <property name="System/FileModifyDate" value="2019:12:19 18:22:32"/>
          <property name="System/FileSize" value="112192"/>
        </meta>
      </photo>
    </camera>
    <camera camera_id="32">
      <photo path="../../../Buffer_0/inferredImage2_cam3_0.png">
        <meta>
          <property name="File/ImageHeight" value="480"/>
          <property name="File/ImageWidth" value="640"/>
          <property name="System/FileModifyDate" value="2019:12:19 18:22:31"/>
          <property name="System/FileSize" value="118386"/>
        </meta>
      </photo>
    </camera>
    <camera camera_id="33">
      <photo path="../../../Buffer_0/inferredImage2_cam4_0.png">
        <meta>
          <property name="File/ImageHeight" value="480"/>
          <property name="File/ImageWidth" value="640"/>
          <property name="System/FileModifyDate" value="2019:12:19 18:22:32"/>
          <property name="System/FileSize" value="120595"/>
        </meta>
      </photo>
    </camera>
    <camera camera_id="34">
      <photo path="../../../Buffer_0/inferredImage2_cam5_0.png">
        <meta>
          <property name="File/ImageHeight" value="480"/>
          <property name="File/ImageWidth" value="640"/>
          <property name="System/FileModifyDate" value="2019:12:19 18:22:32"/>
          <property name="System/FileSize" value="111975"/>
        </meta>
      </photo>
    </camera>
    <camera camera_id="35">
      <photo path="../../../Buffer_0/inferredImage2_cam6_0.png">
        <meta>
          <property name="File/ImageHeight" value="480"/>
          <property name="File/ImageWidth" value="640"/>
          <property name="System/FileModifyDate" value="2019:12:19 18:22:32"/>
          <property name="System/FileSize" value="112039"/>
        </meta>
      </photo>
    </camera>
    <camera camera_id="36">
      <photo path="../../../Buffer_0/inferredImage2_cam7_0.png">
        <meta>
          <property name="File/ImageHeight" value="480"/>
          <property name="File/ImageWidth" value="640"/>
          <property name="System/FileModifyDate" value="2019:12:19 18:22:31"/>
          <property name="System/FileSize" value="109194"/>
        </meta>
      </photo>
    </camera>
    <camera camera_id="37">
      <photo path="../../../Buffer_0/inferredImage2_cam8_0.png">
        <meta>
          <property name="File/ImageHeight" value="480"/>
          <property name="File/ImageWidth" value="640"/>
          <property name="System/FileModifyDate" value="2019:12:19 18:22:32"/>
          <property name="System/FileSize" value="98875"/>
        </meta>
      </photo>
    </camera>
    <camera camera_id="38">
      <photo path="../../../Buffer_0/inferredImage2_cam9_0.png">
        <meta>
          <property name="File/ImageHeight" value="480"/>
          <property name="File/ImageWidth" value="640"/>
          <property name="System/FileModifyDate" value="2019:12:19 18:22:32"/>
          <property name="System/FileSize" value="106943"/>
        </meta>
      </photo>
    </camera>
    <camera camera_id="39">
      <photo path="../../../Buffer_0/inferredImage2_cam10_0.png">
        <meta>
          <property name="File/ImageHeight" value="480"/>
          <property name="File/ImageWidth" value="640"/>
          <property name="System/FileModifyDate" value="2019:12:19 18:22:31"/>
          <property name="System/FileSize" value="115520"/>
        </meta>
      </photo>
    </camera>
  </cameras>
  <markers>
    <marker marker_id="0">
      <location camera_id="3" pinned="true" x="322.614" y="61.6761"/>
      <location camera_id="23" pinned="true" x="90.0932" y="41.8051"/>
      <location camera_id="33" pinned="true" x="78.3413" y="42.3413"/>
    </marker>
    <marker marker_id="1">
      <location camera_id="3" pinned="true" x="68.0517" y="139.021"/>
      <location camera_id="4" pinned="true" x="580.234" y="42.5"/>
      <location camera_id="5" pinned="true" x="907.355" y="77.4157"/>
      <location camera_id="25" pinned="true" x="498.425" y="49.1716"/>
      <location camera_id="35" pinned="true" x="486.063" y="49.4531"/>
    </marker>
    <marker marker_id="2">
      <location camera_id="3" pinned="true" x="325.899" y="165.262"/>
      <location camera_id="23" pinned="true" x="92.25" y="111.297"/>
      <location camera_id="33" pinned="true" x="80.2015" y="111.545"/>
    </marker>
    <marker marker_id="3">
      <location camera_id="3" pinned="true" x="74.8389" y="279.613"/>
      <location camera_id="4" pinned="true" x="580.531" y="156.14"/>
      <location camera_id="5" pinned="true" x="904.843" y="194.731"/>
      <location camera_id="24" pinned="true" x="276.5" y="94.5"/>
      <location camera_id="25" pinned="true" x="497" y="127.864"/>
      <location camera_id="34" pinned="true" x="264.875" y="94.9861"/>
      <location camera_id="35" pinned="true" x="484.794" y="127.897"/>
    </marker>
    <marker marker_id="4">
      <location camera_id="5" pinned="true" x="1022.81" y="180.986"/>
      <location camera_id="25" pinned="true" x="575.006" y="118.938"/>
      <location camera_id="35" pinned="true" x="561.618" y="119.22"/>
    </marker>
    <marker marker_id="5">
      <location camera_id="3" pinned="true" x="331.483" y="284.916"/>
      <location camera_id="5" pinned="true" x="1152.34" y="168.266"/>
      <location camera_id="23" pinned="true" x="95.6667" y="191.611"/>
      <location camera_id="33" pinned="true" x="83.6507" y="191.801"/>
    </marker>
    <marker marker_id="6">
      <location camera_id="3" pinned="true" x="81.7811" y="502.788"/>
      <location camera_id="4" pinned="true" x="583.372" y="326.5"/>
      <location camera_id="5" pinned="true" x="910.518" y="375.678"/>
      <location camera_id="24" pinned="true" x="278.375" y="211.469"/>
      <location camera_id="25" pinned="true" x="500.903" y="249.387"/>
      <location camera_id="34" pinned="true" x="267.242" y="211.758"/>
      <location camera_id="35" pinned="true" x="488.943" y="249.451"/>
    </marker>
    <marker marker_id="7">
      <location camera_id="4" pinned="true" x="690.153" y="327.549"/>
      <location camera_id="5" pinned="true" x="1030.77" y="382.179"/>
      <location camera_id="24" pinned="true" x="352.242" y="212.242"/>
      <location camera_id="25" pinned="true" x="580.237" y="253.712"/>
      <location camera_id="34" pinned="true" x="340.855" y="212.484"/>
      <location camera_id="35" pinned="true" x="567.256" y="253.829"/>
    </marker>
    <marker marker_id="8">
      <location camera_id="3" pinned="true" x="346.118" y="472.371"/>
      <location camera_id="5" pinned="true" x="1169.63" y="391.568"/>
      <location camera_id="23" pinned="true" x="105.746" y="317.977"/>
      <location camera_id="33" pinned="true" x="93.8833" y="317.95"/>
      <location camera_id="34" pinned="true" x="414.738" y="214.31"/>
    </marker>
    <marker marker_id="9">
      <location camera_id="6" pinned="true" x="969.915" y="45.6136"/>
      <location camera_id="26" pinned="true" x="543.69" y="29.2778"/>
      <location camera_id="36" pinned="true" x="531.53" y="28.9328"/>
    </marker>
    <marker marker_id="10">
      <location camera_id="5" pinned="true" x="518.193" y="99.1325"/>
      <location camera_id="6" pinned="true" x="968.121" y="148.088"/>
      <location camera_id="25" pinned="true" x="237.348" y="62.4394"/>
      <location camera_id="26" pinned="true" x="542.608" y="97.3923"/>
      <location camera_id="35" pinned="true" x="225.59" y="62.4104"/>
      <location camera_id="36" pinned="true" x="530.306" y="97.4254"/>
    </marker>
    <marker marker_id="11">
      <location camera_id="6" pinned="true" x="1092.47" y="129.213"/>
      <location camera_id="25" pinned="true" x="311.091" y="61.7879"/>
      <location camera_id="35" pinned="true" x="299.662" y="61.9706"/>
      <location camera_id="36" pinned="true" x="611.94" y="84.511"/>
    </marker>
    <marker marker_id="12">
      <location camera_id="4" pinned="true" x="169.615" y="128.984"/>
      <location camera_id="5" pinned="true" x="523.886" y="208.487"/>
      <location camera_id="6" pinned="true" x="970.539" y="264.163"/>
      <location camera_id="25" pinned="true" x="240.471" y="135.559"/>
      <location camera_id="26" pinned="true" x="544.472" y="174.824"/>
      <location camera_id="35" pinned="true" x="229.201" y="135.709"/>
      <location camera_id="36" pinned="true" x="532.127" y="174.799"/>
    </marker>
    <marker marker_id="13">
      <location camera_id="5" pinned="true" x="630.579" y="206.811"/>
      <location camera_id="6" pinned="true" x="1093.25" y="256.112"/>
      <location camera_id="24" pinned="true" x="86.57" y="83.88"/>
      <location camera_id="25" pinned="true" x="312.685" y="134.5"/>
      <location camera_id="35" pinned="true" x="301.5" y="134.685"/>
    </marker>
    <marker marker_id="14">
      <location camera_id="4" pinned="true" x="420.888" y="148.776"/>
      <location camera_id="5" pinned="true" x="741.425" y="204.219"/>
      <location camera_id="24" pinned="true" x="166.986" y="90.0429"/>
      <location camera_id="25" pinned="true" x="387.69" y="133.121"/>
      <location camera_id="34" pinned="true" x="154.554" y="90.3378"/>
      <location camera_id="35" pinned="true" x="376.453" y="133.266"/>
    </marker>
    <marker marker_id="15">
      <location camera_id="4" pinned="true" x="180.563" y="346.22"/>
      <location camera_id="5" pinned="true" x="527.28" y="377.453"/>
      <location camera_id="6" pinned="true" x="967.729" y="449.413"/>
      <location camera_id="25" pinned="true" x="242.439" y="250.409"/>
      <location camera_id="26" pinned="true" x="542.592" y="298.515"/>
      <location camera_id="35" pinned="true" x="231.344" y="250.438"/>
      <location camera_id="36" pinned="true" x="530.328" y="298.594"/>
    </marker>
    <marker marker_id="16">
      <location camera_id="24" pinned="true" x="94.2976" y="219.107"/>
      <location camera_id="25" pinned="true" x="316.5" y="248.817"/>
      <location camera_id="34" pinned="true" x="81.3506" y="219.351"/>
      <location camera_id="35" pinned="true" x="305.194" y="248.871"/>
    </marker>
    <marker marker_id="17">
      <location camera_id="4" pinned="true" x="426.403" y="331.969"/>
      <location camera_id="5" pinned="true" x="745.193" y="374.4"/>
      <location camera_id="24" pinned="true" x="170.631" y="215.484"/>
      <location camera_id="25" pinned="true" x="390.432" y="248.381"/>
      <location camera_id="34" pinned="true" x="158.766" y="215.625"/>
      <location camera_id="35" pinned="true" x="379.294" y="248.516"/>
    </marker>
    <marker marker_id="18">
      <location camera_id="6" pinned="true" x="571.994" y="78.2405"/>
      <location camera_id="7" pinned="true" x="884.377" y="122.3"/>
      <location camera_id="26" pinned="true" x="278.816" y="50.2719"/>
      <location camera_id="36" pinned="true" x="267.465" y="50.1667"/>
    </marker>
    <marker marker_id="19">
      <location camera_id="6" pinned="true" x="675.833" y="75.1078"/>
      <location camera_id="7" pinned="true" x="992.521" y="94.0294"/>
      <location camera_id="26" pinned="true" x="348.202" y="48.114"/>
      <location camera_id="36" pinned="true" x="336.889" y="48.1111"/>
    </marker>
    <marker marker_id="20">
      <location camera_id="6" pinned="true" x="785.5" y="73"/>
      <location camera_id="7" pinned="true" x="1125.55" y="62.8596"/>
      <location camera_id="26" pinned="true" x="421.432" y="46.9746"/>
      <location camera_id="36" pinned="true" x="410" y="47"/>
    </marker>
    <marker marker_id="21">
      <location camera_id="5" pinned="true" x="82.2508" y="58.3179"/>
      <location camera_id="6" pinned="true" x="572.897" y="172.421"/>
      <location camera_id="7" pinned="true" x="884.66" y="220.8"/>
      <location camera_id="26" pinned="true" x="279.064" y="112.827"/>
      <location camera_id="27" pinned="true" x="469.923" y="146.404"/>
      <location camera_id="36" pinned="true" x="268" y="112.786"/>
    </marker>
    <marker marker_id="22">
      <location camera_id="7" pinned="true" x="994.42" y="201.716"/>
      <location camera_id="26" pinned="true" x="348.266" y="111.547"/>
      <location camera_id="27" pinned="true" x="541.5" y="134.5"/>
      <location camera_id="36" pinned="true" x="336.817" y="111.5"/>
      <location camera_id="37" pinned="true" x="528.556" y="134.931"/>
    </marker>
    <marker marker_id="23">
      <location camera_id="5" pinned="true" x="340.31" y="93.7356"/>
      <location camera_id="6" pinned="true" x="785.175" y="170.31"/>
      <location camera_id="7" pinned="true" x="1131.37" y="181.436"/>
      <location camera_id="25" pinned="true" x="117.403" y="58.9583"/>
      <location camera_id="26" pinned="true" x="421.5" y="111.685"/>
      <location camera_id="35" pinned="true" x="104.764" y="59.0139"/>
      <location camera_id="36" pinned="true" x="410.242" y="111.758"/>
    </marker>
    <marker marker_id="24">
      <location camera_id="27" pinned="true" x="544.878" y="214"/>
      <location camera_id="37" pinned="true" x="532" y="214.257"/>
    </marker>
    <marker marker_id="25">
      <location camera_id="5" pinned="true" x="346.853" y="210.135"/>
      <location camera_id="6" pinned="true" x="786.949" y="275.731"/>
      <location camera_id="7" pinned="true" x="1140.69" y="313.268"/>
      <location camera_id="25" pinned="true" x="121.162" y="137.068"/>
      <location camera_id="26" pinned="true" x="422.795" y="182.303"/>
      <location camera_id="35" pinned="true" x="108.681" y="137.097"/>
      <location camera_id="36" pinned="true" x="411.677" y="182.194"/>
    </marker>
    <marker marker_id="26">
      <location camera_id="5" pinned="true" x="88.3523" y="413.53"/>
      <location camera_id="6" pinned="true" x="561.379" y="438.305"/>
      <location camera_id="7" pinned="true" x="877.456" y="504.386"/>
      <location camera_id="26" pinned="true" x="271" y="292"/>
      <location camera_id="36" pinned="true" x="259.833" y="291.939"/>
    </marker>
    <marker marker_id="27">
      <location camera_id="25" pinned="true" x="47.6075" y="263.608"/>
      <location camera_id="26" pinned="true" x="347.918" y="291.973"/>
      <location camera_id="35" pinned="true" x="34.328" y="263.597"/>
    </marker>
    <marker marker_id="28">
      <location camera_id="5" pinned="true" x="361.575" y="384.858"/>
      <location camera_id="6" pinned="true" x="791.551" y="438.583"/>
      <location camera_id="7" pinned="true" x="1150.22" y="522.399"/>
      <location camera_id="25" pinned="true" x="130.731" y="255.069"/>
      <location camera_id="26" pinned="true" x="425.87" y="291.852"/>
      <location camera_id="35" pinned="true" x="118.455" y="255.052"/>
      <location camera_id="36" pinned="true" x="414.57" y="292.026"/>
    </marker>
    <marker marker_id="29">
      <location camera_id="8" pinned="true" x="951.5" y="125"/>
      <location camera_id="28" pinned="true" x="538.105" y="84.4259"/>
      <location camera_id="38" pinned="true" x="525.357" y="84.513"/>
    </marker>
    <marker marker_id="30">
      <location camera_id="8" pinned="true" x="1152.24" y="124.453"/>
    </marker>
    <marker marker_id="31">
      <location camera_id="0" pinned="true" x="1006.36" y="56.2235"/>
      <location camera_id="7" pinned="true" x="497.12" y="148.833"/>
      <location camera_id="8" pinned="true" x="929.081" y="263.44"/>
      <location camera_id="27" pinned="true" x="210.934" y="96.9528"/>
      <location camera_id="28" pinned="true" x="523.206" y="179.103"/>
      <location camera_id="30" pinned="true" x="542" y="25.5"/>
      <location camera_id="37" pinned="true" x="199.971" y="97.0686"/>
      <location camera_id="38" pinned="true" x="510.933" y="179.142"/>
    </marker>
    <marker marker_id="32">
      <location camera_id="7" pinned="true" x="598.044" y="149.813"/>
      <location camera_id="8" pinned="true" x="1040.36" y="276.056"/>
      <location camera_id="28" pinned="true" x="598.372" y="187.885"/>
      <location camera_id="38" pinned="true" x="585" y="187.89"/>
    </marker>
    <marker marker_id="33">
      <location camera_id="6" pinned="true" x="388.898" y="64.0181"/>
      <location camera_id="7" pinned="true" x="705.955" y="149.279"/>
      <location camera_id="8" pinned="true" x="1181.68" y="292.614"/>
      <location camera_id="26" pinned="true" x="156.661" y="41.4194"/>
      <location camera_id="36" pinned="true" x="144.75" y="41.4375"/>
    </marker>
    <marker marker_id="34">
      <location camera_id="0" pinned="true" x="1000.85" y="153.415"/>
      <location camera_id="6" pinned="true" x="142.957" y="121.418"/>
      <location camera_id="7" pinned="true" x="497.945" y="235.938"/>
      <location camera_id="8" pinned="true" x="917.959" y="357.481"/>
      <location camera_id="20" pinned="true" x="550.647" y="92.2067"/>
      <location camera_id="27" pinned="true" x="210.889" y="155.111"/>
      <location camera_id="28" pinned="true" x="515.651" y="243.439"/>
      <location camera_id="30" pinned="true" x="538.287" y="92.1933"/>
      <location camera_id="37" pinned="true" x="200" y="155.5"/>
      <location camera_id="38" pinned="true" x="503.652" y="243.439"/>
    </marker>
    <marker marker_id="35">
      <location camera_id="0" pinned="true" x="1119.51" y="139.734"/>
      <location camera_id="7" pinned="true" x="599.282" y="237.044"/>
      <location camera_id="8" pinned="true" x="1029.13" y="376.872"/>
      <location camera_id="26" pinned="true" x="77.0747" y="93.2586"/>
      <location camera_id="27" pinned="true" x="279.125" y="155.875"/>
      <location camera_id="28" pinned="true" x="590.864" y="256.747"/>
      <location camera_id="36" pinned="true" x="64.0455" y="93.3068"/>
      <location camera_id="37" pinned="true" x="268.25" y="156.071"/>
      <location camera_id="38" pinned="true" x="577.611" y="256.736"/>
    </marker>
    <marker marker_id="36">
      <location camera_id="6" pinned="true" x="390.185" y="158.276"/>
      <location camera_id="7" pinned="true" x="707.563" y="234.563"/>
      <location camera_id="8" pinned="true" x="1166.01" y="402.151"/>
      <location camera_id="26" pinned="true" x="157.048" y="103.871"/>
      <location camera_id="27" pinned="true" x="352.212" y="154.788"/>
      <location camera_id="36" pinned="true" x="145.223" y="103.9"/>
      <location camera_id="37" pinned="true" x="341.385" y="154.942"/>
    </marker>
    <marker marker_id="37">
      <location camera_id="0" pinned="true" x="995.472" y="260.21"/>
      <location camera_id="6" pinned="true" x="146.96" y="246.263"/>
      <location camera_id="7" pinned="true" x="500" y="332.331"/>
      <location camera_id="8" pinned="true" x="907.493" y="457.282"/>
      <location camera_id="20" pinned="true" x="547.105" y="165.237"/>
      <location camera_id="27" pinned="true" x="211.827" y="220.064"/>
      <location camera_id="28" pinned="true" x="508.676" y="311.892"/>
      <location camera_id="30" pinned="true" x="534.635" y="165.203"/>
    </marker>
    <marker marker_id="38">
      <location camera_id="6" pinned="true" x="389.801" y="262.114"/>
      <location camera_id="7" pinned="true" x="707.109" y="329.54"/>
      <location camera_id="8" pinned="true" x="1145.08" y="517.616"/>
      <location camera_id="26" pinned="true" x="156.357" y="173.214"/>
      <location camera_id="36" pinned="true" x="144.415" y="173.246"/>
    </marker>
    <marker marker_id="39">
      <location camera_id="0" pinned="true" x="991.534" y="448.206"/>
      <location camera_id="6" pinned="true" x="148.584" y="467.584"/>
      <location camera_id="7" pinned="true" x="503.029" y="505.309"/>
      <location camera_id="8" pinned="true" x="895.713" y="621.642"/>
      <location camera_id="20" pinned="true" x="544.655" y="293.793"/>
      <location camera_id="30" pinned="true" x="532.1" y="293.75"/>
    </marker>
    <marker marker_id="40">
      <location camera_id="0" pinned="true" x="1113.97" y="462.472"/>
      <location camera_id="7" pinned="true" x="610.5" y="503.5"/>
      <location camera_id="8" pinned="true" x="1001.06" y="663.854"/>
      <location camera_id="26" pinned="true" x="85.1471" y="303.368"/>
    </marker>
    <marker marker_id="41">
      <location camera_id="6" pinned="true" x="394.86" y="445.945"/>
      <location camera_id="7" pinned="true" x="714.129" y="500.904"/>
      <location camera_id="26" pinned="true" x="159.904" y="296.658"/>
      <location camera_id="36" pinned="true" x="147.981" y="296.741"/>
    </marker>
    <marker marker_id="42">
      <location camera_id="8" pinned="true" x="545.657" y="117.781"/>
      <location camera_id="28" pinned="true" x="260.553" y="78.8467"/>
      <location camera_id="38" pinned="true" x="248.833" y="78.9533"/>
    </marker>
    <marker marker_id="43">
      <location camera_id="8" pinned="true" x="720.959" y="120.774"/>
      <location camera_id="28" pinned="true" x="380.919" y="80.9189"/>
      <location camera_id="38" pinned="true" x="369.275" y="81.0634"/>
    </marker>
    <marker marker_id="44">
      <location camera_id="0" pinned="true" x="711.458" y="70.4789"/>
      <location camera_id="1" pinned="true" x="1091.02" y="78.3515"/>
      <location camera_id="8" pinned="true" x="641.5" y="247.5"/>
      <location camera_id="9" pinned="true" x="1057.44" y="181.204"/>
      <location camera_id="20" pinned="true" x="352.838" y="35.2077"/>
      <location camera_id="28" pinned="true" x="326.652" y="167.561"/>
      <location camera_id="29" pinned="true" x="594.75" y="118.854"/>
      <location camera_id="30" pinned="true" x="341.5" y="35.2143"/>
      <location camera_id="31" pinned="true" x="610.053" y="45.1353"/>
      <location camera_id="38" pinned="true" x="315.234" y="167.625"/>
      <location camera_id="39" pinned="true" x="581.344" y="118.698"/>
    </marker>
    <marker marker_id="45">
      <location camera_id="0" pinned="true" x="817.791" y="73.1266"/>
      <location camera_id="7" pinned="true" x="314" y="125.5"/>
      <location camera_id="8" pinned="true" x="746.275" y="251.218"/>
      <location camera_id="9" pinned="true" x="1198.51" y="196.868"/>
      <location camera_id="20" pinned="true" x="425.694" y="37.3806"/>
      <location camera_id="27" pinned="true" x="88.0614" y="81.6754"/>
      <location camera_id="28" pinned="true" x="398.924" y="170.364"/>
      <location camera_id="30" pinned="true" x="414.397" y="37.2206"/>
      <location camera_id="37" pinned="true" x="76.1182" y="81.9364"/>
      <location camera_id="38" pinned="true" x="387.389" y="170.357"/>
    </marker>
    <marker marker_id="46">
      <location camera_id="0" pinned="true" x="598.608" y="153.959"/>
      <location camera_id="1" pinned="true" x="962.574" y="192.506"/>
      <location camera_id="8" pinned="true" x="530.068" y="326.315"/>
      <location camera_id="9" pinned="true" x="920.917" y="260.375"/>
      <location camera_id="20" pinned="true" x="275.542" y="92.3732"/>
      <location camera_id="21" pinned="true" x="536.611" y="122.764"/>
      <location camera_id="28" pinned="true" x="249.672" y="222.328"/>
      <location camera_id="29" pinned="true" x="503.848" y="172.065"/>
      <location camera_id="30" pinned="true" x="264.37" y="92.2826"/>
      <location camera_id="31" pinned="true" x="524.329" y="122.9"/>
      <location camera_id="38" pinned="true" x="238.608" y="222.3"/>
      <location camera_id="39" pinned="true" x="491.858" y="172.112"/>
    </marker>
    <marker marker_id="47">
      <location camera_id="0" pinned="true" x="706.129" y="157.601"/>
      <location camera_id="1" pinned="true" x="1085.91" y="179.466"/>
      <location camera_id="7" pinned="true" x="195.712" y="197.505"/>
      <location camera_id="8" pinned="true" x="636.564" y="331.086"/>
      <location camera_id="9" pinned="true" x="1038.59" y="281.744"/>
      <location camera_id="20" pinned="true" x="349.559" y="94.5294"/>
      <location camera_id="28" pinned="true" x="323.294" y="225.389"/>
      <location camera_id="29" pinned="true" x="582.089" y="186.833"/>
      <location camera_id="30" pinned="true" x="338.5" y="94.5"/>
      <location camera_id="31" pinned="true" x="605.952" y="114.077"/>
      <location camera_id="38" pinned="true" x="311.9" y="225.433"/>
      <location camera_id="39" pinned="true" x="568.878" y="186.778"/>
    </marker>
    <marker marker_id="48">
      <location camera_id="0" pinned="true" x="812.881" y="160.881"/>
      <location camera_id="7" pinned="true" x="311.893" y="217.685"/>
      <location camera_id="8" pinned="true" x="740.241" y="334.227"/>
      <location camera_id="9" pinned="true" x="1176.07" y="305.407"/>
      <location camera_id="20" pinned="true" x="422.717" y="97.0652"/>
      <location camera_id="27" pinned="true" x="86.0833" y="143.283"/>
      <location camera_id="28" pinned="true" x="394.9" y="227.433"/>
      <location camera_id="30" pinned="true" x="411.559" y="96.9853"/>
      <location camera_id="37" pinned="true" x="74.3889" y="143.563"/>
      <location camera_id="38" pinned="true" x="383.667" y="227.467"/>
    </marker>
    <marker marker_id="49">
      <location camera_id="0" pinned="true" x="596.685" y="252.758"/>
      <location camera_id="1" pinned="true" x="959.177" y="299.871"/>
      <location camera_id="8" pinned="true" x="529.585" y="420.138"/>
      <location camera_id="9" pinned="true" x="908.514" y="361.771"/>
      <location camera_id="20" pinned="true" x="274.394" y="160.227"/>
      <location camera_id="21" pinned="true" x="534.401" y="195.599"/>
      <location camera_id="28" pinned="true" x="249.573" y="287.155"/>
      <location camera_id="29" pinned="true" x="495.798" y="240.675"/>
      <location camera_id="31" pinned="true" x="522.111" y="195.806"/>
      <location camera_id="38" pinned="true" x="238.833" y="287.147"/>
      <location camera_id="39" pinned="true" x="484.161" y="240.585"/>
    </marker>
    <marker marker_id="50">
      <location camera_id="0" pinned="true" x="700.5" y="257.5"/>
      <location camera_id="1" pinned="true" x="1082.41" y="298.554"/>
      <location camera_id="7" pinned="true" x="188.477" y="317.121"/>
      <location camera_id="8" pinned="true" x="630.781" y="423.164"/>
      <location camera_id="9" pinned="true" x="1020.78" y="389.108"/>
      <location camera_id="20" pinned="true" x="346" y="163.145"/>
      <location camera_id="28" pinned="true" x="319.382" y="289.069"/>
      <location camera_id="29" pinned="true" x="570.22" y="259.18"/>
      <location camera_id="30" pinned="true" x="334.859" y="163.141"/>
      <location camera_id="31" pinned="true" x="603.4" y="194.844"/>
      <location camera_id="38" pinned="true" x="308.382" y="289.069"/>
      <location camera_id="39" pinned="true" x="557.528" y="259.014"/>
    </marker>
    <marker marker_id="51">
      <location camera_id="0" pinned="true" x="807.527" y="261.933"/>
      <location camera_id="1" pinned="true" x="1227.56" y="297.007"/>
      <location camera_id="7" pinned="true" x="311.111" y="326.751"/>
      <location camera_id="8" pinned="true" x="733.455" y="428.614"/>
      <location camera_id="9" pinned="true" x="1149.34" y="424.854"/>
      <location camera_id="20" pinned="true" x="419.561" y="166.348"/>
      <location camera_id="27" pinned="true" x="85" y="216.5"/>
      <location camera_id="28" pinned="true" x="390.115" y="292.75"/>
      <location camera_id="30" pinned="true" x="408.439" y="166.348"/>
      <location camera_id="37" pinned="true" x="73" y="216.5"/>
      <location camera_id="38" pinned="true" x="379.212" y="292.788"/>
    </marker>
    <marker marker_id="52">
      <location camera_id="0" pinned="true" x="802.169" y="426.136"/>
      <location camera_id="1" pinned="true" x="1219.21" y="515.854"/>
      <location camera_id="7" pinned="true" x="312.626" y="509.221"/>
      <location camera_id="8" pinned="true" x="725.476" y="577.956"/>
      <location camera_id="9" pinned="true" x="1110.44" y="603.698"/>
      <location camera_id="20" pinned="true" x="416.148" y="279.574"/>
      <location camera_id="30" pinned="true" x="405.025" y="279.432"/>
    </marker>
    <marker marker_id="53">
      <location camera_id="0" pinned="true" x="696.043" y="421.93"/>
      <location camera_id="1" pinned="true" x="1073.71" y="498.201"/>
      <location camera_id="8" pinned="true" x="626.13" y="574.665"/>
      <location camera_id="9" pinned="true" x="991.692" y="558.117"/>
      <location camera_id="30" pinned="true" x="332.111" y="276.889"/>
    </marker>
    <marker marker_id="54">
      <location camera_id="0" pinned="true" x="590.847" y="418.375"/>
      <location camera_id="1" pinned="true" x="952.489" y="483.274"/>
      <location camera_id="8" pinned="true" x="526.453" y="571.02"/>
      <location camera_id="9" pinned="true" x="889.318" y="517.97"/>
    </marker>
    <marker marker_id="55">
      <location camera_id="8" pinned="true" x="99.4757" y="84.5903"/>
    </marker>
    <marker marker_id="56">
      <location camera_id="8" pinned="true" x="320.308" y="100.163"/>
      <location camera_id="28" pinned="true" x="106.155" y="67.6724"/>
      <location camera_id="38" pinned="true" x="93.375" y="67.8636"/>
    </marker>
    <marker marker_id="57">
      <location camera_id="1" pinned="true" x="580.181" y="99.6064"/>
      <location camera_id="2" pinned="true" x="916.023" y="110.142"/>
      <location camera_id="8" pinned="true" x="108.566" y="240.305"/>
      <location camera_id="9" pinned="true" x="540.015" y="142.542"/>
      <location camera_id="21" pinned="true" x="277.398" y="58.5"/>
      <location camera_id="22" pinned="true" x="495.845" y="65.1897"/>
      <location camera_id="29" pinned="true" x="245.858" y="91.2015"/>
      <location camera_id="31" pinned="true" x="266.009" y="58.7105"/>
      <location camera_id="32" pinned="true" x="483.567" y="64.75"/>
      <location camera_id="39" pinned="true" x="234.384" y="91.0797"/>
    </marker>
    <marker marker_id="58">
      <location camera_id="0" pinned="true" x="405.195" y="36.0887"/>
      <location camera_id="1" pinned="true" x="762.529" y="113.246"/>
      <location camera_id="2" pinned="true" x="1127.71" y="74.0945"/>
      <location camera_id="8" pinned="true" x="329.861" y="240.145"/>
      <location camera_id="9" pinned="true" x="728.064" y="154.408"/>
      <location camera_id="21" pinned="true" x="401.638" y="68"/>
      <location camera_id="28" pinned="true" x="112.558" y="163.399"/>
      <location camera_id="29" pinned="true" x="374.04" y="99.4365"/>
      <location camera_id="31" pinned="true" x="390.397" y="68.0862"/>
      <location camera_id="38" pinned="true" x="100.172" y="163.455"/>
      <location camera_id="39" pinned="true" x="362.5" y="99.5"/>
    </marker>
    <marker marker_id="59">
      <location camera_id="0" pinned="true" x="189.778" y="85.119"/>
      <location camera_id="1" pinned="true" x="574.963" y="188.024"/>
      <location camera_id="2" pinned="true" x="914.965" y="203.978"/>
      <location camera_id="8" pinned="true" x="112.66" y="352.568"/>
      <location camera_id="9" pinned="true" x="538.831" y="232.884"/>
      <location camera_id="21" pinned="true" x="273.685" y="118.5"/>
      <location camera_id="22" pinned="true" x="495.425" y="129.172"/>
      <location camera_id="29" pinned="true" x="244.766" y="152.375"/>
      <location camera_id="31" pinned="true" x="262.5" y="118.685"/>
      <location camera_id="32" pinned="true" x="483.227" y="128.97"/>
      <location camera_id="39" pinned="true" x="233.7" y="152.392"/>
    </marker>
    <marker marker_id="60">
      <location camera_id="2" pinned="true" x="1017.17" y="186.866"/>
      <location camera_id="20" pinned="true" x="76.5947" y="59.9737"/>
      <location camera_id="21" pinned="true" x="338.561" y="119.652"/>
      <location camera_id="22" pinned="true" x="564.533" y="117.62"/>
      <location camera_id="28" pinned="true" x="48.3642" y="230.636"/>
      <location camera_id="29" pinned="true" x="310.242" y="153.5"/>
      <location camera_id="30" pinned="true" x="63.7165" y="60.1495"/>
      <location camera_id="31" pinned="true" x="327.397" y="119.779"/>
      <location camera_id="32" pinned="true" x="551.253" y="117.421"/>
      <location camera_id="38" pinned="true" x="35.0802" y="230.772"/>
      <location camera_id="39" pinned="true" x="298.946" y="153.454"/>
    </marker>
    <marker marker_id="61">
      <location camera_id="0" pinned="true" x="415.312" y="127.239"/>
      <location camera_id="1" pinned="true" x="768.358" y="194.5"/>
      <location camera_id="2" pinned="true" x="1139.1" y="170.829"/>
      <location camera_id="8" pinned="true" x="345.136" y="329.259"/>
      <location camera_id="9" pinned="true" x="732.576" y="239.486"/>
      <location camera_id="20" pinned="true" x="149.528" y="74.8521"/>
      <location camera_id="21" pinned="true" x="405.897" y="123.338"/>
      <location camera_id="28" pinned="true" x="123.031" y="224.563"/>
      <location camera_id="29" pinned="true" x="377.346" y="157.3"/>
      <location camera_id="30" pinned="true" x="137.389" y="74.7639"/>
      <location camera_id="31" pinned="true" x="394.559" y="123.471"/>
      <location camera_id="38" pinned="true" x="110.766" y="224.625"/>
      <location camera_id="39" pinned="true" x="365.978" y="157.201"/>
    </marker>
    <marker marker_id="62">
      <location camera_id="0" pinned="true" x="186.622" y="220.011"/>
      <location camera_id="1" pinned="true" x="569.388" y="293.217"/>
      <location camera_id="2" pinned="true" x="912.193" y="316.62"/>
      <location camera_id="8" pinned="true" x="122.85" y="482.889"/>
      <location camera_id="9" pinned="true" x="538.102" y="335.981"/>
      <location camera_id="21" pinned="true" x="269.685" y="190.5"/>
      <location camera_id="22" pinned="true" x="493.731" y="206.438"/>
      <location camera_id="29" pinned="true" x="244.427" y="222.845"/>
      <location camera_id="31" pinned="true" x="258.615" y="190.631"/>
      <location camera_id="32" pinned="true" x="481.574" y="206.118"/>
      <location camera_id="39" pinned="true" x="233.755" y="222.791"/>
    </marker>
    <marker marker_id="63">
      <location camera_id="1" pinned="true" x="665.882" y="296.211"/>
      <location camera_id="2" pinned="true" x="1017.06" y="309.911"/>
      <location camera_id="9" pinned="true" x="631.594" y="338.086"/>
      <location camera_id="21" pinned="true" x="335.823" y="192.629"/>
      <location camera_id="22" pinned="true" x="564.489" y="201.733"/>
      <location camera_id="29" pinned="true" x="308.463" y="224.296"/>
      <location camera_id="31" pinned="true" x="324.561" y="192.652"/>
      <location camera_id="32" pinned="true" x="551.216" y="201.5"/>
      <location camera_id="39" pinned="true" x="297.57" y="224.149"/>
    </marker>
    <marker marker_id="64">
      <location camera_id="0" pinned="true" x="416.685" y="242.395"/>
      <location camera_id="1" pinned="true" x="766.875" y="300.546"/>
      <location camera_id="2" pinned="true" x="1144.46" y="303.203"/>
      <location camera_id="8" pinned="true" x="351.047" y="438.473"/>
      <location camera_id="9" pinned="true" x="728.982" y="341.544"/>
      <location camera_id="20" pinned="true" x="150.442" y="153.601"/>
      <location camera_id="21" pinned="true" x="405.03" y="195.667"/>
      <location camera_id="28" pinned="true" x="127.373" y="299.464"/>
      <location camera_id="29" pinned="true" x="375" y="226.786"/>
      <location camera_id="30" pinned="true" x="138.442" y="153.601"/>
      <location camera_id="31" pinned="true" x="393.7" y="195.608"/>
      <location camera_id="38" pinned="true" x="115.536" y="299.573"/>
      <location camera_id="39" pinned="true" x="364" y="226.786"/>
    </marker>
    <marker marker_id="65">
      <location camera_id="0" pinned="true" x="177.345" y="433.42"/>
      <location camera_id="1" pinned="true" x="557.597" y="461.403"/>
      <location camera_id="2" pinned="true" x="907.558" y="497.936"/>
      <location camera_id="8" pinned="true" x="133.417" y="675.385"/>
      <location camera_id="9" pinned="true" x="534.321" y="485.259"/>
      <location camera_id="22" pinned="true" x="490.423" y="330.635"/>
      <location camera_id="32" pinned="true" x="478.259" y="330.352"/>
    </marker>
    <marker marker_id="66">
      <location camera_id="0" pinned="true" x="305.149" y="427.149"/>
      <location camera_id="1" pinned="true" x="659.109" y="465.46"/>
      <location camera_id="2" pinned="true" x="1017.62" y="507.953"/>
      <location camera_id="8" pinned="true" x="253.1" y="636.574"/>
      <location camera_id="9" pinned="true" x="627.551" y="487.756"/>
      <location camera_id="21" pinned="true" x="331.049" y="308.794"/>
      <location camera_id="22" pinned="true" x="565.06" y="337.033"/>
      <location camera_id="30" pinned="true" x="62.097" y="280.56"/>
      <location camera_id="31" pinned="true" x="319.971" y="308.931"/>
      <location camera_id="32" pinned="true" x="551.541" y="336.829"/>
    </marker>
    <marker marker_id="67">
      <location camera_id="0" pinned="true" x="419.417" y="424.609"/>
      <location camera_id="1" pinned="true" x="767.006" y="472.955"/>
      <location camera_id="2" pinned="true" x="1155.45" y="523.368"/>
      <location camera_id="8" pinned="true" x="361.056" y="603.563"/>
      <location camera_id="9" pinned="true" x="725.876" y="492.702"/>
      <location camera_id="20" pinned="true" x="152.875" y="278.768"/>
      <location camera_id="21" pinned="true" x="404.885" y="313.75"/>
      <location camera_id="30" pinned="true" x="140.929" y="278.643"/>
      <location camera_id="31" pinned="true" x="393.648" y="313.833"/>
    </marker>
    <marker marker_id="68">
      <location camera_id="2" pinned="true" x="538.611" y="123.438"/>
      <location camera_id="3" pinned="true" x="921.231" y="49.4649"/>
      <location camera_id="9" pinned="true" x="108.507" y="152.386"/>
      <location camera_id="22" pinned="true" x="237.5" y="73.9262"/>
      <location camera_id="23" pinned="true" x="492.091" y="32.9697"/>
      <location camera_id="32" pinned="true" x="226.198" y="73.5635"/>
      <location camera_id="33" pinned="true" x="480.03" y="33.0606"/>
    </marker>
    <marker marker_id="69">
      <location camera_id="2" pinned="true" x="634.5" y="127.548"/>
      <location camera_id="22" pinned="true" x="303.315" y="76.5"/>
      <location camera_id="29" pinned="true" x="40.6075" y="96.3925"/>
      <location camera_id="32" pinned="true" x="291.833" y="76.3889"/>
      <location camera_id="39" pinned="true" x="27.3283" y="96.399"/>
    </marker>
    <marker marker_id="70">
      <location camera_id="1" pinned="true" x="165.187" y="123.159"/>
      <location camera_id="2" pinned="true" x="533.5" y="214.5"/>
      <location camera_id="3" pinned="true" x="921.875" y="150.232"/>
      <location camera_id="9" pinned="true" x="119.275" y="273.5"/>
      <location camera_id="22" pinned="true" x="233.75" y="136.219"/>
      <location camera_id="23" pinned="true" x="493.069" y="100.485"/>
      <location camera_id="32" pinned="true" x="222.451" y="135.943"/>
      <location camera_id="33" pinned="true" x="480.864" y="100.545"/>
    </marker>
    <marker marker_id="71">
      <location camera_id="3" pinned="true" x="1031" y="129.896"/>
      <location camera_id="21" pinned="true" x="77.0244" y="92.8049"/>
      <location camera_id="22" pinned="true" x="301.344" y="138.438"/>
      <location camera_id="23" pinned="true" x="565.466" y="86.7273"/>
      <location camera_id="29" pinned="true" x="45.2412" y="170.1"/>
      <location camera_id="31" pinned="true" x="63.8494" y="92.9217"/>
      <location camera_id="32" pinned="true" x="290.103" y="138.198"/>
      <location camera_id="33" pinned="true" x="552.544" y="86.8"/>
      <location camera_id="39" pinned="true" x="32.2791" y="170.209"/>
    </marker>
    <marker marker_id="72">
      <location camera_id="1" pinned="true" x="395.283" y="170.283"/>
      <location camera_id="2" pinned="true" x="733.294" y="219.089"/>
      <location camera_id="3" pinned="true" x="1164.05" y="101.957"/>
      <location camera_id="9" pinned="true" x="355.519" y="244.029"/>
      <location camera_id="21" pinned="true" x="151.115" y="106.838"/>
      <location camera_id="22" pinned="true" x="371.547" y="139.266"/>
      <location camera_id="29" pinned="true" x="120.515" y="160.067"/>
      <location camera_id="31" pinned="true" x="138.894" y="106.985"/>
      <location camera_id="32" pinned="true" x="360.392" y="138.7"/>
      <location camera_id="39" pinned="true" x="108.5" y="160.152"/>
    </marker>
    <marker marker_id="73">
      <location camera_id="1" pinned="true" x="156.015" y="244.314"/>
      <location camera_id="2" pinned="true" x="527.891" y="309.417"/>
      <location camera_id="3" pinned="true" x="919.812" y="254.547"/>
      <location camera_id="9" pinned="true" x="133.406" y="393.215"/>
      <location camera_id="22" pinned="true" x="229.652" y="201.561"/>
      <location camera_id="23" pinned="true" x="492.351" y="170.366"/>
      <location camera_id="32" pinned="true" x="218.41" y="201.41"/>
      <location camera_id="33" pinned="true" x="480.016" y="170.547"/>
    </marker>
    <marker marker_id="74">
      <location camera_id="1" pinned="true" x="391.674" y="281.577"/>
      <location camera_id="2" pinned="true" x="731.933" y="321.473"/>
      <location camera_id="3" pinned="true" x="1168.59" y="236.096"/>
      <location camera_id="9" pinned="true" x="363.929" y="352.9"/>
      <location camera_id="21" pinned="true" x="148.161" y="182.726"/>
      <location camera_id="22" pinned="true" x="370.672" y="209.672"/>
      <location camera_id="29" pinned="true" x="126.064" y="234.027"/>
      <location camera_id="31" pinned="true" x="136.063" y="182.75"/>
      <location camera_id="39" pinned="true" x="114.519" y="233.87"/>
    </marker>
    <marker marker_id="75">
      <location camera_id="1" pinned="true" x="135.011" y="466.721"/>
      <location camera_id="2" pinned="true" x="517" y="483.288"/>
      <location camera_id="3" pinned="true" x="920.827" y="440.021"/>
      <location camera_id="9" pinned="true" x="152.124" y="585.531"/>
      <location camera_id="22" pinned="true" x="222.706" y="321.389"/>
      <location camera_id="23" pinned="true" x="493.139" y="295.451"/>
      <location camera_id="32" pinned="true" x="211.254" y="321.172"/>
      <location camera_id="33" pinned="true" x="481.156" y="295.582"/>
    </marker>
    <marker marker_id="76">
      <location camera_id="3" pinned="true" x="1042.7" y="451.438"/>
      <location camera_id="23" pinned="true" x="574.193" y="302.513"/>
      <location camera_id="33" pinned="true" x="560.987" y="302.833"/>
    </marker>
    <marker marker_id="77">
      <location camera_id="1" pinned="true" x="388.019" y="463.87"/>
      <location camera_id="2" pinned="true" x="735.568" y="491.777"/>
      <location camera_id="3" pinned="true" x="1185.62" y="456.673"/>
      <location camera_id="9" pinned="true" x="378.089" y="511.855"/>
      <location camera_id="21" pinned="true" x="145.944" y="307.37"/>
      <location camera_id="22" pinned="true" x="373.212" y="327.161"/>
      <location camera_id="31" pinned="true" x="133.991" y="307.425"/>
      <location camera_id="32" pinned="true" x="361.822" y="326.907"/>
    </marker>
    <marker marker_id="78">
      <location camera_id="3" pinned="true" x="529.868" y="85.8935"/>
      <location camera_id="23" pinned="true" x="229.629" y="57.2258"/>
      <location camera_id="33" pinned="true" x="218.595" y="57.5952"/>
    </marker>
    <marker marker_id="79">
      <location camera_id="3" pinned="true" x="629.275" y="81.8245"/>
      <location camera_id="22" pinned="true" x="29.291" y="32.709"/>
      <location camera_id="23" pinned="true" x="296.621" y="54.2414"/>
      <location camera_id="33" pinned="true" x="285.45" y="54.55"/>
    </marker>
    <marker marker_id="80">
      <location camera_id="2" pinned="true" x="346.494" y="92.9522"/>
      <location camera_id="3" pinned="true" x="730.911" y="78.096"/>
      <location camera_id="22" pinned="true" x="105.958" y="53.5508"/>
      <location camera_id="23" pinned="true" x="365.047" y="51.934"/>
      <location camera_id="32" pinned="true" x="93.7131" y="53.4672"/>
      <location camera_id="33" pinned="true" x="353.953" y="52.066"/>
    </marker>
    <marker marker_id="81">
      <location camera_id="3" pinned="true" x="631.781" y="175.575"/>
      <location camera_id="23" pinned="true" x="298.5" y="117"/>
      <location camera_id="33" pinned="true" x="287.432" y="117.025"/>
    </marker>
    <marker marker_id="82">
      <location camera_id="2" pinned="true" x="342.893" y="193.685"/>
      <location camera_id="3" pinned="true" x="733.28" y="172.853"/>
      <location camera_id="22" pinned="true" x="103.368" y="122.559"/>
      <location camera_id="23" pinned="true" x="367" y="115"/>
      <location camera_id="32" pinned="true" x="91.1667" y="122.399"/>
      <location camera_id="33" pinned="true" x="355.941" y="115.314"/>
    </marker>
    <marker marker_id="83">
      <location camera_id="2" pinned="true" x="83.706" y="266.603"/>
      <location camera_id="3" pinned="true" x="529.54" y="271.215"/>
      <location camera_id="4" pinned="true" x="1004.68" y="127.716"/>
      <location camera_id="23" pinned="true" x="229.198" y="181.563"/>
      <location camera_id="24" pinned="true" x="564.94" y="76.1905"/>
      <location camera_id="33" pinned="true" x="218.145" y="181.742"/>
      <location camera_id="34" pinned="true" x="551.756" y="76.5814"/>
    </marker>
    <marker marker_id="84">
      <location camera_id="2" pinned="true" x="341.355" y="291.147"/>
      <location camera_id="3" pinned="true" x="735.601" y="262.091"/>
      <location camera_id="22" pinned="true" x="102.405" y="189.203"/>
      <location camera_id="23" pinned="true" x="368.976" y="175.214"/>
      <location camera_id="32" pinned="true" x="89.7703" y="188.959"/>
      <location camera_id="33" pinned="true" x="357.766" y="175.375"/>
    </marker>
    <marker marker_id="85">
      <location camera_id="2" pinned="true" x="63.2825" y="509.286"/>
      <location camera_id="3" pinned="true" x="531.397" y="451.425"/>
      <location camera_id="4" pinned="true" x="988.387" y="332.89"/>
      <location camera_id="23" pinned="true" x="230.568" y="304.025"/>
      <location camera_id="24" pinned="true" x="553.676" y="215.892"/>
      <location camera_id="33" pinned="true" x="219.568" y="304.025"/>
      <location camera_id="34" pinned="true" x="541.144" y="216.253"/>
    </marker>
    <marker marker_id="86">
      <location camera_id="23" pinned="true" x="306.531" y="301.469"/>
    </marker>
    <marker marker_id="87">
      <location camera_id="2" pinned="true" x="334.5" y="492.5"/>
      <location camera_id="3" pinned="true" x="745.889" y="443.654"/>
      <location camera_id="22" pinned="true" x="98.2647" y="327.265"/>
      <location camera_id="23" pinned="true" x="376.333" y="298.467"/>
      <location camera_id="32" pinned="true" x="85.7394" y="327.106"/>
      <location camera_id="33" pinned="true" x="365.15" y="298.65"/>
    </marker>
  </markers>
  <thumbnails path="thumbnails/thumbnails.zip"/>
  <point_cloud path="point_cloud/point_cloud.zip"/>
  <depth_maps id="0" path="depth_maps/depth_maps.zip"/>
  <dense_cloud id="0" path="dense_cloud/dense_cloud.zip"/>
  <model id="0" path="model/model.zip"/>
</frame>
