<?xml version="1.0" encoding="UTF-8"?>
<document version="1.2.0">
  <chunks next_id="11" active_id="9">
    <chunk id="0" path="0/chunk.zip"/>
    <chunk id="1" path="1/chunk.zip"/>
    <chunk id="2" path="2/chunk.zip"/>
    <chunk id="3" path="3/chunk.zip"/>
    <chunk id="4" path="4/chunk.zip"/>
    <chunk id="5" path="5/chunk.zip"/>
    <chunk id="6" path="6/chunk.zip"/>
    <chunk id="7" path="7/chunk.zip"/>
    <chunk id="8" path="8/chunk.zip"/>
    <chunk id="9" path="9/chunk.zip"/>
    <chunk id="10" path="10/chunk.zip"/>
  </chunks>
  <meta>
    <property name="Info/LastSavedDateTime" value="2019:12:06 23:18:39"/>
    <property name="Info/LastSavedSoftwareVersion" value="1.5.5.9097"/>
    <property name="Info/OriginalDateTime" value="2019:12:02 22:15:53"/>
    <property name="Info/OriginalSoftwareName" value="Agisoft Metashape"/>
    <property name="Info/OriginalSoftwareVendor" value="Agisoft"/>
    <property name="Info/OriginalSoftwareVersion" value="1.5.5.9097"/>
  </meta>
</document>
