<?xml version="1.0" encoding="UTF-8"?>
<frame version="1.2.0">
  <cameras>
    <camera camera_id="16">
      <photo path="../../../1232_16_view/17_YukihiroIwayama.jpg">
        <meta>
          <property name="File/ImageHeight" value="1232"/>
          <property name="File/ImageWidth" value="1640"/>
          <property name="System/FileModifyDate" value="2019:12:02 14:13:03"/>
          <property name="System/FileSize" value="215345"/>
        </meta>
      </photo>
    </camera>
    <camera camera_id="17">
      <photo path="../../../1232_16_view/19_YukihiroIwayama.jpg">
        <meta>
          <property name="File/ImageHeight" value="1232"/>
          <property name="File/ImageWidth" value="1640"/>
          <property name="System/FileModifyDate" value="2019:12:02 14:13:04"/>
          <property name="System/FileSize" value="242313"/>
        </meta>
      </photo>
    </camera>
    <camera camera_id="18">
      <photo path="../../../1232_16_view/21_YukihiroIwayama.jpg">
        <meta>
          <property name="File/ImageHeight" value="1232"/>
          <property name="File/ImageWidth" value="1640"/>
          <property name="System/FileModifyDate" value="2019:12:02 14:13:04"/>
          <property name="System/FileSize" value="230554"/>
        </meta>
      </photo>
    </camera>
    <camera camera_id="19">
      <photo path="../../../1232_16_view/23_YukihiroIwayama.jpg">
        <meta>
          <property name="File/ImageHeight" value="1232"/>
          <property name="File/ImageWidth" value="1640"/>
          <property name="System/FileModifyDate" value="2019:12:02 14:13:05"/>
          <property name="System/FileSize" value="224855"/>
        </meta>
      </photo>
    </camera>
    <camera camera_id="20">
      <photo path="../../../1232_16_view/25_YukihiroIwayama.jpg">
        <meta>
          <property name="File/ImageHeight" value="1232"/>
          <property name="File/ImageWidth" value="1640"/>
          <property name="System/FileModifyDate" value="2019:12:02 14:13:05"/>
          <property name="System/FileSize" value="212707"/>
        </meta>
      </photo>
    </camera>
    <camera camera_id="21">
      <photo path="../../../1232_16_view/27_YukihiroIwayama.jpg">
        <meta>
          <property name="File/ImageHeight" value="1232"/>
          <property name="File/ImageWidth" value="1640"/>
          <property name="System/FileModifyDate" value="2019:12:02 14:13:06"/>
          <property name="System/FileSize" value="228379"/>
        </meta>
      </photo>
    </camera>
    <camera camera_id="22">
      <photo path="../../../1232_16_view/29_YukihiroIwayama.jpg">
        <meta>
          <property name="File/ImageHeight" value="1232"/>
          <property name="File/ImageWidth" value="1640"/>
          <property name="System/FileModifyDate" value="2019:12:02 14:13:06"/>
          <property name="System/FileSize" value="222961"/>
        </meta>
      </photo>
    </camera>
    <camera camera_id="23">
      <photo path="../../../1232_16_view/31_YukihiroIwayama.jpg">
        <meta>
          <property name="File/ImageHeight" value="1232"/>
          <property name="File/ImageWidth" value="1640"/>
          <property name="System/FileModifyDate" value="2019:12:02 14:13:07"/>
          <property name="System/FileSize" value="204959"/>
        </meta>
      </photo>
    </camera>
    <camera camera_id="24">
      <photo path="../../../1232_16_view/49_YukihiroIwayama.jpg">
        <meta>
          <property name="File/ImageHeight" value="1232"/>
          <property name="File/ImageWidth" value="1640"/>
          <property name="System/FileModifyDate" value="2019:12:02 14:13:12"/>
          <property name="System/FileSize" value="225231"/>
        </meta>
      </photo>
    </camera>
    <camera camera_id="25">
      <photo path="../../../1232_16_view/51_YukihiroIwayama.jpg">
        <meta>
          <property name="File/ImageHeight" value="1232"/>
          <property name="File/ImageWidth" value="1640"/>
          <property name="System/FileModifyDate" value="2019:12:02 14:13:13"/>
          <property name="System/FileSize" value="238323"/>
        </meta>
      </photo>
    </camera>
    <camera camera_id="26">
      <photo path="../../../1232_16_view/53_YukihiroIwayama.jpg">
        <meta>
          <property name="File/ImageHeight" value="1232"/>
          <property name="File/ImageWidth" value="1640"/>
          <property name="System/FileModifyDate" value="2019:12:02 14:13:14"/>
          <property name="System/FileSize" value="226160"/>
        </meta>
      </photo>
    </camera>
    <camera camera_id="27">
      <photo path="../../../1232_16_view/55_YukihiroIwayama.jpg">
        <meta>
          <property name="File/ImageHeight" value="1232"/>
          <property name="File/ImageWidth" value="1640"/>
          <property name="System/FileModifyDate" value="2019:12:02 14:13:14"/>
          <property name="System/FileSize" value="211668"/>
        </meta>
      </photo>
    </camera>
    <camera camera_id="28">
      <photo path="../../../1232_16_view/57_YukihiroIwayama.jpg">
        <meta>
          <property name="File/ImageHeight" value="1232"/>
          <property name="File/ImageWidth" value="1640"/>
          <property name="System/FileModifyDate" value="2019:12:02 14:13:15"/>
          <property name="System/FileSize" value="231653"/>
        </meta>
      </photo>
    </camera>
    <camera camera_id="29">
      <photo path="../../../1232_16_view/59_YukihiroIwayama.jpg">
        <meta>
          <property name="File/ImageHeight" value="1232"/>
          <property name="File/ImageWidth" value="1640"/>
          <property name="System/FileModifyDate" value="2019:12:02 14:13:16"/>
          <property name="System/FileSize" value="245043"/>
        </meta>
      </photo>
    </camera>
    <camera camera_id="30">
      <photo path="../../../1232_16_view/61_YukihiroIwayama.jpg">
        <meta>
          <property name="File/ImageHeight" value="1232"/>
          <property name="File/ImageWidth" value="1640"/>
          <property name="System/FileModifyDate" value="2019:12:02 14:13:17"/>
          <property name="System/FileSize" value="256828"/>
        </meta>
      </photo>
    </camera>
    <camera camera_id="31">
      <photo path="../../../1232_16_view/63_YukihiroIwayama.jpg">
        <meta>
          <property name="File/ImageHeight" value="1232"/>
          <property name="File/ImageWidth" value="1640"/>
          <property name="System/FileModifyDate" value="2019:12:02 14:13:17"/>
          <property name="System/FileSize" value="269600"/>
        </meta>
      </photo>
    </camera>
  </cameras>
  <thumbnails path="thumbnails/thumbnails.zip"/>
  <point_cloud path="point_cloud.1/point_cloud.zip"/>
</frame>
