<?xml version="1.0" encoding="UTF-8"?>
<frame version="1.2.0">
  <cameras>
    <camera camera_id="0">
      <photo path="../../../821/1_YukihiroIwayama.jpg">
        <meta>
          <property name="File/ImageHeight" value="821"/>
          <property name="File/ImageWidth" value="1093"/>
          <property name="System/FileModifyDate" value="2019:12:06 15:15:20"/>
          <property name="System/FileSize" value="140979"/>
        </meta>
      </photo>
    </camera>
    <camera camera_id="1">
      <photo path="../../../821/2_YukihiroIwayama.jpg">
        <meta>
          <property name="File/ImageHeight" value="821"/>
          <property name="File/ImageWidth" value="1093"/>
          <property name="System/FileModifyDate" value="2019:12:06 15:15:22"/>
          <property name="System/FileSize" value="128219"/>
        </meta>
      </photo>
    </camera>
    <camera camera_id="2">
      <photo path="../../../821/3_YukihiroIwayama.jpg">
        <meta>
          <property name="File/ImageHeight" value="821"/>
          <property name="File/ImageWidth" value="1093"/>
          <property name="System/FileModifyDate" value="2019:12:06 15:15:25"/>
          <property name="System/FileSize" value="158016"/>
        </meta>
      </photo>
    </camera>
    <camera camera_id="3">
      <photo path="../../../821/4_YukihiroIwayama.jpg">
        <meta>
          <property name="File/ImageHeight" value="821"/>
          <property name="File/ImageWidth" value="1093"/>
          <property name="System/FileModifyDate" value="2019:12:06 15:15:28"/>
          <property name="System/FileSize" value="149731"/>
        </meta>
      </photo>
    </camera>
    <camera camera_id="4">
      <photo path="../../../821/5_YukihiroIwayama.jpg">
        <meta>
          <property name="File/ImageHeight" value="821"/>
          <property name="File/ImageWidth" value="1093"/>
          <property name="System/FileModifyDate" value="2019:12:06 15:15:31"/>
          <property name="System/FileSize" value="145453"/>
        </meta>
      </photo>
    </camera>
    <camera camera_id="5">
      <photo path="../../../821/6_YukihiroIwayama.jpg">
        <meta>
          <property name="File/ImageHeight" value="821"/>
          <property name="File/ImageWidth" value="1093"/>
          <property name="System/FileModifyDate" value="2019:12:06 15:15:33"/>
          <property name="System/FileSize" value="131770"/>
        </meta>
      </photo>
    </camera>
    <camera camera_id="6">
      <photo path="../../../821/7_YukihiroIwayama.jpg">
        <meta>
          <property name="File/ImageHeight" value="821"/>
          <property name="File/ImageWidth" value="1093"/>
          <property name="System/FileModifyDate" value="2019:12:06 15:15:36"/>
          <property name="System/FileSize" value="145879"/>
        </meta>
      </photo>
    </camera>
    <camera camera_id="7">
      <photo path="../../../821/8_YukihiroIwayama.jpg">
        <meta>
          <property name="File/ImageHeight" value="821"/>
          <property name="File/ImageWidth" value="1093"/>
          <property name="System/FileModifyDate" value="2019:12:06 15:15:39"/>
          <property name="System/FileSize" value="151724"/>
        </meta>
      </photo>
    </camera>
    <camera camera_id="8">
      <photo path="../../../821/9_YukihiroIwayama.jpg">
        <meta>
          <property name="File/ImageHeight" value="821"/>
          <property name="File/ImageWidth" value="1093"/>
          <property name="System/FileModifyDate" value="2019:12:06 15:15:39"/>
          <property name="System/FileSize" value="153948"/>
        </meta>
      </photo>
    </camera>
    <camera camera_id="9">
      <photo path="../../../821/10_YukihiroIwayama.jpg">
        <meta>
          <property name="File/ImageHeight" value="821"/>
          <property name="File/ImageWidth" value="1093"/>
          <property name="System/FileModifyDate" value="2019:12:06 15:15:17"/>
          <property name="System/FileSize" value="133875"/>
        </meta>
      </photo>
    </camera>
    <camera camera_id="10">
      <photo path="../../../821/11_YukihiroIwayama.jpg">
        <meta>
          <property name="File/ImageHeight" value="821"/>
          <property name="File/ImageWidth" value="1093"/>
          <property name="System/FileModifyDate" value="2019:12:06 15:15:17"/>
          <property name="System/FileSize" value="145970"/>
        </meta>
      </photo>
    </camera>
    <camera camera_id="11">
      <photo path="../../../821/12_YukihiroIwayama.jpg">
        <meta>
          <property name="File/ImageHeight" value="821"/>
          <property name="File/ImageWidth" value="1093"/>
          <property name="System/FileModifyDate" value="2019:12:06 15:15:18"/>
          <property name="System/FileSize" value="152356"/>
        </meta>
      </photo>
    </camera>
    <camera camera_id="12">
      <photo path="../../../821/13_YukihiroIwayama.jpg">
        <meta>
          <property name="File/ImageHeight" value="821"/>
          <property name="File/ImageWidth" value="1093"/>
          <property name="System/FileModifyDate" value="2019:12:06 15:15:18"/>
          <property name="System/FileSize" value="150004"/>
        </meta>
      </photo>
    </camera>
    <camera camera_id="13">
      <photo path="../../../821/14_YukihiroIwayama.jpg">
        <meta>
          <property name="File/ImageHeight" value="821"/>
          <property name="File/ImageWidth" value="1093"/>
          <property name="System/FileModifyDate" value="2019:12:06 15:15:18"/>
          <property name="System/FileSize" value="157132"/>
        </meta>
      </photo>
    </camera>
    <camera camera_id="14">
      <photo path="../../../821/15_YukihiroIwayama.jpg">
        <meta>
          <property name="File/ImageHeight" value="821"/>
          <property name="File/ImageWidth" value="1093"/>
          <property name="System/FileModifyDate" value="2019:12:06 15:15:18"/>
          <property name="System/FileSize" value="156664"/>
        </meta>
      </photo>
    </camera>
    <camera camera_id="15">
      <photo path="../../../821/16_YukihiroIwayama.jpg">
        <meta>
          <property name="File/ImageHeight" value="821"/>
          <property name="File/ImageWidth" value="1093"/>
          <property name="System/FileModifyDate" value="2019:12:06 15:15:19"/>
          <property name="System/FileSize" value="129195"/>
        </meta>
      </photo>
    </camera>
    <camera camera_id="16">
      <photo path="../../../821/17_YukihiroIwayama.jpg">
        <meta>
          <property name="File/ImageHeight" value="821"/>
          <property name="File/ImageWidth" value="1093"/>
          <property name="System/FileModifyDate" value="2019:12:06 15:15:19"/>
          <property name="System/FileSize" value="118994"/>
        </meta>
      </photo>
    </camera>
    <camera camera_id="17">
      <photo path="../../../821/18_YukihiroIwayama.jpg">
        <meta>
          <property name="File/ImageHeight" value="821"/>
          <property name="File/ImageWidth" value="1093"/>
          <property name="System/FileModifyDate" value="2019:12:06 15:15:19"/>
          <property name="System/FileSize" value="124475"/>
        </meta>
      </photo>
    </camera>
    <camera camera_id="18">
      <photo path="../../../821/19_YukihiroIwayama.jpg">
        <meta>
          <property name="File/ImageHeight" value="821"/>
          <property name="File/ImageWidth" value="1093"/>
          <property name="System/FileModifyDate" value="2019:12:06 15:15:19"/>
          <property name="System/FileSize" value="134170"/>
        </meta>
      </photo>
    </camera>
    <camera camera_id="19">
      <photo path="../../../821/20_YukihiroIwayama.jpg">
        <meta>
          <property name="File/ImageHeight" value="821"/>
          <property name="File/ImageWidth" value="1093"/>
          <property name="System/FileModifyDate" value="2019:12:06 15:15:20"/>
          <property name="System/FileSize" value="134642"/>
        </meta>
      </photo>
    </camera>
    <camera camera_id="20">
      <photo path="../../../821/21_YukihiroIwayama.jpg">
        <meta>
          <property name="File/ImageHeight" value="821"/>
          <property name="File/ImageWidth" value="1093"/>
          <property name="System/FileModifyDate" value="2019:12:06 15:15:20"/>
          <property name="System/FileSize" value="126770"/>
        </meta>
      </photo>
    </camera>
    <camera camera_id="21">
      <photo path="../../../821/22_YukihiroIwayama.jpg">
        <meta>
          <property name="File/ImageHeight" value="821"/>
          <property name="File/ImageWidth" value="1093"/>
          <property name="System/FileModifyDate" value="2019:12:06 15:15:20"/>
          <property name="System/FileSize" value="128164"/>
        </meta>
      </photo>
    </camera>
    <camera camera_id="22">
      <photo path="../../../821/23_YukihiroIwayama.jpg">
        <meta>
          <property name="File/ImageHeight" value="821"/>
          <property name="File/ImageWidth" value="1093"/>
          <property name="System/FileModifyDate" value="2019:12:06 15:15:21"/>
          <property name="System/FileSize" value="124063"/>
        </meta>
      </photo>
    </camera>
    <camera camera_id="23">
      <photo path="../../../821/24_YukihiroIwayama.jpg">
        <meta>
          <property name="File/ImageHeight" value="821"/>
          <property name="File/ImageWidth" value="1093"/>
          <property name="System/FileModifyDate" value="2019:12:06 15:15:21"/>
          <property name="System/FileSize" value="136842"/>
        </meta>
      </photo>
    </camera>
    <camera camera_id="24">
      <photo path="../../../821/25_YukihiroIwayama.jpg">
        <meta>
          <property name="File/ImageHeight" value="821"/>
          <property name="File/ImageWidth" value="1093"/>
          <property name="System/FileModifyDate" value="2019:12:06 15:15:21"/>
          <property name="System/FileSize" value="117580"/>
        </meta>
      </photo>
    </camera>
    <camera camera_id="25">
      <photo path="../../../821/26_YukihiroIwayama.jpg">
        <meta>
          <property name="File/ImageHeight" value="821"/>
          <property name="File/ImageWidth" value="1093"/>
          <property name="System/FileModifyDate" value="2019:12:06 15:15:21"/>
          <property name="System/FileSize" value="129708"/>
        </meta>
      </photo>
    </camera>
    <camera camera_id="26">
      <photo path="../../../821/27_YukihiroIwayama.jpg">
        <meta>
          <property name="File/ImageHeight" value="821"/>
          <property name="File/ImageWidth" value="1093"/>
          <property name="System/FileModifyDate" value="2019:12:06 15:15:22"/>
          <property name="System/FileSize" value="126845"/>
        </meta>
      </photo>
    </camera>
    <camera camera_id="27">
      <photo path="../../../821/28_YukihiroIwayama.jpg">
        <meta>
          <property name="File/ImageHeight" value="821"/>
          <property name="File/ImageWidth" value="1093"/>
          <property name="System/FileModifyDate" value="2019:12:06 15:15:22"/>
          <property name="System/FileSize" value="117246"/>
        </meta>
      </photo>
    </camera>
    <camera camera_id="28">
      <photo path="../../../821/29_YukihiroIwayama.jpg">
        <meta>
          <property name="File/ImageHeight" value="821"/>
          <property name="File/ImageWidth" value="1093"/>
          <property name="System/FileModifyDate" value="2019:12:06 15:15:22"/>
          <property name="System/FileSize" value="124855"/>
        </meta>
      </photo>
    </camera>
    <camera camera_id="29">
      <photo path="../../../821/30_YukihiroIwayama.jpg">
        <meta>
          <property name="File/ImageHeight" value="821"/>
          <property name="File/ImageWidth" value="1093"/>
          <property name="System/FileModifyDate" value="2019:12:06 15:15:23"/>
          <property name="System/FileSize" value="131338"/>
        </meta>
      </photo>
    </camera>
    <camera camera_id="30">
      <photo path="../../../821/31_YukihiroIwayama.jpg">
        <meta>
          <property name="File/ImageHeight" value="821"/>
          <property name="File/ImageWidth" value="1093"/>
          <property name="System/FileModifyDate" value="2019:12:06 15:15:23"/>
          <property name="System/FileSize" value="114216"/>
        </meta>
      </photo>
    </camera>
    <camera camera_id="31">
      <photo path="../../../821/32_YukihiroIwayama.jpg">
        <meta>
          <property name="File/ImageHeight" value="821"/>
          <property name="File/ImageWidth" value="1093"/>
          <property name="System/FileModifyDate" value="2019:12:06 15:15:23"/>
          <property name="System/FileSize" value="119398"/>
        </meta>
      </photo>
    </camera>
    <camera camera_id="32">
      <photo path="../../../821/33_YukihiroIwayama.jpg">
        <meta>
          <property name="File/ImageHeight" value="821"/>
          <property name="File/ImageWidth" value="1093"/>
          <property name="System/FileModifyDate" value="2019:12:06 15:15:23"/>
          <property name="System/FileSize" value="105817"/>
        </meta>
      </photo>
    </camera>
    <camera camera_id="33">
      <photo path="../../../821/34_YukihiroIwayama.jpg">
        <meta>
          <property name="File/ImageHeight" value="821"/>
          <property name="File/ImageWidth" value="1093"/>
          <property name="System/FileModifyDate" value="2019:12:06 15:15:24"/>
          <property name="System/FileSize" value="122100"/>
        </meta>
      </photo>
    </camera>
    <camera camera_id="34">
      <photo path="../../../821/35_YukihiroIwayama.jpg">
        <meta>
          <property name="File/ImageHeight" value="821"/>
          <property name="File/ImageWidth" value="1093"/>
          <property name="System/FileModifyDate" value="2019:12:06 15:15:24"/>
          <property name="System/FileSize" value="108441"/>
        </meta>
      </photo>
    </camera>
    <camera camera_id="35">
      <photo path="../../../821/36_YukihiroIwayama.jpg">
        <meta>
          <property name="File/ImageHeight" value="821"/>
          <property name="File/ImageWidth" value="1093"/>
          <property name="System/FileModifyDate" value="2019:12:06 15:15:24"/>
          <property name="System/FileSize" value="131650"/>
        </meta>
      </photo>
    </camera>
    <camera camera_id="36">
      <photo path="../../../821/37_YukihiroIwayama.jpg">
        <meta>
          <property name="File/ImageHeight" value="821"/>
          <property name="File/ImageWidth" value="1093"/>
          <property name="System/FileModifyDate" value="2019:12:06 15:15:24"/>
          <property name="System/FileSize" value="122145"/>
        </meta>
      </photo>
    </camera>
    <camera camera_id="37">
      <photo path="../../../821/38_YukihiroIwayama.jpg">
        <meta>
          <property name="File/ImageHeight" value="821"/>
          <property name="File/ImageWidth" value="1093"/>
          <property name="System/FileModifyDate" value="2019:12:06 15:15:25"/>
          <property name="System/FileSize" value="107896"/>
        </meta>
      </photo>
    </camera>
    <camera camera_id="38">
      <photo path="../../../821/39_YukihiroIwayama.jpg">
        <meta>
          <property name="File/ImageHeight" value="821"/>
          <property name="File/ImageWidth" value="1093"/>
          <property name="System/FileModifyDate" value="2019:12:06 15:15:25"/>
          <property name="System/FileSize" value="115018"/>
        </meta>
      </photo>
    </camera>
    <camera camera_id="39">
      <photo path="../../../821/40_YukihiroIwayama.jpg">
        <meta>
          <property name="File/ImageHeight" value="821"/>
          <property name="File/ImageWidth" value="1093"/>
          <property name="System/FileModifyDate" value="2019:12:06 15:15:25"/>
          <property name="System/FileSize" value="114237"/>
        </meta>
      </photo>
    </camera>
    <camera camera_id="40">
      <photo path="../../../821/41_YukihiroIwayama.jpg">
        <meta>
          <property name="File/ImageHeight" value="821"/>
          <property name="File/ImageWidth" value="1093"/>
          <property name="System/FileModifyDate" value="2019:12:06 15:15:26"/>
          <property name="System/FileSize" value="119688"/>
        </meta>
      </photo>
    </camera>
    <camera camera_id="41">
      <photo path="../../../821/42_YukihiroIwayama.jpg">
        <meta>
          <property name="File/ImageHeight" value="821"/>
          <property name="File/ImageWidth" value="1093"/>
          <property name="System/FileModifyDate" value="2019:12:06 15:15:26"/>
          <property name="System/FileSize" value="115586"/>
        </meta>
      </photo>
    </camera>
    <camera camera_id="42">
      <photo path="../../../821/43_YukihiroIwayama.jpg">
        <meta>
          <property name="File/ImageHeight" value="821"/>
          <property name="File/ImageWidth" value="1093"/>
          <property name="System/FileModifyDate" value="2019:12:06 15:15:26"/>
          <property name="System/FileSize" value="121317"/>
        </meta>
      </photo>
    </camera>
    <camera camera_id="43">
      <photo path="../../../821/44_YukihiroIwayama.jpg">
        <meta>
          <property name="File/ImageHeight" value="821"/>
          <property name="File/ImageWidth" value="1093"/>
          <property name="System/FileModifyDate" value="2019:12:06 15:15:26"/>
          <property name="System/FileSize" value="105275"/>
        </meta>
      </photo>
    </camera>
    <camera camera_id="44">
      <photo path="../../../821/45_YukihiroIwayama.jpg">
        <meta>
          <property name="File/ImageHeight" value="821"/>
          <property name="File/ImageWidth" value="1093"/>
          <property name="System/FileModifyDate" value="2019:12:06 15:15:27"/>
          <property name="System/FileSize" value="117153"/>
        </meta>
      </photo>
    </camera>
    <camera camera_id="45">
      <photo path="../../../821/46_YukihiroIwayama.jpg">
        <meta>
          <property name="File/ImageHeight" value="821"/>
          <property name="File/ImageWidth" value="1093"/>
          <property name="System/FileModifyDate" value="2019:12:06 15:15:27"/>
          <property name="System/FileSize" value="104590"/>
        </meta>
      </photo>
    </camera>
    <camera camera_id="46">
      <photo path="../../../821/47_YukihiroIwayama.jpg">
        <meta>
          <property name="File/ImageHeight" value="821"/>
          <property name="File/ImageWidth" value="1093"/>
          <property name="System/FileModifyDate" value="2019:12:06 15:15:27"/>
          <property name="System/FileSize" value="126135"/>
        </meta>
      </photo>
    </camera>
    <camera camera_id="47">
      <photo path="../../../821/48_YukihiroIwayama.jpg">
        <meta>
          <property name="File/ImageHeight" value="821"/>
          <property name="File/ImageWidth" value="1093"/>
          <property name="System/FileModifyDate" value="2019:12:06 15:15:27"/>
          <property name="System/FileSize" value="115906"/>
        </meta>
      </photo>
    </camera>
    <camera camera_id="48">
      <photo path="../../../821/49_YukihiroIwayama.jpg">
        <meta>
          <property name="File/ImageHeight" value="821"/>
          <property name="File/ImageWidth" value="1093"/>
          <property name="System/FileModifyDate" value="2019:12:06 15:15:28"/>
          <property name="System/FileSize" value="124230"/>
        </meta>
      </photo>
    </camera>
    <camera camera_id="49">
      <photo path="../../../821/50_YukihiroIwayama.jpg">
        <meta>
          <property name="File/ImageHeight" value="821"/>
          <property name="File/ImageWidth" value="1093"/>
          <property name="System/FileModifyDate" value="2019:12:06 15:15:28"/>
          <property name="System/FileSize" value="146242"/>
        </meta>
      </photo>
    </camera>
    <camera camera_id="50">
      <photo path="../../../821/51_YukihiroIwayama.jpg">
        <meta>
          <property name="File/ImageHeight" value="821"/>
          <property name="File/ImageWidth" value="1093"/>
          <property name="System/FileModifyDate" value="2019:12:06 15:15:28"/>
          <property name="System/FileSize" value="132015"/>
        </meta>
      </photo>
    </camera>
    <camera camera_id="51">
      <photo path="../../../821/52_YukihiroIwayama.jpg">
        <meta>
          <property name="File/ImageHeight" value="821"/>
          <property name="File/ImageWidth" value="1093"/>
          <property name="System/FileModifyDate" value="2019:12:06 15:15:29"/>
          <property name="System/FileSize" value="144263"/>
        </meta>
      </photo>
    </camera>
    <camera camera_id="52">
      <photo path="../../../821/53_YukihiroIwayama.jpg">
        <meta>
          <property name="File/ImageHeight" value="821"/>
          <property name="File/ImageWidth" value="1093"/>
          <property name="System/FileModifyDate" value="2019:12:06 15:15:29"/>
          <property name="System/FileSize" value="127092"/>
        </meta>
      </photo>
    </camera>
    <camera camera_id="53">
      <photo path="../../../821/54_YukihiroIwayama.jpg">
        <meta>
          <property name="File/ImageHeight" value="821"/>
          <property name="File/ImageWidth" value="1093"/>
          <property name="System/FileModifyDate" value="2019:12:06 15:15:29"/>
          <property name="System/FileSize" value="140281"/>
        </meta>
      </photo>
    </camera>
    <camera camera_id="54">
      <photo path="../../../821/55_YukihiroIwayama.jpg">
        <meta>
          <property name="File/ImageHeight" value="821"/>
          <property name="File/ImageWidth" value="1093"/>
          <property name="System/FileModifyDate" value="2019:12:06 15:15:29"/>
          <property name="System/FileSize" value="118361"/>
        </meta>
      </photo>
    </camera>
    <camera camera_id="55">
      <photo path="../../../821/56_YukihiroIwayama.jpg">
        <meta>
          <property name="File/ImageHeight" value="821"/>
          <property name="File/ImageWidth" value="1093"/>
          <property name="System/FileModifyDate" value="2019:12:06 15:15:30"/>
          <property name="System/FileSize" value="144520"/>
        </meta>
      </photo>
    </camera>
    <camera camera_id="56">
      <photo path="../../../821/57_YukihiroIwayama.jpg">
        <meta>
          <property name="File/ImageHeight" value="821"/>
          <property name="File/ImageWidth" value="1093"/>
          <property name="System/FileModifyDate" value="2019:12:06 15:15:30"/>
          <property name="System/FileSize" value="127315"/>
        </meta>
      </photo>
    </camera>
    <camera camera_id="57">
      <photo path="../../../821/58_YukihiroIwayama.jpg">
        <meta>
          <property name="File/ImageHeight" value="821"/>
          <property name="File/ImageWidth" value="1093"/>
          <property name="System/FileModifyDate" value="2019:12:06 15:15:30"/>
          <property name="System/FileSize" value="150741"/>
        </meta>
      </photo>
    </camera>
    <camera camera_id="58">
      <photo path="../../../821/59_YukihiroIwayama.jpg">
        <meta>
          <property name="File/ImageHeight" value="821"/>
          <property name="File/ImageWidth" value="1093"/>
          <property name="System/FileModifyDate" value="2019:12:06 15:15:30"/>
          <property name="System/FileSize" value="136837"/>
        </meta>
      </photo>
    </camera>
    <camera camera_id="59">
      <photo path="../../../821/60_YukihiroIwayama.jpg">
        <meta>
          <property name="File/ImageHeight" value="821"/>
          <property name="File/ImageWidth" value="1093"/>
          <property name="System/FileModifyDate" value="2019:12:06 15:15:31"/>
          <property name="System/FileSize" value="143548"/>
        </meta>
      </photo>
    </camera>
    <camera camera_id="60">
      <photo path="../../../821/61_YukihiroIwayama.jpg">
        <meta>
          <property name="File/ImageHeight" value="821"/>
          <property name="File/ImageWidth" value="1093"/>
          <property name="System/FileModifyDate" value="2019:12:06 15:15:31"/>
          <property name="System/FileSize" value="140587"/>
        </meta>
      </photo>
    </camera>
    <camera camera_id="61">
      <photo path="../../../821/62_YukihiroIwayama.jpg">
        <meta>
          <property name="File/ImageHeight" value="821"/>
          <property name="File/ImageWidth" value="1093"/>
          <property name="System/FileModifyDate" value="2019:12:06 15:15:31"/>
          <property name="System/FileSize" value="127600"/>
        </meta>
      </photo>
    </camera>
    <camera camera_id="62">
      <photo path="../../../821/63_YukihiroIwayama.jpg">
        <meta>
          <property name="File/ImageHeight" value="821"/>
          <property name="File/ImageWidth" value="1093"/>
          <property name="System/FileModifyDate" value="2019:12:06 15:15:32"/>
          <property name="System/FileSize" value="149159"/>
        </meta>
      </photo>
    </camera>
    <camera camera_id="63">
      <photo path="../../../821/64_YukihiroIwayama.jpg">
        <meta>
          <property name="File/ImageHeight" value="821"/>
          <property name="File/ImageWidth" value="1093"/>
          <property name="System/FileModifyDate" value="2019:12:06 15:15:32"/>
          <property name="System/FileSize" value="127270"/>
        </meta>
      </photo>
    </camera>
    <camera camera_id="64">
      <photo path="../../../821/65_YukihiroIwayama.jpg">
        <meta>
          <property name="File/ImageHeight" value="821"/>
          <property name="File/ImageWidth" value="1093"/>
          <property name="System/FileModifyDate" value="2019:12:06 15:15:32"/>
          <property name="System/FileSize" value="159838"/>
        </meta>
      </photo>
    </camera>
    <camera camera_id="65">
      <photo path="../../../821/66_YukihiroIwayama.jpg">
        <meta>
          <property name="File/ImageHeight" value="821"/>
          <property name="File/ImageWidth" value="1093"/>
          <property name="System/FileModifyDate" value="2019:12:06 15:15:32"/>
          <property name="System/FileSize" value="168959"/>
        </meta>
      </photo>
    </camera>
    <camera camera_id="66">
      <photo path="../../../821/67_YukihiroIwayama.jpg">
        <meta>
          <property name="File/ImageHeight" value="821"/>
          <property name="File/ImageWidth" value="1093"/>
          <property name="System/FileModifyDate" value="2019:12:06 15:15:33"/>
          <property name="System/FileSize" value="163710"/>
        </meta>
      </photo>
    </camera>
    <camera camera_id="67">
      <photo path="../../../821/68_YukihiroIwayama.jpg">
        <meta>
          <property name="File/ImageHeight" value="821"/>
          <property name="File/ImageWidth" value="1093"/>
          <property name="System/FileModifyDate" value="2019:12:06 15:15:33"/>
          <property name="System/FileSize" value="152963"/>
        </meta>
      </photo>
    </camera>
    <camera camera_id="68">
      <photo path="../../../821/69_YukihiroIwayama.jpg">
        <meta>
          <property name="File/ImageHeight" value="821"/>
          <property name="File/ImageWidth" value="1093"/>
          <property name="System/FileModifyDate" value="2019:12:06 15:15:33"/>
          <property name="System/FileSize" value="172616"/>
        </meta>
      </photo>
    </camera>
    <camera camera_id="69">
      <photo path="../../../821/70_YukihiroIwayama.jpg">
        <meta>
          <property name="File/ImageHeight" value="821"/>
          <property name="File/ImageWidth" value="1093"/>
          <property name="System/FileModifyDate" value="2019:12:06 15:15:34"/>
          <property name="System/FileSize" value="177715"/>
        </meta>
      </photo>
    </camera>
    <camera camera_id="70">
      <photo path="../../../821/71_YukihiroIwayama.jpg">
        <meta>
          <property name="File/ImageHeight" value="821"/>
          <property name="File/ImageWidth" value="1093"/>
          <property name="System/FileModifyDate" value="2019:12:06 15:15:34"/>
          <property name="System/FileSize" value="163703"/>
        </meta>
      </photo>
    </camera>
    <camera camera_id="71">
      <photo path="../../../821/72_YukihiroIwayama.jpg">
        <meta>
          <property name="File/ImageHeight" value="821"/>
          <property name="File/ImageWidth" value="1093"/>
          <property name="System/FileModifyDate" value="2019:12:06 15:15:34"/>
          <property name="System/FileSize" value="141531"/>
        </meta>
      </photo>
    </camera>
    <camera camera_id="72">
      <photo path="../../../821/73_YukihiroIwayama.jpg">
        <meta>
          <property name="File/ImageHeight" value="821"/>
          <property name="File/ImageWidth" value="1093"/>
          <property name="System/FileModifyDate" value="2019:12:06 15:15:34"/>
          <property name="System/FileSize" value="178103"/>
        </meta>
      </photo>
    </camera>
    <camera camera_id="73">
      <photo path="../../../821/74_YukihiroIwayama.jpg">
        <meta>
          <property name="File/ImageHeight" value="821"/>
          <property name="File/ImageWidth" value="1093"/>
          <property name="System/FileModifyDate" value="2019:12:06 15:15:35"/>
          <property name="System/FileSize" value="177457"/>
        </meta>
      </photo>
    </camera>
    <camera camera_id="74">
      <photo path="../../../821/75_YukihiroIwayama.jpg">
        <meta>
          <property name="File/ImageHeight" value="821"/>
          <property name="File/ImageWidth" value="1093"/>
          <property name="System/FileModifyDate" value="2019:12:06 15:15:35"/>
          <property name="System/FileSize" value="167677"/>
        </meta>
      </photo>
    </camera>
    <camera camera_id="75">
      <photo path="../../../821/76_YukihiroIwayama.jpg">
        <meta>
          <property name="File/ImageHeight" value="821"/>
          <property name="File/ImageWidth" value="1093"/>
          <property name="System/FileModifyDate" value="2019:12:06 15:15:35"/>
          <property name="System/FileSize" value="178660"/>
        </meta>
      </photo>
    </camera>
    <camera camera_id="76">
      <photo path="../../../821/77_YukihiroIwayama.jpg">
        <meta>
          <property name="File/ImageHeight" value="821"/>
          <property name="File/ImageWidth" value="1093"/>
          <property name="System/FileModifyDate" value="2019:12:06 15:15:35"/>
          <property name="System/FileSize" value="169034"/>
        </meta>
      </photo>
    </camera>
    <camera camera_id="77">
      <photo path="../../../821/78_YukihiroIwayama.jpg">
        <meta>
          <property name="File/ImageHeight" value="821"/>
          <property name="File/ImageWidth" value="1093"/>
          <property name="System/FileModifyDate" value="2019:12:06 15:15:36"/>
          <property name="System/FileSize" value="157908"/>
        </meta>
      </photo>
    </camera>
    <camera camera_id="78">
      <photo path="../../../821/79_YukihiroIwayama.jpg">
        <meta>
          <property name="File/ImageHeight" value="821"/>
          <property name="File/ImageWidth" value="1093"/>
          <property name="System/FileModifyDate" value="2019:12:06 15:15:36"/>
          <property name="System/FileSize" value="179890"/>
        </meta>
      </photo>
    </camera>
    <camera camera_id="79">
      <photo path="../../../821/80_YukihiroIwayama.jpg">
        <meta>
          <property name="File/ImageHeight" value="821"/>
          <property name="File/ImageWidth" value="1093"/>
          <property name="System/FileModifyDate" value="2019:12:06 15:15:36"/>
          <property name="System/FileSize" value="169219"/>
        </meta>
      </photo>
    </camera>
    <camera camera_id="80">
      <photo path="../../../821/81_YukihiroIwayama.jpg">
        <meta>
          <property name="File/ImageHeight" value="821"/>
          <property name="File/ImageWidth" value="1093"/>
          <property name="System/FileModifyDate" value="2019:12:06 15:15:37"/>
          <property name="System/FileSize" value="146338"/>
        </meta>
      </photo>
    </camera>
    <camera camera_id="81">
      <photo path="../../../821/82_YukihiroIwayama.jpg">
        <meta>
          <property name="File/ImageHeight" value="821"/>
          <property name="File/ImageWidth" value="1093"/>
          <property name="System/FileModifyDate" value="2019:12:06 15:15:37"/>
          <property name="System/FileSize" value="131856"/>
        </meta>
      </photo>
    </camera>
    <camera camera_id="82">
      <photo path="../../../821/83_YukihiroIwayama.jpg">
        <meta>
          <property name="File/ImageHeight" value="821"/>
          <property name="File/ImageWidth" value="1093"/>
          <property name="System/FileModifyDate" value="2019:12:06 15:15:37"/>
          <property name="System/FileSize" value="101796"/>
        </meta>
      </photo>
    </camera>
    <camera camera_id="83">
      <photo path="../../../821/84_YukihiroIwayama.jpg">
        <meta>
          <property name="File/ImageHeight" value="821"/>
          <property name="File/ImageWidth" value="1093"/>
          <property name="System/FileModifyDate" value="2019:12:06 15:15:37"/>
          <property name="System/FileSize" value="110826"/>
        </meta>
      </photo>
    </camera>
    <camera camera_id="84">
      <photo path="../../../821/85_YukihiroIwayama.jpg">
        <meta>
          <property name="File/ImageHeight" value="821"/>
          <property name="File/ImageWidth" value="1093"/>
          <property name="System/FileModifyDate" value="2019:12:06 15:15:38"/>
          <property name="System/FileSize" value="104779"/>
        </meta>
      </photo>
    </camera>
    <camera camera_id="85">
      <photo path="../../../821/86_YukihiroIwayama.jpg">
        <meta>
          <property name="File/ImageHeight" value="821"/>
          <property name="File/ImageWidth" value="1093"/>
          <property name="System/FileModifyDate" value="2019:12:06 15:15:38"/>
          <property name="System/FileSize" value="104803"/>
        </meta>
      </photo>
    </camera>
    <camera camera_id="86">
      <photo path="../../../821/87_YukihiroIwayama.jpg">
        <meta>
          <property name="File/ImageHeight" value="821"/>
          <property name="File/ImageWidth" value="1093"/>
          <property name="System/FileModifyDate" value="2019:12:06 15:15:38"/>
          <property name="System/FileSize" value="145751"/>
        </meta>
      </photo>
    </camera>
    <camera camera_id="87">
      <photo path="../../../821/88_YukihiroIwayama.jpg">
        <meta>
          <property name="File/ImageHeight" value="821"/>
          <property name="File/ImageWidth" value="1093"/>
          <property name="System/FileModifyDate" value="2019:12:06 15:15:38"/>
          <property name="System/FileSize" value="122899"/>
        </meta>
      </photo>
    </camera>
  </cameras>
  <thumbnails path="thumbnails/thumbnails.zip"/>
  <point_cloud path="point_cloud/point_cloud.zip"/>
</frame>
