<?xml version="1.0" encoding="UTF-8"?>
<point_cloud version="1.2.0">
  <params>
    <dataType>uint8</dataType>
    <bands>
      <band label="Red"/>
      <band label="Green"/>
      <band label="Blue"/>
    </bands>
  </params>
  <tracks path="tracks.ply" count="3591"/>
  <points path="points.ply" count="2397"/>
  <projections camera_id="16" path="p16.ply" count="371"/>
  <projections camera_id="17" path="p17.ply" count="583"/>
  <projections camera_id="18" path="p18.ply" count="603"/>
  <projections camera_id="19" path="p19.ply" count="617"/>
  <projections camera_id="20" path="p20.ply" count="439"/>
  <projections camera_id="21" path="p21.ply" count="482"/>
  <projections camera_id="22" path="p22.ply" count="700"/>
  <projections camera_id="23" path="p23.ply" count="449"/>
  <projections camera_id="24" path="p24.ply" count="308"/>
  <projections camera_id="25" path="p25.ply" count="471"/>
  <projections camera_id="26" path="p26.ply" count="521"/>
  <projections camera_id="27" path="p27.ply" count="544"/>
  <projections camera_id="28" path="p28.ply" count="429"/>
  <projections camera_id="29" path="p29.ply" count="380"/>
  <projections camera_id="30" path="p30.ply" count="654"/>
  <projections camera_id="31" path="p31.ply" count="352"/>
  <meta>
    <property name="Info/LastSavedDateTime" value="2019:12:06 22:34:00"/>
    <property name="Info/LastSavedSoftwareVersion" value="1.5.5.9097"/>
    <property name="Info/OriginalDateTime" value="2019:12:06 22:24:52"/>
    <property name="Info/OriginalSoftwareVersion" value="1.5.5.9097"/>
    <property name="MatchPhotos/cameras" value=""/>
    <property name="MatchPhotos/downscale" value="0"/>
    <property name="MatchPhotos/duration" value="26.465"/>
    <property name="MatchPhotos/keypoint_limit" value="200000"/>
    <property name="MatchPhotos/max_workgroup_size" value="100"/>
    <property name="MatchPhotos/network_distribute" value="true"/>
    <property name="MatchPhotos/pairs" value=""/>
    <property name="MatchPhotos/preselection_generic" value="true"/>
    <property name="MatchPhotos/reset_matches" value="true"/>
    <property name="MatchPhotos/store_keypoints" value="false"/>
    <property name="MatchPhotos/tiepoint_limit" value="20000"/>
    <property name="MatchPhotos/workitem_size_cameras" value="20"/>
    <property name="MatchPhotos/workitem_size_pairs" value="80"/>
  </meta>
</point_cloud>
