<?xml version="1.0" encoding="UTF-8"?>
<frame version="1.2.0">
  <cameras>
    <camera camera_id="0">
      <photo path="../../../972_16_view/102.jpg">
        <meta>
          <property name="File/ImageHeight" value="972"/>
          <property name="File/ImageWidth" value="1296"/>
          <property name="System/FileModifyDate" value="2019:12:02 14:30:45"/>
          <property name="System/FileSize" value="197541"/>
        </meta>
      </photo>
    </camera>
    <camera camera_id="1">
      <photo path="../../../972_16_view/104.jpg">
        <meta>
          <property name="File/ImageHeight" value="972"/>
          <property name="File/ImageWidth" value="1296"/>
          <property name="System/FileModifyDate" value="2019:12:02 14:30:45"/>
          <property name="System/FileSize" value="166513"/>
        </meta>
      </photo>
    </camera>
    <camera camera_id="2">
      <photo path="../../../972_16_view/117.jpg">
        <meta>
          <property name="File/ImageHeight" value="972"/>
          <property name="File/ImageWidth" value="1296"/>
          <property name="System/FileModifyDate" value="2019:12:02 14:30:47"/>
          <property name="System/FileSize" value="163311"/>
        </meta>
      </photo>
    </camera>
    <camera camera_id="3">
      <photo path="../../../972_16_view/119.jpg">
        <meta>
          <property name="File/ImageHeight" value="972"/>
          <property name="File/ImageWidth" value="1296"/>
          <property name="System/FileModifyDate" value="2019:12:02 14:30:48"/>
          <property name="System/FileSize" value="171347"/>
        </meta>
      </photo>
    </camera>
    <camera camera_id="4">
      <photo path="../../../972_16_view/137.jpg">
        <meta>
          <property name="File/ImageHeight" value="972"/>
          <property name="File/ImageWidth" value="1296"/>
          <property name="System/FileModifyDate" value="2019:12:02 14:30:51"/>
          <property name="System/FileSize" value="170767"/>
        </meta>
      </photo>
    </camera>
    <camera camera_id="5">
      <photo path="../../../972_16_view/139.jpg">
        <meta>
          <property name="File/ImageHeight" value="972"/>
          <property name="File/ImageWidth" value="1296"/>
          <property name="System/FileModifyDate" value="2019:12:02 14:30:51"/>
          <property name="System/FileSize" value="147894"/>
        </meta>
      </photo>
    </camera>
    <camera camera_id="6">
      <photo path="../../../972_16_view/147.jpg">
        <meta>
          <property name="File/ImageHeight" value="972"/>
          <property name="File/ImageWidth" value="1296"/>
          <property name="System/FileModifyDate" value="2019:12:02 14:30:52"/>
          <property name="System/FileSize" value="191479"/>
        </meta>
      </photo>
    </camera>
    <camera camera_id="7">
      <photo path="../../../972_16_view/149.jpg">
        <meta>
          <property name="File/ImageHeight" value="972"/>
          <property name="File/ImageWidth" value="1296"/>
          <property name="System/FileModifyDate" value="2019:12:02 14:30:52"/>
          <property name="System/FileSize" value="168157"/>
        </meta>
      </photo>
    </camera>
    <camera camera_id="8">
      <photo path="../../../972_16_view/162.jpg">
        <meta>
          <property name="File/ImageHeight" value="972"/>
          <property name="File/ImageWidth" value="1296"/>
          <property name="System/FileModifyDate" value="2019:12:02 14:30:55"/>
          <property name="System/FileSize" value="180102"/>
        </meta>
      </photo>
    </camera>
    <camera camera_id="9">
      <photo path="../../../972_16_view/164.jpg">
        <meta>
          <property name="File/ImageHeight" value="972"/>
          <property name="File/ImageWidth" value="1296"/>
          <property name="System/FileModifyDate" value="2019:12:02 14:30:55"/>
          <property name="System/FileSize" value="151328"/>
        </meta>
      </photo>
    </camera>
    <camera camera_id="10">
      <photo path="../../../972_16_view/177.jpg">
        <meta>
          <property name="File/ImageHeight" value="972"/>
          <property name="File/ImageWidth" value="1296"/>
          <property name="System/FileModifyDate" value="2019:12:02 14:30:57"/>
          <property name="System/FileSize" value="177971"/>
        </meta>
      </photo>
    </camera>
    <camera camera_id="11">
      <photo path="../../../972_16_view/179.jpg">
        <meta>
          <property name="File/ImageHeight" value="972"/>
          <property name="File/ImageWidth" value="1296"/>
          <property name="System/FileModifyDate" value="2019:12:02 14:30:57"/>
          <property name="System/FileSize" value="141255"/>
        </meta>
      </photo>
    </camera>
    <camera camera_id="12">
      <photo path="../../../972_16_view/192.jpg">
        <meta>
          <property name="File/ImageHeight" value="972"/>
          <property name="File/ImageWidth" value="1296"/>
          <property name="System/FileModifyDate" value="2019:12:02 14:30:59"/>
          <property name="System/FileSize" value="151280"/>
        </meta>
      </photo>
    </camera>
    <camera camera_id="13">
      <photo path="../../../972_16_view/194.jpg">
        <meta>
          <property name="File/ImageHeight" value="972"/>
          <property name="File/ImageWidth" value="1296"/>
          <property name="System/FileModifyDate" value="2019:12:02 14:31:00"/>
          <property name="System/FileSize" value="142712"/>
        </meta>
      </photo>
    </camera>
    <camera camera_id="14">
      <photo path="../../../972_16_view/207.jpg">
        <meta>
          <property name="File/ImageHeight" value="972"/>
          <property name="File/ImageWidth" value="1296"/>
          <property name="System/FileModifyDate" value="2019:12:02 14:31:02"/>
          <property name="System/FileSize" value="173869"/>
        </meta>
      </photo>
    </camera>
    <camera camera_id="15">
      <photo path="../../../972_16_view/209.jpg">
        <meta>
          <property name="File/ImageHeight" value="972"/>
          <property name="File/ImageWidth" value="1296"/>
          <property name="System/FileModifyDate" value="2019:12:02 14:31:02"/>
          <property name="System/FileSize" value="159309"/>
        </meta>
      </photo>
    </camera>
  </cameras>
  <thumbnails path="thumbnails/thumbnails.zip"/>
  <point_cloud path="point_cloud/point_cloud.zip"/>
</frame>
