<?xml version="1.0" encoding="UTF-8"?>
<frame version="1.2.0">
  <cameras>
    <camera camera_id="0">
      <photo path="../../../308_16_view/17_YukihiroIwayama.jpg">
        <meta>
          <property name="File/ImageHeight" value="308"/>
          <property name="File/ImageWidth" value="410"/>
          <property name="System/FileModifyDate" value="2019:12:02 14:14:13"/>
          <property name="System/FileSize" value="26145"/>
        </meta>
      </photo>
    </camera>
    <camera camera_id="1">
      <photo path="../../../308_16_view/19_YukihiroIwayama.jpg">
        <meta>
          <property name="File/ImageHeight" value="308"/>
          <property name="File/ImageWidth" value="410"/>
          <property name="System/FileModifyDate" value="2019:12:02 14:14:13"/>
          <property name="System/FileSize" value="29071"/>
        </meta>
      </photo>
    </camera>
    <camera camera_id="2">
      <photo path="../../../308_16_view/21_YukihiroIwayama.jpg">
        <meta>
          <property name="File/ImageHeight" value="308"/>
          <property name="File/ImageWidth" value="410"/>
          <property name="System/FileModifyDate" value="2019:12:02 14:14:14"/>
          <property name="System/FileSize" value="27439"/>
        </meta>
      </photo>
    </camera>
    <camera camera_id="3">
      <photo path="../../../308_16_view/23_YukihiroIwayama.jpg">
        <meta>
          <property name="File/ImageHeight" value="308"/>
          <property name="File/ImageWidth" value="410"/>
          <property name="System/FileModifyDate" value="2019:12:02 14:14:14"/>
          <property name="System/FileSize" value="27126"/>
        </meta>
      </photo>
    </camera>
    <camera camera_id="4">
      <photo path="../../../308_16_view/25_YukihiroIwayama.jpg">
        <meta>
          <property name="File/ImageHeight" value="308"/>
          <property name="File/ImageWidth" value="410"/>
          <property name="System/FileModifyDate" value="2019:12:02 14:14:15"/>
          <property name="System/FileSize" value="25242"/>
        </meta>
      </photo>
    </camera>
    <camera camera_id="5">
      <photo path="../../../308_16_view/27_YukihiroIwayama.jpg">
        <meta>
          <property name="File/ImageHeight" value="308"/>
          <property name="File/ImageWidth" value="410"/>
          <property name="System/FileModifyDate" value="2019:12:02 14:14:15"/>
          <property name="System/FileSize" value="28104"/>
        </meta>
      </photo>
    </camera>
    <camera camera_id="6">
      <photo path="../../../308_16_view/29_YukihiroIwayama.jpg">
        <meta>
          <property name="File/ImageHeight" value="308"/>
          <property name="File/ImageWidth" value="410"/>
          <property name="System/FileModifyDate" value="2019:12:02 14:14:16"/>
          <property name="System/FileSize" value="27563"/>
        </meta>
      </photo>
    </camera>
    <camera camera_id="7">
      <photo path="../../../308_16_view/31_YukihiroIwayama.jpg">
        <meta>
          <property name="File/ImageHeight" value="308"/>
          <property name="File/ImageWidth" value="410"/>
          <property name="System/FileModifyDate" value="2019:12:02 14:14:16"/>
          <property name="System/FileSize" value="25323"/>
        </meta>
      </photo>
    </camera>
    <camera camera_id="8">
      <photo path="../../../308_16_view/49_YukihiroIwayama.jpg">
        <meta>
          <property name="File/ImageHeight" value="308"/>
          <property name="File/ImageWidth" value="410"/>
          <property name="System/FileModifyDate" value="2019:12:02 14:14:20"/>
          <property name="System/FileSize" value="27457"/>
        </meta>
      </photo>
    </camera>
    <camera camera_id="9">
      <photo path="../../../308_16_view/51_YukihiroIwayama.jpg">
        <meta>
          <property name="File/ImageHeight" value="308"/>
          <property name="File/ImageWidth" value="410"/>
          <property name="System/FileModifyDate" value="2019:12:02 14:14:21"/>
          <property name="System/FileSize" value="28648"/>
        </meta>
      </photo>
    </camera>
    <camera camera_id="10">
      <photo path="../../../308_16_view/53_YukihiroIwayama.jpg">
        <meta>
          <property name="File/ImageHeight" value="308"/>
          <property name="File/ImageWidth" value="410"/>
          <property name="System/FileModifyDate" value="2019:12:02 14:14:21"/>
          <property name="System/FileSize" value="28708"/>
        </meta>
      </photo>
    </camera>
    <camera camera_id="11">
      <photo path="../../../308_16_view/55_YukihiroIwayama.jpg">
        <meta>
          <property name="File/ImageHeight" value="308"/>
          <property name="File/ImageWidth" value="410"/>
          <property name="System/FileModifyDate" value="2019:12:02 14:14:22"/>
          <property name="System/FileSize" value="26925"/>
        </meta>
      </photo>
    </camera>
    <camera camera_id="12">
      <photo path="../../../308_16_view/57_YukihiroIwayama.jpg">
        <meta>
          <property name="File/ImageHeight" value="308"/>
          <property name="File/ImageWidth" value="410"/>
          <property name="System/FileModifyDate" value="2019:12:02 14:14:22"/>
          <property name="System/FileSize" value="27660"/>
        </meta>
      </photo>
    </camera>
    <camera camera_id="13">
      <photo path="../../../308_16_view/59_YukihiroIwayama.jpg">
        <meta>
          <property name="File/ImageHeight" value="308"/>
          <property name="File/ImageWidth" value="410"/>
          <property name="System/FileModifyDate" value="2019:12:02 14:14:23"/>
          <property name="System/FileSize" value="29898"/>
        </meta>
      </photo>
    </camera>
    <camera camera_id="14">
      <photo path="../../../308_16_view/61_YukihiroIwayama.jpg">
        <meta>
          <property name="File/ImageHeight" value="308"/>
          <property name="File/ImageWidth" value="410"/>
          <property name="System/FileModifyDate" value="2019:12:02 14:14:23"/>
          <property name="System/FileSize" value="29895"/>
        </meta>
      </photo>
    </camera>
    <camera camera_id="15">
      <photo path="../../../308_16_view/63_YukihiroIwayama.jpg">
        <meta>
          <property name="File/ImageHeight" value="308"/>
          <property name="File/ImageWidth" value="410"/>
          <property name="System/FileModifyDate" value="2019:12:02 14:14:24"/>
          <property name="System/FileSize" value="31707"/>
        </meta>
      </photo>
    </camera>
  </cameras>
  <thumbnails path="thumbnails/thumbnails.zip"/>
  <point_cloud path="point_cloud/point_cloud.zip"/>
</frame>
