<?xml version="1.0" encoding="UTF-8"?>
<frame version="1.2.0">
  <cameras>
    <camera camera_id="88">
      <photo path="../../../308/1_YukihiroIwayama.jpg">
        <meta>
          <property name="File/ImageHeight" value="308"/>
          <property name="File/ImageWidth" value="410"/>
          <property name="System/FileModifyDate" value="2019:12:02 14:14:13"/>
          <property name="System/FileSize" value="30029"/>
        </meta>
      </photo>
    </camera>
    <camera camera_id="89">
      <photo path="../../../308/2_YukihiroIwayama.jpg">
        <meta>
          <property name="File/ImageHeight" value="308"/>
          <property name="File/ImageWidth" value="410"/>
          <property name="System/FileModifyDate" value="2019:12:02 14:14:16"/>
          <property name="System/FileSize" value="28321"/>
        </meta>
      </photo>
    </camera>
    <camera camera_id="90">
      <photo path="../../../308/3_YukihiroIwayama.jpg">
        <meta>
          <property name="File/ImageHeight" value="308"/>
          <property name="File/ImageWidth" value="410"/>
          <property name="System/FileModifyDate" value="2019:12:02 14:14:18"/>
          <property name="System/FileSize" value="33514"/>
        </meta>
      </photo>
    </camera>
    <camera camera_id="91">
      <photo path="../../../308/4_YukihiroIwayama.jpg">
        <meta>
          <property name="File/ImageHeight" value="308"/>
          <property name="File/ImageWidth" value="410"/>
          <property name="System/FileModifyDate" value="2019:12:02 14:14:20"/>
          <property name="System/FileSize" value="31539"/>
        </meta>
      </photo>
    </camera>
    <camera camera_id="92">
      <photo path="../../../308/5_YukihiroIwayama.jpg">
        <meta>
          <property name="File/ImageHeight" value="308"/>
          <property name="File/ImageWidth" value="410"/>
          <property name="System/FileModifyDate" value="2019:12:02 14:14:23"/>
          <property name="System/FileSize" value="31668"/>
        </meta>
      </photo>
    </camera>
    <camera camera_id="93">
      <photo path="../../../308/6_YukihiroIwayama.jpg">
        <meta>
          <property name="File/ImageHeight" value="308"/>
          <property name="File/ImageWidth" value="410"/>
          <property name="System/FileModifyDate" value="2019:12:02 14:14:25"/>
          <property name="System/FileSize" value="29512"/>
        </meta>
      </photo>
    </camera>
    <camera camera_id="94">
      <photo path="../../../308/7_YukihiroIwayama.jpg">
        <meta>
          <property name="File/ImageHeight" value="308"/>
          <property name="File/ImageWidth" value="410"/>
          <property name="System/FileModifyDate" value="2019:12:02 14:14:28"/>
          <property name="System/FileSize" value="31831"/>
        </meta>
      </photo>
    </camera>
    <camera camera_id="95">
      <photo path="../../../308/8_YukihiroIwayama.jpg">
        <meta>
          <property name="File/ImageHeight" value="308"/>
          <property name="File/ImageWidth" value="410"/>
          <property name="System/FileModifyDate" value="2019:12:02 14:14:30"/>
          <property name="System/FileSize" value="32239"/>
        </meta>
      </photo>
    </camera>
    <camera camera_id="96">
      <photo path="../../../308/9_YukihiroIwayama.jpg">
        <meta>
          <property name="File/ImageHeight" value="308"/>
          <property name="File/ImageWidth" value="410"/>
          <property name="System/FileModifyDate" value="2019:12:02 14:14:30"/>
          <property name="System/FileSize" value="32250"/>
        </meta>
      </photo>
    </camera>
    <camera camera_id="97">
      <photo path="../../../308/10_YukihiroIwayama.jpg">
        <meta>
          <property name="File/ImageHeight" value="308"/>
          <property name="File/ImageWidth" value="410"/>
          <property name="System/FileModifyDate" value="2019:12:02 14:14:11"/>
          <property name="System/FileSize" value="29736"/>
        </meta>
      </photo>
    </camera>
    <camera camera_id="98">
      <photo path="../../../308/11_YukihiroIwayama.jpg">
        <meta>
          <property name="File/ImageHeight" value="308"/>
          <property name="File/ImageWidth" value="410"/>
          <property name="System/FileModifyDate" value="2019:12:02 14:14:11"/>
          <property name="System/FileSize" value="31470"/>
        </meta>
      </photo>
    </camera>
    <camera camera_id="99">
      <photo path="../../../308/12_YukihiroIwayama.jpg">
        <meta>
          <property name="File/ImageHeight" value="308"/>
          <property name="File/ImageWidth" value="410"/>
          <property name="System/FileModifyDate" value="2019:12:02 14:14:11"/>
          <property name="System/FileSize" value="32365"/>
        </meta>
      </photo>
    </camera>
    <camera camera_id="100">
      <photo path="../../../308/13_YukihiroIwayama.jpg">
        <meta>
          <property name="File/ImageHeight" value="308"/>
          <property name="File/ImageWidth" value="410"/>
          <property name="System/FileModifyDate" value="2019:12:02 14:14:12"/>
          <property name="System/FileSize" value="32091"/>
        </meta>
      </photo>
    </camera>
    <camera camera_id="101">
      <photo path="../../../308/14_YukihiroIwayama.jpg">
        <meta>
          <property name="File/ImageHeight" value="308"/>
          <property name="File/ImageWidth" value="410"/>
          <property name="System/FileModifyDate" value="2019:12:02 14:14:12"/>
          <property name="System/FileSize" value="33327"/>
        </meta>
      </photo>
    </camera>
    <camera camera_id="102">
      <photo path="../../../308/15_YukihiroIwayama.jpg">
        <meta>
          <property name="File/ImageHeight" value="308"/>
          <property name="File/ImageWidth" value="410"/>
          <property name="System/FileModifyDate" value="2019:12:02 14:14:12"/>
          <property name="System/FileSize" value="32855"/>
        </meta>
      </photo>
    </camera>
    <camera camera_id="103">
      <photo path="../../../308/16_YukihiroIwayama.jpg">
        <meta>
          <property name="File/ImageHeight" value="308"/>
          <property name="File/ImageWidth" value="410"/>
          <property name="System/FileModifyDate" value="2019:12:02 14:14:12"/>
          <property name="System/FileSize" value="29066"/>
        </meta>
      </photo>
    </camera>
    <camera camera_id="104">
      <photo path="../../../308/17_YukihiroIwayama.jpg">
        <meta>
          <property name="File/ImageHeight" value="308"/>
          <property name="File/ImageWidth" value="410"/>
          <property name="System/FileModifyDate" value="2019:12:02 14:14:13"/>
          <property name="System/FileSize" value="26145"/>
        </meta>
      </photo>
    </camera>
    <camera camera_id="105">
      <photo path="../../../308/18_YukihiroIwayama.jpg">
        <meta>
          <property name="File/ImageHeight" value="308"/>
          <property name="File/ImageWidth" value="410"/>
          <property name="System/FileModifyDate" value="2019:12:02 14:14:13"/>
          <property name="System/FileSize" value="27315"/>
        </meta>
      </photo>
    </camera>
    <camera camera_id="106">
      <photo path="../../../308/19_YukihiroIwayama.jpg">
        <meta>
          <property name="File/ImageHeight" value="308"/>
          <property name="File/ImageWidth" value="410"/>
          <property name="System/FileModifyDate" value="2019:12:02 14:14:13"/>
          <property name="System/FileSize" value="29071"/>
        </meta>
      </photo>
    </camera>
    <camera camera_id="107">
      <photo path="../../../308/20_YukihiroIwayama.jpg">
        <meta>
          <property name="File/ImageHeight" value="308"/>
          <property name="File/ImageWidth" value="410"/>
          <property name="System/FileModifyDate" value="2019:12:02 14:14:13"/>
          <property name="System/FileSize" value="29548"/>
        </meta>
      </photo>
    </camera>
    <camera camera_id="108">
      <photo path="../../../308/21_YukihiroIwayama.jpg">
        <meta>
          <property name="File/ImageHeight" value="308"/>
          <property name="File/ImageWidth" value="410"/>
          <property name="System/FileModifyDate" value="2019:12:02 14:14:14"/>
          <property name="System/FileSize" value="27439"/>
        </meta>
      </photo>
    </camera>
    <camera camera_id="109">
      <photo path="../../../308/22_YukihiroIwayama.jpg">
        <meta>
          <property name="File/ImageHeight" value="308"/>
          <property name="File/ImageWidth" value="410"/>
          <property name="System/FileModifyDate" value="2019:12:02 14:14:14"/>
          <property name="System/FileSize" value="27519"/>
        </meta>
      </photo>
    </camera>
    <camera camera_id="110">
      <photo path="../../../308/23_YukihiroIwayama.jpg">
        <meta>
          <property name="File/ImageHeight" value="308"/>
          <property name="File/ImageWidth" value="410"/>
          <property name="System/FileModifyDate" value="2019:12:02 14:14:14"/>
          <property name="System/FileSize" value="27126"/>
        </meta>
      </photo>
    </camera>
    <camera camera_id="111">
      <photo path="../../../308/24_YukihiroIwayama.jpg">
        <meta>
          <property name="File/ImageHeight" value="308"/>
          <property name="File/ImageWidth" value="410"/>
          <property name="System/FileModifyDate" value="2019:12:02 14:14:14"/>
          <property name="System/FileSize" value="29593"/>
        </meta>
      </photo>
    </camera>
    <camera camera_id="112">
      <photo path="../../../308/25_YukihiroIwayama.jpg">
        <meta>
          <property name="File/ImageHeight" value="308"/>
          <property name="File/ImageWidth" value="410"/>
          <property name="System/FileModifyDate" value="2019:12:02 14:14:15"/>
          <property name="System/FileSize" value="25242"/>
        </meta>
      </photo>
    </camera>
    <camera camera_id="113">
      <photo path="../../../308/26_YukihiroIwayama.jpg">
        <meta>
          <property name="File/ImageHeight" value="308"/>
          <property name="File/ImageWidth" value="410"/>
          <property name="System/FileModifyDate" value="2019:12:02 14:14:15"/>
          <property name="System/FileSize" value="28240"/>
        </meta>
      </photo>
    </camera>
    <camera camera_id="114">
      <photo path="../../../308/27_YukihiroIwayama.jpg">
        <meta>
          <property name="File/ImageHeight" value="308"/>
          <property name="File/ImageWidth" value="410"/>
          <property name="System/FileModifyDate" value="2019:12:02 14:14:15"/>
          <property name="System/FileSize" value="28104"/>
        </meta>
      </photo>
    </camera>
    <camera camera_id="115">
      <photo path="../../../308/28_YukihiroIwayama.jpg">
        <meta>
          <property name="File/ImageHeight" value="308"/>
          <property name="File/ImageWidth" value="410"/>
          <property name="System/FileModifyDate" value="2019:12:02 14:14:15"/>
          <property name="System/FileSize" value="25348"/>
        </meta>
      </photo>
    </camera>
    <camera camera_id="116">
      <photo path="../../../308/29_YukihiroIwayama.jpg">
        <meta>
          <property name="File/ImageHeight" value="308"/>
          <property name="File/ImageWidth" value="410"/>
          <property name="System/FileModifyDate" value="2019:12:02 14:14:16"/>
          <property name="System/FileSize" value="27563"/>
        </meta>
      </photo>
    </camera>
    <camera camera_id="117">
      <photo path="../../../308/30_YukihiroIwayama.jpg">
        <meta>
          <property name="File/ImageHeight" value="308"/>
          <property name="File/ImageWidth" value="410"/>
          <property name="System/FileModifyDate" value="2019:12:02 14:14:16"/>
          <property name="System/FileSize" value="28932"/>
        </meta>
      </photo>
    </camera>
    <camera camera_id="118">
      <photo path="../../../308/31_YukihiroIwayama.jpg">
        <meta>
          <property name="File/ImageHeight" value="308"/>
          <property name="File/ImageWidth" value="410"/>
          <property name="System/FileModifyDate" value="2019:12:02 14:14:16"/>
          <property name="System/FileSize" value="25323"/>
        </meta>
      </photo>
    </camera>
    <camera camera_id="119">
      <photo path="../../../308/32_YukihiroIwayama.jpg">
        <meta>
          <property name="File/ImageHeight" value="308"/>
          <property name="File/ImageWidth" value="410"/>
          <property name="System/FileModifyDate" value="2019:12:02 14:14:16"/>
          <property name="System/FileSize" value="25860"/>
        </meta>
      </photo>
    </camera>
    <camera camera_id="120">
      <photo path="../../../308/33_YukihiroIwayama.jpg">
        <meta>
          <property name="File/ImageHeight" value="308"/>
          <property name="File/ImageWidth" value="410"/>
          <property name="System/FileModifyDate" value="2019:12:02 14:14:17"/>
          <property name="System/FileSize" value="23116"/>
        </meta>
      </photo>
    </camera>
    <camera camera_id="121">
      <photo path="../../../308/34_YukihiroIwayama.jpg">
        <meta>
          <property name="File/ImageHeight" value="308"/>
          <property name="File/ImageWidth" value="410"/>
          <property name="System/FileModifyDate" value="2019:12:02 14:14:17"/>
          <property name="System/FileSize" value="26267"/>
        </meta>
      </photo>
    </camera>
    <camera camera_id="122">
      <photo path="../../../308/35_YukihiroIwayama.jpg">
        <meta>
          <property name="File/ImageHeight" value="308"/>
          <property name="File/ImageWidth" value="410"/>
          <property name="System/FileModifyDate" value="2019:12:02 14:14:17"/>
          <property name="System/FileSize" value="23637"/>
        </meta>
      </photo>
    </camera>
    <camera camera_id="123">
      <photo path="../../../308/36_YukihiroIwayama.jpg">
        <meta>
          <property name="File/ImageHeight" value="308"/>
          <property name="File/ImageWidth" value="410"/>
          <property name="System/FileModifyDate" value="2019:12:02 14:14:17"/>
          <property name="System/FileSize" value="28137"/>
        </meta>
      </photo>
    </camera>
    <camera camera_id="124">
      <photo path="../../../308/37_YukihiroIwayama.jpg">
        <meta>
          <property name="File/ImageHeight" value="308"/>
          <property name="File/ImageWidth" value="410"/>
          <property name="System/FileModifyDate" value="2019:12:02 14:14:17"/>
          <property name="System/FileSize" value="26157"/>
        </meta>
      </photo>
    </camera>
    <camera camera_id="125">
      <photo path="../../../308/38_YukihiroIwayama.jpg">
        <meta>
          <property name="File/ImageHeight" value="308"/>
          <property name="File/ImageWidth" value="410"/>
          <property name="System/FileModifyDate" value="2019:12:02 14:14:18"/>
          <property name="System/FileSize" value="23007"/>
        </meta>
      </photo>
    </camera>
    <camera camera_id="126">
      <photo path="../../../308/39_YukihiroIwayama.jpg">
        <meta>
          <property name="File/ImageHeight" value="308"/>
          <property name="File/ImageWidth" value="410"/>
          <property name="System/FileModifyDate" value="2019:12:02 14:14:18"/>
          <property name="System/FileSize" value="24562"/>
        </meta>
      </photo>
    </camera>
    <camera camera_id="127">
      <photo path="../../../308/40_YukihiroIwayama.jpg">
        <meta>
          <property name="File/ImageHeight" value="308"/>
          <property name="File/ImageWidth" value="410"/>
          <property name="System/FileModifyDate" value="2019:12:02 14:14:18"/>
          <property name="System/FileSize" value="24474"/>
        </meta>
      </photo>
    </camera>
    <camera camera_id="128">
      <photo path="../../../308/41_YukihiroIwayama.jpg">
        <meta>
          <property name="File/ImageHeight" value="308"/>
          <property name="File/ImageWidth" value="410"/>
          <property name="System/FileModifyDate" value="2019:12:02 14:14:19"/>
          <property name="System/FileSize" value="25759"/>
        </meta>
      </photo>
    </camera>
    <camera camera_id="129">
      <photo path="../../../308/42_YukihiroIwayama.jpg">
        <meta>
          <property name="File/ImageHeight" value="308"/>
          <property name="File/ImageWidth" value="410"/>
          <property name="System/FileModifyDate" value="2019:12:02 14:14:19"/>
          <property name="System/FileSize" value="24847"/>
        </meta>
      </photo>
    </camera>
    <camera camera_id="130">
      <photo path="../../../308/43_YukihiroIwayama.jpg">
        <meta>
          <property name="File/ImageHeight" value="308"/>
          <property name="File/ImageWidth" value="410"/>
          <property name="System/FileModifyDate" value="2019:12:02 14:14:19"/>
          <property name="System/FileSize" value="26316"/>
        </meta>
      </photo>
    </camera>
    <camera camera_id="131">
      <photo path="../../../308/44_YukihiroIwayama.jpg">
        <meta>
          <property name="File/ImageHeight" value="308"/>
          <property name="File/ImageWidth" value="410"/>
          <property name="System/FileModifyDate" value="2019:12:02 14:14:19"/>
          <property name="System/FileSize" value="22965"/>
        </meta>
      </photo>
    </camera>
    <camera camera_id="132">
      <photo path="../../../308/45_YukihiroIwayama.jpg">
        <meta>
          <property name="File/ImageHeight" value="308"/>
          <property name="File/ImageWidth" value="410"/>
          <property name="System/FileModifyDate" value="2019:12:02 14:14:19"/>
          <property name="System/FileSize" value="25349"/>
        </meta>
      </photo>
    </camera>
    <camera camera_id="133">
      <photo path="../../../308/46_YukihiroIwayama.jpg">
        <meta>
          <property name="File/ImageHeight" value="308"/>
          <property name="File/ImageWidth" value="410"/>
          <property name="System/FileModifyDate" value="2019:12:02 14:14:20"/>
          <property name="System/FileSize" value="23218"/>
        </meta>
      </photo>
    </camera>
    <camera camera_id="134">
      <photo path="../../../308/47_YukihiroIwayama.jpg">
        <meta>
          <property name="File/ImageHeight" value="308"/>
          <property name="File/ImageWidth" value="410"/>
          <property name="System/FileModifyDate" value="2019:12:02 14:14:20"/>
          <property name="System/FileSize" value="27189"/>
        </meta>
      </photo>
    </camera>
    <camera camera_id="135">
      <photo path="../../../308/48_YukihiroIwayama.jpg">
        <meta>
          <property name="File/ImageHeight" value="308"/>
          <property name="File/ImageWidth" value="410"/>
          <property name="System/FileModifyDate" value="2019:12:02 14:14:20"/>
          <property name="System/FileSize" value="23706"/>
        </meta>
      </photo>
    </camera>
    <camera camera_id="136">
      <photo path="../../../308/49_YukihiroIwayama.jpg">
        <meta>
          <property name="File/ImageHeight" value="308"/>
          <property name="File/ImageWidth" value="410"/>
          <property name="System/FileModifyDate" value="2019:12:02 14:14:20"/>
          <property name="System/FileSize" value="27457"/>
        </meta>
      </photo>
    </camera>
    <camera camera_id="137">
      <photo path="../../../308/50_YukihiroIwayama.jpg">
        <meta>
          <property name="File/ImageHeight" value="308"/>
          <property name="File/ImageWidth" value="410"/>
          <property name="System/FileModifyDate" value="2019:12:02 14:14:21"/>
          <property name="System/FileSize" value="31245"/>
        </meta>
      </photo>
    </camera>
    <camera camera_id="138">
      <photo path="../../../308/51_YukihiroIwayama.jpg">
        <meta>
          <property name="File/ImageHeight" value="308"/>
          <property name="File/ImageWidth" value="410"/>
          <property name="System/FileModifyDate" value="2019:12:02 14:14:21"/>
          <property name="System/FileSize" value="28648"/>
        </meta>
      </photo>
    </camera>
    <camera camera_id="139">
      <photo path="../../../308/52_YukihiroIwayama.jpg">
        <meta>
          <property name="File/ImageHeight" value="308"/>
          <property name="File/ImageWidth" value="410"/>
          <property name="System/FileModifyDate" value="2019:12:02 14:14:21"/>
          <property name="System/FileSize" value="30839"/>
        </meta>
      </photo>
    </camera>
    <camera camera_id="140">
      <photo path="../../../308/53_YukihiroIwayama.jpg">
        <meta>
          <property name="File/ImageHeight" value="308"/>
          <property name="File/ImageWidth" value="410"/>
          <property name="System/FileModifyDate" value="2019:12:02 14:14:21"/>
          <property name="System/FileSize" value="28708"/>
        </meta>
      </photo>
    </camera>
    <camera camera_id="141">
      <photo path="../../../308/54_YukihiroIwayama.jpg">
        <meta>
          <property name="File/ImageHeight" value="308"/>
          <property name="File/ImageWidth" value="410"/>
          <property name="System/FileModifyDate" value="2019:12:02 14:14:22"/>
          <property name="System/FileSize" value="30051"/>
        </meta>
      </photo>
    </camera>
    <camera camera_id="142">
      <photo path="../../../308/55_YukihiroIwayama.jpg">
        <meta>
          <property name="File/ImageHeight" value="308"/>
          <property name="File/ImageWidth" value="410"/>
          <property name="System/FileModifyDate" value="2019:12:02 14:14:22"/>
          <property name="System/FileSize" value="26925"/>
        </meta>
      </photo>
    </camera>
    <camera camera_id="143">
      <photo path="../../../308/56_YukihiroIwayama.jpg">
        <meta>
          <property name="File/ImageHeight" value="308"/>
          <property name="File/ImageWidth" value="410"/>
          <property name="System/FileModifyDate" value="2019:12:02 14:14:22"/>
          <property name="System/FileSize" value="30413"/>
        </meta>
      </photo>
    </camera>
    <camera camera_id="144">
      <photo path="../../../308/57_YukihiroIwayama.jpg">
        <meta>
          <property name="File/ImageHeight" value="308"/>
          <property name="File/ImageWidth" value="410"/>
          <property name="System/FileModifyDate" value="2019:12:02 14:14:22"/>
          <property name="System/FileSize" value="27660"/>
        </meta>
      </photo>
    </camera>
    <camera camera_id="145">
      <photo path="../../../308/58_YukihiroIwayama.jpg">
        <meta>
          <property name="File/ImageHeight" value="308"/>
          <property name="File/ImageWidth" value="410"/>
          <property name="System/FileModifyDate" value="2019:12:02 14:14:22"/>
          <property name="System/FileSize" value="31460"/>
        </meta>
      </photo>
    </camera>
    <camera camera_id="146">
      <photo path="../../../308/59_YukihiroIwayama.jpg">
        <meta>
          <property name="File/ImageHeight" value="308"/>
          <property name="File/ImageWidth" value="410"/>
          <property name="System/FileModifyDate" value="2019:12:02 14:14:23"/>
          <property name="System/FileSize" value="29898"/>
        </meta>
      </photo>
    </camera>
    <camera camera_id="147">
      <photo path="../../../308/60_YukihiroIwayama.jpg">
        <meta>
          <property name="File/ImageHeight" value="308"/>
          <property name="File/ImageWidth" value="410"/>
          <property name="System/FileModifyDate" value="2019:12:02 14:14:23"/>
          <property name="System/FileSize" value="30342"/>
        </meta>
      </photo>
    </camera>
    <camera camera_id="148">
      <photo path="../../../308/61_YukihiroIwayama.jpg">
        <meta>
          <property name="File/ImageHeight" value="308"/>
          <property name="File/ImageWidth" value="410"/>
          <property name="System/FileModifyDate" value="2019:12:02 14:14:23"/>
          <property name="System/FileSize" value="29895"/>
        </meta>
      </photo>
    </camera>
    <camera camera_id="149">
      <photo path="../../../308/62_YukihiroIwayama.jpg">
        <meta>
          <property name="File/ImageHeight" value="308"/>
          <property name="File/ImageWidth" value="410"/>
          <property name="System/FileModifyDate" value="2019:12:02 14:14:24"/>
          <property name="System/FileSize" value="28843"/>
        </meta>
      </photo>
    </camera>
    <camera camera_id="150">
      <photo path="../../../308/63_YukihiroIwayama.jpg">
        <meta>
          <property name="File/ImageHeight" value="308"/>
          <property name="File/ImageWidth" value="410"/>
          <property name="System/FileModifyDate" value="2019:12:02 14:14:24"/>
          <property name="System/FileSize" value="31707"/>
        </meta>
      </photo>
    </camera>
    <camera camera_id="151">
      <photo path="../../../308/64_YukihiroIwayama.jpg">
        <meta>
          <property name="File/ImageHeight" value="308"/>
          <property name="File/ImageWidth" value="410"/>
          <property name="System/FileModifyDate" value="2019:12:02 14:14:24"/>
          <property name="System/FileSize" value="28164"/>
        </meta>
      </photo>
    </camera>
    <camera camera_id="152">
      <photo path="../../../308/65_YukihiroIwayama.jpg">
        <meta>
          <property name="File/ImageHeight" value="308"/>
          <property name="File/ImageWidth" value="410"/>
          <property name="System/FileModifyDate" value="2019:12:02 14:14:24"/>
          <property name="System/FileSize" value="32621"/>
        </meta>
      </photo>
    </camera>
    <camera camera_id="153">
      <photo path="../../../308/66_YukihiroIwayama.jpg">
        <meta>
          <property name="File/ImageHeight" value="308"/>
          <property name="File/ImageWidth" value="410"/>
          <property name="System/FileModifyDate" value="2019:12:02 14:14:24"/>
          <property name="System/FileSize" value="34604"/>
        </meta>
      </photo>
    </camera>
    <camera camera_id="154">
      <photo path="../../../308/67_YukihiroIwayama.jpg">
        <meta>
          <property name="File/ImageHeight" value="308"/>
          <property name="File/ImageWidth" value="410"/>
          <property name="System/FileModifyDate" value="2019:12:02 14:14:25"/>
          <property name="System/FileSize" value="33975"/>
        </meta>
      </photo>
    </camera>
    <camera camera_id="155">
      <photo path="../../../308/68_YukihiroIwayama.jpg">
        <meta>
          <property name="File/ImageHeight" value="308"/>
          <property name="File/ImageWidth" value="410"/>
          <property name="System/FileModifyDate" value="2019:12:02 14:14:25"/>
          <property name="System/FileSize" value="32575"/>
        </meta>
      </photo>
    </camera>
    <camera camera_id="156">
      <photo path="../../../308/69_YukihiroIwayama.jpg">
        <meta>
          <property name="File/ImageHeight" value="308"/>
          <property name="File/ImageWidth" value="410"/>
          <property name="System/FileModifyDate" value="2019:12:02 14:14:25"/>
          <property name="System/FileSize" value="33772"/>
        </meta>
      </photo>
    </camera>
    <camera camera_id="157">
      <photo path="../../../308/70_YukihiroIwayama.jpg">
        <meta>
          <property name="File/ImageHeight" value="308"/>
          <property name="File/ImageWidth" value="410"/>
          <property name="System/FileModifyDate" value="2019:12:02 14:14:25"/>
          <property name="System/FileSize" value="35274"/>
        </meta>
      </photo>
    </camera>
    <camera camera_id="158">
      <photo path="../../../308/71_YukihiroIwayama.jpg">
        <meta>
          <property name="File/ImageHeight" value="308"/>
          <property name="File/ImageWidth" value="410"/>
          <property name="System/FileModifyDate" value="2019:12:02 14:14:26"/>
          <property name="System/FileSize" value="33670"/>
        </meta>
      </photo>
    </camera>
    <camera camera_id="159">
      <photo path="../../../308/72_YukihiroIwayama.jpg">
        <meta>
          <property name="File/ImageHeight" value="308"/>
          <property name="File/ImageWidth" value="410"/>
          <property name="System/FileModifyDate" value="2019:12:02 14:14:26"/>
          <property name="System/FileSize" value="30277"/>
        </meta>
      </photo>
    </camera>
    <camera camera_id="160">
      <photo path="../../../308/73_YukihiroIwayama.jpg">
        <meta>
          <property name="File/ImageHeight" value="308"/>
          <property name="File/ImageWidth" value="410"/>
          <property name="System/FileModifyDate" value="2019:12:02 14:14:26"/>
          <property name="System/FileSize" value="35496"/>
        </meta>
      </photo>
    </camera>
    <camera camera_id="161">
      <photo path="../../../308/74_YukihiroIwayama.jpg">
        <meta>
          <property name="File/ImageHeight" value="308"/>
          <property name="File/ImageWidth" value="410"/>
          <property name="System/FileModifyDate" value="2019:12:02 14:14:26"/>
          <property name="System/FileSize" value="35309"/>
        </meta>
      </photo>
    </camera>
    <camera camera_id="162">
      <photo path="../../../308/75_YukihiroIwayama.jpg">
        <meta>
          <property name="File/ImageHeight" value="308"/>
          <property name="File/ImageWidth" value="410"/>
          <property name="System/FileModifyDate" value="2019:12:02 14:14:27"/>
          <property name="System/FileSize" value="34165"/>
        </meta>
      </photo>
    </camera>
    <camera camera_id="163">
      <photo path="../../../308/76_YukihiroIwayama.jpg">
        <meta>
          <property name="File/ImageHeight" value="308"/>
          <property name="File/ImageWidth" value="410"/>
          <property name="System/FileModifyDate" value="2019:12:02 14:14:27"/>
          <property name="System/FileSize" value="35791"/>
        </meta>
      </photo>
    </camera>
    <camera camera_id="164">
      <photo path="../../../308/77_YukihiroIwayama.jpg">
        <meta>
          <property name="File/ImageHeight" value="308"/>
          <property name="File/ImageWidth" value="410"/>
          <property name="System/FileModifyDate" value="2019:12:02 14:14:27"/>
          <property name="System/FileSize" value="33711"/>
        </meta>
      </photo>
    </camera>
    <camera camera_id="165">
      <photo path="../../../308/78_YukihiroIwayama.jpg">
        <meta>
          <property name="File/ImageHeight" value="308"/>
          <property name="File/ImageWidth" value="410"/>
          <property name="System/FileModifyDate" value="2019:12:02 14:14:27"/>
          <property name="System/FileSize" value="32286"/>
        </meta>
      </photo>
    </camera>
    <camera camera_id="166">
      <photo path="../../../308/79_YukihiroIwayama.jpg">
        <meta>
          <property name="File/ImageHeight" value="308"/>
          <property name="File/ImageWidth" value="410"/>
          <property name="System/FileModifyDate" value="2019:12:02 14:14:27"/>
          <property name="System/FileSize" value="35778"/>
        </meta>
      </photo>
    </camera>
    <camera camera_id="167">
      <photo path="../../../308/80_YukihiroIwayama.jpg">
        <meta>
          <property name="File/ImageHeight" value="308"/>
          <property name="File/ImageWidth" value="410"/>
          <property name="System/FileModifyDate" value="2019:12:02 14:14:28"/>
          <property name="System/FileSize" value="34130"/>
        </meta>
      </photo>
    </camera>
    <camera camera_id="168">
      <photo path="../../../308/81_YukihiroIwayama.jpg">
        <meta>
          <property name="File/ImageHeight" value="308"/>
          <property name="File/ImageWidth" value="410"/>
          <property name="System/FileModifyDate" value="2019:12:02 14:14:28"/>
          <property name="System/FileSize" value="29401"/>
        </meta>
      </photo>
    </camera>
    <camera camera_id="169">
      <photo path="../../../308/82_YukihiroIwayama.jpg">
        <meta>
          <property name="File/ImageHeight" value="308"/>
          <property name="File/ImageWidth" value="410"/>
          <property name="System/FileModifyDate" value="2019:12:02 14:14:28"/>
          <property name="System/FileSize" value="25624"/>
        </meta>
      </photo>
    </camera>
    <camera camera_id="170">
      <photo path="../../../308/83_YukihiroIwayama.jpg">
        <meta>
          <property name="File/ImageHeight" value="308"/>
          <property name="File/ImageWidth" value="410"/>
          <property name="System/FileModifyDate" value="2019:12:02 14:14:29"/>
          <property name="System/FileSize" value="20778"/>
        </meta>
      </photo>
    </camera>
    <camera camera_id="171">
      <photo path="../../../308/84_YukihiroIwayama.jpg">
        <meta>
          <property name="File/ImageHeight" value="308"/>
          <property name="File/ImageWidth" value="410"/>
          <property name="System/FileModifyDate" value="2019:12:02 14:14:29"/>
          <property name="System/FileSize" value="22222"/>
        </meta>
      </photo>
    </camera>
    <camera camera_id="172">
      <photo path="../../../308/85_YukihiroIwayama.jpg">
        <meta>
          <property name="File/ImageHeight" value="308"/>
          <property name="File/ImageWidth" value="410"/>
          <property name="System/FileModifyDate" value="2019:12:02 14:14:29"/>
          <property name="System/FileSize" value="21696"/>
        </meta>
      </photo>
    </camera>
    <camera camera_id="173">
      <photo path="../../../308/86_YukihiroIwayama.jpg">
        <meta>
          <property name="File/ImageHeight" value="308"/>
          <property name="File/ImageWidth" value="410"/>
          <property name="System/FileModifyDate" value="2019:12:02 14:14:29"/>
          <property name="System/FileSize" value="21753"/>
        </meta>
      </photo>
    </camera>
    <camera camera_id="174">
      <photo path="../../../308/87_YukihiroIwayama.jpg">
        <meta>
          <property name="File/ImageHeight" value="308"/>
          <property name="File/ImageWidth" value="410"/>
          <property name="System/FileModifyDate" value="2019:12:02 14:14:29"/>
          <property name="System/FileSize" value="29930"/>
        </meta>
      </photo>
    </camera>
    <camera camera_id="175">
      <photo path="../../../308/88_YukihiroIwayama.jpg">
        <meta>
          <property name="File/ImageHeight" value="308"/>
          <property name="File/ImageWidth" value="410"/>
          <property name="System/FileModifyDate" value="2019:12:02 14:14:30"/>
          <property name="System/FileSize" value="26275"/>
        </meta>
      </photo>
    </camera>
  </cameras>
  <thumbnails path="thumbnails/thumbnails.zip"/>
  <point_cloud path="point_cloud/point_cloud.zip"/>
  <depth_maps id="0" path="depth_maps.1/depth_maps.zip"/>
  <dense_cloud id="0" path="dense_cloud.1/dense_cloud.zip"/>
  <model id="0" path="model/model.zip"/>
  <tiled_model id="0" path="tiled_model/tiled_model.zip"/>
</frame>
