<?xml version="1.0" encoding="UTF-8"?>
<point_cloud version="1.2.0">
  <params>
    <dataType>uint8</dataType>
    <bands>
      <band label="Red"/>
      <band label="Green"/>
      <band label="Blue"/>
    </bands>
  </params>
  <tracks path="tracks.ply" count="61307"/>
  <points path="points.ply" count="52103"/>
  <projections camera_id="0" path="p0.ply" count="1802"/>
  <projections camera_id="1" path="p1.ply" count="2070"/>
  <projections camera_id="2" path="p2.ply" count="2326"/>
  <projections camera_id="3" path="p3.ply" count="2537"/>
  <projections camera_id="4" path="p4.ply" count="2357"/>
  <projections camera_id="5" path="p5.ply" count="2469"/>
  <projections camera_id="6" path="p6.ply" count="2841"/>
  <projections camera_id="7" path="p7.ply" count="2764"/>
  <projections camera_id="8" path="p8.ply" count="2584"/>
  <projections camera_id="9" path="p9.ply" count="2177"/>
  <projections camera_id="10" path="p10.ply" count="2625"/>
  <projections camera_id="11" path="p11.ply" count="2664"/>
  <projections camera_id="12" path="p12.ply" count="2735"/>
  <projections camera_id="13" path="p13.ply" count="2662"/>
  <projections camera_id="14" path="p14.ply" count="2249"/>
  <projections camera_id="15" path="p15.ply" count="1696"/>
  <projections camera_id="16" path="p16.ply" count="2303"/>
  <projections camera_id="17" path="p17.ply" count="2120"/>
  <projections camera_id="18" path="p18.ply" count="2353"/>
  <projections camera_id="19" path="p19.ply" count="2595"/>
  <projections camera_id="20" path="p20.ply" count="2354"/>
  <projections camera_id="21" path="p21.ply" count="2434"/>
  <projections camera_id="22" path="p22.ply" count="2552"/>
  <projections camera_id="23" path="p23.ply" count="2960"/>
  <projections camera_id="24" path="p24.ply" count="2549"/>
  <projections camera_id="25" path="p25.ply" count="2482"/>
  <projections camera_id="26" path="p26.ply" count="2231"/>
  <projections camera_id="27" path="p27.ply" count="2252"/>
  <projections camera_id="28" path="p28.ply" count="2381"/>
  <projections camera_id="29" path="p29.ply" count="2295"/>
  <projections camera_id="30" path="p30.ply" count="1979"/>
  <projections camera_id="31" path="p31.ply" count="1549"/>
  <projections camera_id="32" path="p32.ply" count="1952"/>
  <projections camera_id="33" path="p33.ply" count="1872"/>
  <projections camera_id="34" path="p34.ply" count="1537"/>
  <projections camera_id="35" path="p35.ply" count="1998"/>
  <projections camera_id="36" path="p36.ply" count="1199"/>
  <projections camera_id="37" path="p37.ply" count="1715"/>
  <projections camera_id="38" path="p38.ply" count="2066"/>
  <projections camera_id="39" path="p39.ply" count="2274"/>
  <projections camera_id="40" path="p40.ply" count="2345"/>
  <projections camera_id="41" path="p41.ply" count="2108"/>
  <projections camera_id="42" path="p42.ply" count="1909"/>
  <projections camera_id="43" path="p43.ply" count="1544"/>
  <projections camera_id="44" path="p44.ply" count="1850"/>
  <projections camera_id="45" path="p45.ply" count="1767"/>
  <projections camera_id="46" path="p46.ply" count="1975"/>
  <projections camera_id="47" path="p47.ply" count="1151"/>
  <projections camera_id="48" path="p48.ply" count="1925"/>
  <projections camera_id="49" path="p49.ply" count="2366"/>
  <projections camera_id="50" path="p50.ply" count="2469"/>
  <projections camera_id="51" path="p51.ply" count="2374"/>
  <projections camera_id="52" path="p52.ply" count="2021"/>
  <projections camera_id="53" path="p53.ply" count="2550"/>
  <projections camera_id="54" path="p54.ply" count="2181"/>
  <projections camera_id="55" path="p55.ply" count="2320"/>
  <projections camera_id="56" path="p56.ply" count="2166"/>
  <projections camera_id="57" path="p57.ply" count="2163"/>
  <projections camera_id="58" path="p58.ply" count="2324"/>
  <projections camera_id="59" path="p59.ply" count="2254"/>
  <projections camera_id="60" path="p60.ply" count="2237"/>
  <projections camera_id="61" path="p61.ply" count="2168"/>
  <projections camera_id="62" path="p62.ply" count="2184"/>
  <projections camera_id="63" path="p63.ply" count="2065"/>
  <projections camera_id="64" path="p64.ply" count="1599"/>
  <projections camera_id="65" path="p65.ply" count="1774"/>
  <projections camera_id="66" path="p66.ply" count="1944"/>
  <projections camera_id="67" path="p67.ply" count="1846"/>
  <projections camera_id="68" path="p68.ply" count="1457"/>
  <projections camera_id="69" path="p69.ply" count="1733"/>
  <projections camera_id="70" path="p70.ply" count="1981"/>
  <projections camera_id="71" path="p71.ply" count="1759"/>
  <projections camera_id="72" path="p72.ply" count="1691"/>
  <projections camera_id="73" path="p73.ply" count="1634"/>
  <projections camera_id="74" path="p74.ply" count="1747"/>
  <projections camera_id="75" path="p75.ply" count="1539"/>
  <projections camera_id="76" path="p76.ply" count="1689"/>
  <projections camera_id="77" path="p77.ply" count="1391"/>
  <projections camera_id="78" path="p78.ply" count="1681"/>
  <projections camera_id="79" path="p79.ply" count="1839"/>
  <projections camera_id="80" path="p80.ply" count="1088"/>
  <projections camera_id="81" path="p81.ply" count="699"/>
  <projections camera_id="82" path="p82.ply" count="1524"/>
  <projections camera_id="83" path="p83.ply" count="1588"/>
  <projections camera_id="84" path="p84.ply" count="1786"/>
  <projections camera_id="85" path="p85.ply" count="1690"/>
  <projections camera_id="86" path="p86.ply" count="1533"/>
  <projections camera_id="87" path="p87.ply" count="965"/>
  <meta>
    <property name="Info/LastSavedDateTime" value="2019:12:02 22:35:55"/>
    <property name="Info/LastSavedSoftwareVersion" value="1.5.5.9097"/>
    <property name="Info/OriginalDateTime" value="2019:12:02 22:30:25"/>
    <property name="Info/OriginalSoftwareVersion" value="1.5.5.9097"/>
    <property name="MatchPhotos/downscale" value="1"/>
    <property name="MatchPhotos/duration" value="179.188"/>
    <property name="MatchPhotos/keypoint_limit" value="40000"/>
    <property name="MatchPhotos/max_workgroup_size" value="100"/>
    <property name="MatchPhotos/network_distribute" value="true"/>
    <property name="MatchPhotos/preselection_generic" value="true"/>
    <property name="MatchPhotos/reset_matches" value="false"/>
    <property name="MatchPhotos/store_keypoints" value="false"/>
    <property name="MatchPhotos/tiepoint_limit" value="4000"/>
    <property name="MatchPhotos/workitem_size_cameras" value="20"/>
    <property name="MatchPhotos/workitem_size_pairs" value="80"/>
  </meta>
</point_cloud>
