<?xml version="1.0" encoding="UTF-8"?>
<frame version="1.2.0">
  <cameras>
    <camera camera_id="0">
      <photo path="../../../154/1_YukihiroIwayama.jpg">
        <meta>
          <property name="File/ImageHeight" value="154"/>
          <property name="File/ImageWidth" value="205"/>
          <property name="System/FileModifyDate" value="2019:12:02 14:29:26"/>
          <property name="System/FileSize" value="10306"/>
        </meta>
      </photo>
    </camera>
    <camera camera_id="1">
      <photo path="../../../154/2_YukihiroIwayama.jpg">
        <meta>
          <property name="File/ImageHeight" value="154"/>
          <property name="File/ImageWidth" value="205"/>
          <property name="System/FileModifyDate" value="2019:12:02 14:29:29"/>
          <property name="System/FileSize" value="10070"/>
        </meta>
      </photo>
    </camera>
    <camera camera_id="2">
      <photo path="../../../154/3_YukihiroIwayama.jpg">
        <meta>
          <property name="File/ImageHeight" value="154"/>
          <property name="File/ImageWidth" value="205"/>
          <property name="System/FileModifyDate" value="2019:12:02 14:29:33"/>
          <property name="System/FileSize" value="11287"/>
        </meta>
      </photo>
    </camera>
    <camera camera_id="3">
      <photo path="../../../154/4_YukihiroIwayama.jpg">
        <meta>
          <property name="File/ImageHeight" value="154"/>
          <property name="File/ImageWidth" value="205"/>
          <property name="System/FileModifyDate" value="2019:12:02 14:29:36"/>
          <property name="System/FileSize" value="10800"/>
        </meta>
      </photo>
    </camera>
    <camera camera_id="4">
      <photo path="../../../154/5_YukihiroIwayama.jpg">
        <meta>
          <property name="File/ImageHeight" value="154"/>
          <property name="File/ImageWidth" value="205"/>
          <property name="System/FileModifyDate" value="2019:12:02 14:29:40"/>
          <property name="System/FileSize" value="11151"/>
        </meta>
      </photo>
    </camera>
    <camera camera_id="5">
      <photo path="../../../154/6_YukihiroIwayama.jpg">
        <meta>
          <property name="File/ImageHeight" value="154"/>
          <property name="File/ImageWidth" value="205"/>
          <property name="System/FileModifyDate" value="2019:12:02 14:29:44"/>
          <property name="System/FileSize" value="10350"/>
        </meta>
      </photo>
    </camera>
    <camera camera_id="6">
      <photo path="../../../154/7_YukihiroIwayama.jpg">
        <meta>
          <property name="File/ImageHeight" value="154"/>
          <property name="File/ImageWidth" value="205"/>
          <property name="System/FileModifyDate" value="2019:12:02 14:29:47"/>
          <property name="System/FileSize" value="10890"/>
        </meta>
      </photo>
    </camera>
    <camera camera_id="7">
      <photo path="../../../154/8_YukihiroIwayama.jpg">
        <meta>
          <property name="File/ImageHeight" value="154"/>
          <property name="File/ImageWidth" value="205"/>
          <property name="System/FileModifyDate" value="2019:12:02 14:29:50"/>
          <property name="System/FileSize" value="10999"/>
        </meta>
      </photo>
    </camera>
    <camera camera_id="8">
      <photo path="../../../154/9_YukihiroIwayama.jpg">
        <meta>
          <property name="File/ImageHeight" value="154"/>
          <property name="File/ImageWidth" value="205"/>
          <property name="System/FileModifyDate" value="2019:12:02 14:29:51"/>
          <property name="System/FileSize" value="10959"/>
        </meta>
      </photo>
    </camera>
    <camera camera_id="9">
      <photo path="../../../154/10_YukihiroIwayama.jpg">
        <meta>
          <property name="File/ImageHeight" value="154"/>
          <property name="File/ImageWidth" value="205"/>
          <property name="System/FileModifyDate" value="2019:12:02 14:29:23"/>
          <property name="System/FileSize" value="10336"/>
        </meta>
      </photo>
    </camera>
    <camera camera_id="10">
      <photo path="../../../154/11_YukihiroIwayama.jpg">
        <meta>
          <property name="File/ImageHeight" value="154"/>
          <property name="File/ImageWidth" value="205"/>
          <property name="System/FileModifyDate" value="2019:12:02 14:29:23"/>
          <property name="System/FileSize" value="10773"/>
        </meta>
      </photo>
    </camera>
    <camera camera_id="11">
      <photo path="../../../154/12_YukihiroIwayama.jpg">
        <meta>
          <property name="File/ImageHeight" value="154"/>
          <property name="File/ImageWidth" value="205"/>
          <property name="System/FileModifyDate" value="2019:12:02 14:29:23"/>
          <property name="System/FileSize" value="10902"/>
        </meta>
      </photo>
    </camera>
    <camera camera_id="12">
      <photo path="../../../154/13_YukihiroIwayama.jpg">
        <meta>
          <property name="File/ImageHeight" value="154"/>
          <property name="File/ImageWidth" value="205"/>
          <property name="System/FileModifyDate" value="2019:12:02 14:29:24"/>
          <property name="System/FileSize" value="10936"/>
        </meta>
      </photo>
    </camera>
    <camera camera_id="13">
      <photo path="../../../154/14_YukihiroIwayama.jpg">
        <meta>
          <property name="File/ImageHeight" value="154"/>
          <property name="File/ImageWidth" value="205"/>
          <property name="System/FileModifyDate" value="2019:12:02 14:29:24"/>
          <property name="System/FileSize" value="11243"/>
        </meta>
      </photo>
    </camera>
    <camera camera_id="14">
      <photo path="../../../154/15_YukihiroIwayama.jpg">
        <meta>
          <property name="File/ImageHeight" value="154"/>
          <property name="File/ImageWidth" value="205"/>
          <property name="System/FileModifyDate" value="2019:12:02 14:29:24"/>
          <property name="System/FileSize" value="11012"/>
        </meta>
      </photo>
    </camera>
    <camera camera_id="15">
      <photo path="../../../154/16_YukihiroIwayama.jpg">
        <meta>
          <property name="File/ImageHeight" value="154"/>
          <property name="File/ImageWidth" value="205"/>
          <property name="System/FileModifyDate" value="2019:12:02 14:29:25"/>
          <property name="System/FileSize" value="10234"/>
        </meta>
      </photo>
    </camera>
    <camera camera_id="16">
      <photo path="../../../154/17_YukihiroIwayama.jpg">
        <meta>
          <property name="File/ImageHeight" value="154"/>
          <property name="File/ImageWidth" value="205"/>
          <property name="System/FileModifyDate" value="2019:12:02 14:29:25"/>
          <property name="System/FileSize" value="9447"/>
        </meta>
      </photo>
    </camera>
    <camera camera_id="17">
      <photo path="../../../154/18_YukihiroIwayama.jpg">
        <meta>
          <property name="File/ImageHeight" value="154"/>
          <property name="File/ImageWidth" value="205"/>
          <property name="System/FileModifyDate" value="2019:12:02 14:29:25"/>
          <property name="System/FileSize" value="9586"/>
        </meta>
      </photo>
    </camera>
    <camera camera_id="18">
      <photo path="../../../154/19_YukihiroIwayama.jpg">
        <meta>
          <property name="File/ImageHeight" value="154"/>
          <property name="File/ImageWidth" value="205"/>
          <property name="System/FileModifyDate" value="2019:12:02 14:29:26"/>
          <property name="System/FileSize" value="10062"/>
        </meta>
      </photo>
    </camera>
    <camera camera_id="19">
      <photo path="../../../154/20_YukihiroIwayama.jpg">
        <meta>
          <property name="File/ImageHeight" value="154"/>
          <property name="File/ImageWidth" value="205"/>
          <property name="System/FileModifyDate" value="2019:12:02 14:29:26"/>
          <property name="System/FileSize" value="10600"/>
        </meta>
      </photo>
    </camera>
    <camera camera_id="20">
      <photo path="../../../154/21_YukihiroIwayama.jpg">
        <meta>
          <property name="File/ImageHeight" value="154"/>
          <property name="File/ImageWidth" value="205"/>
          <property name="System/FileModifyDate" value="2019:12:02 14:29:27"/>
          <property name="System/FileSize" value="9720"/>
        </meta>
      </photo>
    </camera>
    <camera camera_id="21">
      <photo path="../../../154/22_YukihiroIwayama.jpg">
        <meta>
          <property name="File/ImageHeight" value="154"/>
          <property name="File/ImageWidth" value="205"/>
          <property name="System/FileModifyDate" value="2019:12:02 14:29:27"/>
          <property name="System/FileSize" value="9584"/>
        </meta>
      </photo>
    </camera>
    <camera camera_id="22">
      <photo path="../../../154/23_YukihiroIwayama.jpg">
        <meta>
          <property name="File/ImageHeight" value="154"/>
          <property name="File/ImageWidth" value="205"/>
          <property name="System/FileModifyDate" value="2019:12:02 14:29:27"/>
          <property name="System/FileSize" value="9660"/>
        </meta>
      </photo>
    </camera>
    <camera camera_id="23">
      <photo path="../../../154/24_YukihiroIwayama.jpg">
        <meta>
          <property name="File/ImageHeight" value="154"/>
          <property name="File/ImageWidth" value="205"/>
          <property name="System/FileModifyDate" value="2019:12:02 14:29:27"/>
          <property name="System/FileSize" value="10262"/>
        </meta>
      </photo>
    </camera>
    <camera camera_id="24">
      <photo path="../../../154/25_YukihiroIwayama.jpg">
        <meta>
          <property name="File/ImageHeight" value="154"/>
          <property name="File/ImageWidth" value="205"/>
          <property name="System/FileModifyDate" value="2019:12:02 14:29:28"/>
          <property name="System/FileSize" value="9030"/>
        </meta>
      </photo>
    </camera>
    <camera camera_id="25">
      <photo path="../../../154/26_YukihiroIwayama.jpg">
        <meta>
          <property name="File/ImageHeight" value="154"/>
          <property name="File/ImageWidth" value="205"/>
          <property name="System/FileModifyDate" value="2019:12:02 14:29:28"/>
          <property name="System/FileSize" value="10009"/>
        </meta>
      </photo>
    </camera>
    <camera camera_id="26">
      <photo path="../../../154/27_YukihiroIwayama.jpg">
        <meta>
          <property name="File/ImageHeight" value="154"/>
          <property name="File/ImageWidth" value="205"/>
          <property name="System/FileModifyDate" value="2019:12:02 14:29:28"/>
          <property name="System/FileSize" value="9935"/>
        </meta>
      </photo>
    </camera>
    <camera camera_id="27">
      <photo path="../../../154/28_YukihiroIwayama.jpg">
        <meta>
          <property name="File/ImageHeight" value="154"/>
          <property name="File/ImageWidth" value="205"/>
          <property name="System/FileModifyDate" value="2019:12:02 14:29:29"/>
          <property name="System/FileSize" value="9057"/>
        </meta>
      </photo>
    </camera>
    <camera camera_id="28">
      <photo path="../../../154/29_YukihiroIwayama.jpg">
        <meta>
          <property name="File/ImageHeight" value="154"/>
          <property name="File/ImageWidth" value="205"/>
          <property name="System/FileModifyDate" value="2019:12:02 14:29:29"/>
          <property name="System/FileSize" value="9853"/>
        </meta>
      </photo>
    </camera>
    <camera camera_id="29">
      <photo path="../../../154/30_YukihiroIwayama.jpg">
        <meta>
          <property name="File/ImageHeight" value="154"/>
          <property name="File/ImageWidth" value="205"/>
          <property name="System/FileModifyDate" value="2019:12:02 14:29:30"/>
          <property name="System/FileSize" value="10337"/>
        </meta>
      </photo>
    </camera>
    <camera camera_id="30">
      <photo path="../../../154/31_YukihiroIwayama.jpg">
        <meta>
          <property name="File/ImageHeight" value="154"/>
          <property name="File/ImageWidth" value="205"/>
          <property name="System/FileModifyDate" value="2019:12:02 14:29:30"/>
          <property name="System/FileSize" value="9160"/>
        </meta>
      </photo>
    </camera>
    <camera camera_id="31">
      <photo path="../../../154/32_YukihiroIwayama.jpg">
        <meta>
          <property name="File/ImageHeight" value="154"/>
          <property name="File/ImageWidth" value="205"/>
          <property name="System/FileModifyDate" value="2019:12:02 14:29:30"/>
          <property name="System/FileSize" value="9245"/>
        </meta>
      </photo>
    </camera>
    <camera camera_id="32">
      <photo path="../../../154/33_YukihiroIwayama.jpg">
        <meta>
          <property name="File/ImageHeight" value="154"/>
          <property name="File/ImageWidth" value="205"/>
          <property name="System/FileModifyDate" value="2019:12:02 14:29:31"/>
          <property name="System/FileSize" value="8455"/>
        </meta>
      </photo>
    </camera>
    <camera camera_id="33">
      <photo path="../../../154/34_YukihiroIwayama.jpg">
        <meta>
          <property name="File/ImageHeight" value="154"/>
          <property name="File/ImageWidth" value="205"/>
          <property name="System/FileModifyDate" value="2019:12:02 14:29:31"/>
          <property name="System/FileSize" value="9338"/>
        </meta>
      </photo>
    </camera>
    <camera camera_id="34">
      <photo path="../../../154/35_YukihiroIwayama.jpg">
        <meta>
          <property name="File/ImageHeight" value="154"/>
          <property name="File/ImageWidth" value="205"/>
          <property name="System/FileModifyDate" value="2019:12:02 14:29:31"/>
          <property name="System/FileSize" value="8626"/>
        </meta>
      </photo>
    </camera>
    <camera camera_id="35">
      <photo path="../../../154/36_YukihiroIwayama.jpg">
        <meta>
          <property name="File/ImageHeight" value="154"/>
          <property name="File/ImageWidth" value="205"/>
          <property name="System/FileModifyDate" value="2019:12:02 14:29:32"/>
          <property name="System/FileSize" value="10010"/>
        </meta>
      </photo>
    </camera>
    <camera camera_id="36">
      <photo path="../../../154/37_YukihiroIwayama.jpg">
        <meta>
          <property name="File/ImageHeight" value="154"/>
          <property name="File/ImageWidth" value="205"/>
          <property name="System/FileModifyDate" value="2019:12:02 14:29:32"/>
          <property name="System/FileSize" value="9363"/>
        </meta>
      </photo>
    </camera>
    <camera camera_id="37">
      <photo path="../../../154/38_YukihiroIwayama.jpg">
        <meta>
          <property name="File/ImageHeight" value="154"/>
          <property name="File/ImageWidth" value="205"/>
          <property name="System/FileModifyDate" value="2019:12:02 14:29:32"/>
          <property name="System/FileSize" value="8352"/>
        </meta>
      </photo>
    </camera>
    <camera camera_id="38">
      <photo path="../../../154/39_YukihiroIwayama.jpg">
        <meta>
          <property name="File/ImageHeight" value="154"/>
          <property name="File/ImageWidth" value="205"/>
          <property name="System/FileModifyDate" value="2019:12:02 14:29:33"/>
          <property name="System/FileSize" value="8930"/>
        </meta>
      </photo>
    </camera>
    <camera camera_id="39">
      <photo path="../../../154/40_YukihiroIwayama.jpg">
        <meta>
          <property name="File/ImageHeight" value="154"/>
          <property name="File/ImageWidth" value="205"/>
          <property name="System/FileModifyDate" value="2019:12:02 14:29:33"/>
          <property name="System/FileSize" value="8676"/>
        </meta>
      </photo>
    </camera>
    <camera camera_id="40">
      <photo path="../../../154/41_YukihiroIwayama.jpg">
        <meta>
          <property name="File/ImageHeight" value="154"/>
          <property name="File/ImageWidth" value="205"/>
          <property name="System/FileModifyDate" value="2019:12:02 14:29:34"/>
          <property name="System/FileSize" value="9300"/>
        </meta>
      </photo>
    </camera>
    <camera camera_id="41">
      <photo path="../../../154/42_YukihiroIwayama.jpg">
        <meta>
          <property name="File/ImageHeight" value="154"/>
          <property name="File/ImageWidth" value="205"/>
          <property name="System/FileModifyDate" value="2019:12:02 14:29:34"/>
          <property name="System/FileSize" value="8858"/>
        </meta>
      </photo>
    </camera>
    <camera camera_id="42">
      <photo path="../../../154/43_YukihiroIwayama.jpg">
        <meta>
          <property name="File/ImageHeight" value="154"/>
          <property name="File/ImageWidth" value="205"/>
          <property name="System/FileModifyDate" value="2019:12:02 14:29:34"/>
          <property name="System/FileSize" value="9406"/>
        </meta>
      </photo>
    </camera>
    <camera camera_id="43">
      <photo path="../../../154/44_YukihiroIwayama.jpg">
        <meta>
          <property name="File/ImageHeight" value="154"/>
          <property name="File/ImageWidth" value="205"/>
          <property name="System/FileModifyDate" value="2019:12:02 14:29:35"/>
          <property name="System/FileSize" value="8324"/>
        </meta>
      </photo>
    </camera>
    <camera camera_id="44">
      <photo path="../../../154/45_YukihiroIwayama.jpg">
        <meta>
          <property name="File/ImageHeight" value="154"/>
          <property name="File/ImageWidth" value="205"/>
          <property name="System/FileModifyDate" value="2019:12:02 14:29:35"/>
          <property name="System/FileSize" value="9135"/>
        </meta>
      </photo>
    </camera>
    <camera camera_id="45">
      <photo path="../../../154/46_YukihiroIwayama.jpg">
        <meta>
          <property name="File/ImageHeight" value="154"/>
          <property name="File/ImageWidth" value="205"/>
          <property name="System/FileModifyDate" value="2019:12:02 14:29:35"/>
          <property name="System/FileSize" value="8482"/>
        </meta>
      </photo>
    </camera>
    <camera camera_id="46">
      <photo path="../../../154/47_YukihiroIwayama.jpg">
        <meta>
          <property name="File/ImageHeight" value="154"/>
          <property name="File/ImageWidth" value="205"/>
          <property name="System/FileModifyDate" value="2019:12:02 14:29:35"/>
          <property name="System/FileSize" value="9696"/>
        </meta>
      </photo>
    </camera>
    <camera camera_id="47">
      <photo path="../../../154/48_YukihiroIwayama.jpg">
        <meta>
          <property name="File/ImageHeight" value="154"/>
          <property name="File/ImageWidth" value="205"/>
          <property name="System/FileModifyDate" value="2019:12:02 14:29:36"/>
          <property name="System/FileSize" value="8451"/>
        </meta>
      </photo>
    </camera>
    <camera camera_id="48">
      <photo path="../../../154/49_YukihiroIwayama.jpg">
        <meta>
          <property name="File/ImageHeight" value="154"/>
          <property name="File/ImageWidth" value="205"/>
          <property name="System/FileModifyDate" value="2019:12:02 14:29:36"/>
          <property name="System/FileSize" value="9886"/>
        </meta>
      </photo>
    </camera>
    <camera camera_id="49">
      <photo path="../../../154/50_YukihiroIwayama.jpg">
        <meta>
          <property name="File/ImageHeight" value="154"/>
          <property name="File/ImageWidth" value="205"/>
          <property name="System/FileModifyDate" value="2019:12:02 14:29:37"/>
          <property name="System/FileSize" value="10721"/>
        </meta>
      </photo>
    </camera>
    <camera camera_id="50">
      <photo path="../../../154/51_YukihiroIwayama.jpg">
        <meta>
          <property name="File/ImageHeight" value="154"/>
          <property name="File/ImageWidth" value="205"/>
          <property name="System/FileModifyDate" value="2019:12:02 14:29:37"/>
          <property name="System/FileSize" value="9884"/>
        </meta>
      </photo>
    </camera>
    <camera camera_id="51">
      <photo path="../../../154/52_YukihiroIwayama.jpg">
        <meta>
          <property name="File/ImageHeight" value="154"/>
          <property name="File/ImageWidth" value="205"/>
          <property name="System/FileModifyDate" value="2019:12:02 14:29:37"/>
          <property name="System/FileSize" value="10588"/>
        </meta>
      </photo>
    </camera>
    <camera camera_id="52">
      <photo path="../../../154/53_YukihiroIwayama.jpg">
        <meta>
          <property name="File/ImageHeight" value="154"/>
          <property name="File/ImageWidth" value="205"/>
          <property name="System/FileModifyDate" value="2019:12:02 14:29:38"/>
          <property name="System/FileSize" value="10225"/>
        </meta>
      </photo>
    </camera>
    <camera camera_id="53">
      <photo path="../../../154/54_YukihiroIwayama.jpg">
        <meta>
          <property name="File/ImageHeight" value="154"/>
          <property name="File/ImageWidth" value="205"/>
          <property name="System/FileModifyDate" value="2019:12:02 14:29:38"/>
          <property name="System/FileSize" value="10338"/>
        </meta>
      </photo>
    </camera>
    <camera camera_id="54">
      <photo path="../../../154/55_YukihiroIwayama.jpg">
        <meta>
          <property name="File/ImageHeight" value="154"/>
          <property name="File/ImageWidth" value="205"/>
          <property name="System/FileModifyDate" value="2019:12:02 14:29:38"/>
          <property name="System/FileSize" value="9675"/>
        </meta>
      </photo>
    </camera>
    <camera camera_id="55">
      <photo path="../../../154/56_YukihiroIwayama.jpg">
        <meta>
          <property name="File/ImageHeight" value="154"/>
          <property name="File/ImageWidth" value="205"/>
          <property name="System/FileModifyDate" value="2019:12:02 14:29:39"/>
          <property name="System/FileSize" value="10414"/>
        </meta>
      </photo>
    </camera>
    <camera camera_id="56">
      <photo path="../../../154/57_YukihiroIwayama.jpg">
        <meta>
          <property name="File/ImageHeight" value="154"/>
          <property name="File/ImageWidth" value="205"/>
          <property name="System/FileModifyDate" value="2019:12:02 14:29:39"/>
          <property name="System/FileSize" value="9808"/>
        </meta>
      </photo>
    </camera>
    <camera camera_id="57">
      <photo path="../../../154/58_YukihiroIwayama.jpg">
        <meta>
          <property name="File/ImageHeight" value="154"/>
          <property name="File/ImageWidth" value="205"/>
          <property name="System/FileModifyDate" value="2019:12:02 14:29:39"/>
          <property name="System/FileSize" value="10864"/>
        </meta>
      </photo>
    </camera>
    <camera camera_id="58">
      <photo path="../../../154/59_YukihiroIwayama.jpg">
        <meta>
          <property name="File/ImageHeight" value="154"/>
          <property name="File/ImageWidth" value="205"/>
          <property name="System/FileModifyDate" value="2019:12:02 14:29:40"/>
          <property name="System/FileSize" value="10394"/>
        </meta>
      </photo>
    </camera>
    <camera camera_id="59">
      <photo path="../../../154/60_YukihiroIwayama.jpg">
        <meta>
          <property name="File/ImageHeight" value="154"/>
          <property name="File/ImageWidth" value="205"/>
          <property name="System/FileModifyDate" value="2019:12:02 14:29:40"/>
          <property name="System/FileSize" value="10481"/>
        </meta>
      </photo>
    </camera>
    <camera camera_id="60">
      <photo path="../../../154/61_YukihiroIwayama.jpg">
        <meta>
          <property name="File/ImageHeight" value="154"/>
          <property name="File/ImageWidth" value="205"/>
          <property name="System/FileModifyDate" value="2019:12:02 14:29:41"/>
          <property name="System/FileSize" value="10359"/>
        </meta>
      </photo>
    </camera>
    <camera camera_id="61">
      <photo path="../../../154/62_YukihiroIwayama.jpg">
        <meta>
          <property name="File/ImageHeight" value="154"/>
          <property name="File/ImageWidth" value="205"/>
          <property name="System/FileModifyDate" value="2019:12:02 14:29:41"/>
          <property name="System/FileSize" value="10112"/>
        </meta>
      </photo>
    </camera>
    <camera camera_id="62">
      <photo path="../../../154/63_YukihiroIwayama.jpg">
        <meta>
          <property name="File/ImageHeight" value="154"/>
          <property name="File/ImageWidth" value="205"/>
          <property name="System/FileModifyDate" value="2019:12:02 14:29:41"/>
          <property name="System/FileSize" value="10704"/>
        </meta>
      </photo>
    </camera>
    <camera camera_id="63">
      <photo path="../../../154/64_YukihiroIwayama.jpg">
        <meta>
          <property name="File/ImageHeight" value="154"/>
          <property name="File/ImageWidth" value="205"/>
          <property name="System/FileModifyDate" value="2019:12:02 14:29:42"/>
          <property name="System/FileSize" value="9936"/>
        </meta>
      </photo>
    </camera>
    <camera camera_id="64">
      <photo path="../../../154/65_YukihiroIwayama.jpg">
        <meta>
          <property name="File/ImageHeight" value="154"/>
          <property name="File/ImageWidth" value="205"/>
          <property name="System/FileModifyDate" value="2019:12:02 14:29:42"/>
          <property name="System/FileSize" value="10784"/>
        </meta>
      </photo>
    </camera>
    <camera camera_id="65">
      <photo path="../../../154/66_YukihiroIwayama.jpg">
        <meta>
          <property name="File/ImageHeight" value="154"/>
          <property name="File/ImageWidth" value="205"/>
          <property name="System/FileModifyDate" value="2019:12:02 14:29:42"/>
          <property name="System/FileSize" value="11488"/>
        </meta>
      </photo>
    </camera>
    <camera camera_id="66">
      <photo path="../../../154/67_YukihiroIwayama.jpg">
        <meta>
          <property name="File/ImageHeight" value="154"/>
          <property name="File/ImageWidth" value="205"/>
          <property name="System/FileModifyDate" value="2019:12:02 14:29:43"/>
          <property name="System/FileSize" value="11362"/>
        </meta>
      </photo>
    </camera>
    <camera camera_id="67">
      <photo path="../../../154/68_YukihiroIwayama.jpg">
        <meta>
          <property name="File/ImageHeight" value="154"/>
          <property name="File/ImageWidth" value="205"/>
          <property name="System/FileModifyDate" value="2019:12:02 14:29:43"/>
          <property name="System/FileSize" value="10873"/>
        </meta>
      </photo>
    </camera>
    <camera camera_id="68">
      <photo path="../../../154/69_YukihiroIwayama.jpg">
        <meta>
          <property name="File/ImageHeight" value="154"/>
          <property name="File/ImageWidth" value="205"/>
          <property name="System/FileModifyDate" value="2019:12:02 14:29:43"/>
          <property name="System/FileSize" value="11125"/>
        </meta>
      </photo>
    </camera>
    <camera camera_id="69">
      <photo path="../../../154/70_YukihiroIwayama.jpg">
        <meta>
          <property name="File/ImageHeight" value="154"/>
          <property name="File/ImageWidth" value="205"/>
          <property name="System/FileModifyDate" value="2019:12:02 14:29:44"/>
          <property name="System/FileSize" value="11512"/>
        </meta>
      </photo>
    </camera>
    <camera camera_id="70">
      <photo path="../../../154/71_YukihiroIwayama.jpg">
        <meta>
          <property name="File/ImageHeight" value="154"/>
          <property name="File/ImageWidth" value="205"/>
          <property name="System/FileModifyDate" value="2019:12:02 14:29:44"/>
          <property name="System/FileSize" value="11082"/>
        </meta>
      </photo>
    </camera>
    <camera camera_id="71">
      <photo path="../../../154/72_YukihiroIwayama.jpg">
        <meta>
          <property name="File/ImageHeight" value="154"/>
          <property name="File/ImageWidth" value="205"/>
          <property name="System/FileModifyDate" value="2019:12:02 14:29:45"/>
          <property name="System/FileSize" value="10341"/>
        </meta>
      </photo>
    </camera>
    <camera camera_id="72">
      <photo path="../../../154/73_YukihiroIwayama.jpg">
        <meta>
          <property name="File/ImageHeight" value="154"/>
          <property name="File/ImageWidth" value="205"/>
          <property name="System/FileModifyDate" value="2019:12:02 14:29:45"/>
          <property name="System/FileSize" value="11550"/>
        </meta>
      </photo>
    </camera>
    <camera camera_id="73">
      <photo path="../../../154/74_YukihiroIwayama.jpg">
        <meta>
          <property name="File/ImageHeight" value="154"/>
          <property name="File/ImageWidth" value="205"/>
          <property name="System/FileModifyDate" value="2019:12:02 14:29:45"/>
          <property name="System/FileSize" value="11420"/>
        </meta>
      </photo>
    </camera>
    <camera camera_id="74">
      <photo path="../../../154/75_YukihiroIwayama.jpg">
        <meta>
          <property name="File/ImageHeight" value="154"/>
          <property name="File/ImageWidth" value="205"/>
          <property name="System/FileModifyDate" value="2019:12:02 14:29:46"/>
          <property name="System/FileSize" value="11406"/>
        </meta>
      </photo>
    </camera>
    <camera camera_id="75">
      <photo path="../../../154/76_YukihiroIwayama.jpg">
        <meta>
          <property name="File/ImageHeight" value="154"/>
          <property name="File/ImageWidth" value="205"/>
          <property name="System/FileModifyDate" value="2019:12:02 14:29:46"/>
          <property name="System/FileSize" value="11675"/>
        </meta>
      </photo>
    </camera>
    <camera camera_id="76">
      <photo path="../../../154/77_YukihiroIwayama.jpg">
        <meta>
          <property name="File/ImageHeight" value="154"/>
          <property name="File/ImageWidth" value="205"/>
          <property name="System/FileModifyDate" value="2019:12:02 14:29:46"/>
          <property name="System/FileSize" value="11140"/>
        </meta>
      </photo>
    </camera>
    <camera camera_id="77">
      <photo path="../../../154/78_YukihiroIwayama.jpg">
        <meta>
          <property name="File/ImageHeight" value="154"/>
          <property name="File/ImageWidth" value="205"/>
          <property name="System/FileModifyDate" value="2019:12:02 14:29:47"/>
          <property name="System/FileSize" value="10534"/>
        </meta>
      </photo>
    </camera>
    <camera camera_id="78">
      <photo path="../../../154/79_YukihiroIwayama.jpg">
        <meta>
          <property name="File/ImageHeight" value="154"/>
          <property name="File/ImageWidth" value="205"/>
          <property name="System/FileModifyDate" value="2019:12:02 14:29:47"/>
          <property name="System/FileSize" value="11509"/>
        </meta>
      </photo>
    </camera>
    <camera camera_id="79">
      <photo path="../../../154/80_YukihiroIwayama.jpg">
        <meta>
          <property name="File/ImageHeight" value="154"/>
          <property name="File/ImageWidth" value="205"/>
          <property name="System/FileModifyDate" value="2019:12:02 14:29:47"/>
          <property name="System/FileSize" value="11251"/>
        </meta>
      </photo>
    </camera>
    <camera camera_id="80">
      <photo path="../../../154/81_YukihiroIwayama.jpg">
        <meta>
          <property name="File/ImageHeight" value="154"/>
          <property name="File/ImageWidth" value="205"/>
          <property name="System/FileModifyDate" value="2019:12:02 14:29:48"/>
          <property name="System/FileSize" value="9992"/>
        </meta>
      </photo>
    </camera>
    <camera camera_id="81">
      <photo path="../../../154/82_YukihiroIwayama.jpg">
        <meta>
          <property name="File/ImageHeight" value="154"/>
          <property name="File/ImageWidth" value="205"/>
          <property name="System/FileModifyDate" value="2019:12:02 14:29:48"/>
          <property name="System/FileSize" value="8863"/>
        </meta>
      </photo>
    </camera>
    <camera camera_id="82">
      <photo path="../../../154/83_YukihiroIwayama.jpg">
        <meta>
          <property name="File/ImageHeight" value="154"/>
          <property name="File/ImageWidth" value="205"/>
          <property name="System/FileModifyDate" value="2019:12:02 14:29:48"/>
          <property name="System/FileSize" value="7513"/>
        </meta>
      </photo>
    </camera>
    <camera camera_id="83">
      <photo path="../../../154/84_YukihiroIwayama.jpg">
        <meta>
          <property name="File/ImageHeight" value="154"/>
          <property name="File/ImageWidth" value="205"/>
          <property name="System/FileModifyDate" value="2019:12:02 14:29:49"/>
          <property name="System/FileSize" value="7873"/>
        </meta>
      </photo>
    </camera>
    <camera camera_id="84">
      <photo path="../../../154/85_YukihiroIwayama.jpg">
        <meta>
          <property name="File/ImageHeight" value="154"/>
          <property name="File/ImageWidth" value="205"/>
          <property name="System/FileModifyDate" value="2019:12:02 14:29:49"/>
          <property name="System/FileSize" value="7726"/>
        </meta>
      </photo>
    </camera>
    <camera camera_id="85">
      <photo path="../../../154/86_YukihiroIwayama.jpg">
        <meta>
          <property name="File/ImageHeight" value="154"/>
          <property name="File/ImageWidth" value="205"/>
          <property name="System/FileModifyDate" value="2019:12:02 14:29:49"/>
          <property name="System/FileSize" value="7839"/>
        </meta>
      </photo>
    </camera>
    <camera camera_id="86">
      <photo path="../../../154/87_YukihiroIwayama.jpg">
        <meta>
          <property name="File/ImageHeight" value="154"/>
          <property name="File/ImageWidth" value="205"/>
          <property name="System/FileModifyDate" value="2019:12:02 14:29:50"/>
          <property name="System/FileSize" value="10219"/>
        </meta>
      </photo>
    </camera>
    <camera camera_id="87">
      <photo path="../../../154/88_YukihiroIwayama.jpg">
        <meta>
          <property name="File/ImageHeight" value="154"/>
          <property name="File/ImageWidth" value="205"/>
          <property name="System/FileModifyDate" value="2019:12:02 14:29:50"/>
          <property name="System/FileSize" value="9357"/>
        </meta>
      </photo>
    </camera>
  </cameras>
  <thumbnails path="thumbnails/thumbnails.zip"/>
  <point_cloud path="point_cloud/point_cloud.zip"/>
</frame>
