<?xml version="1.0" encoding="UTF-8"?>
<frame version="1.2.0">
  <cameras>
    <camera camera_id="0">
      <photo path="../../../1232/1_YukihiroIwayama.jpg">
        <meta>
          <property name="File/ImageHeight" value="1232"/>
          <property name="File/ImageWidth" value="1640"/>
          <property name="System/FileModifyDate" value="2019:12:02 14:13:04"/>
          <property name="System/FileSize" value="253507"/>
        </meta>
      </photo>
    </camera>
    <camera camera_id="1">
      <photo path="../../../1232/2_YukihiroIwayama.jpg">
        <meta>
          <property name="File/ImageHeight" value="1232"/>
          <property name="File/ImageWidth" value="1640"/>
          <property name="System/FileModifyDate" value="2019:12:02 14:13:07"/>
          <property name="System/FileSize" value="230890"/>
        </meta>
      </photo>
    </camera>
    <camera camera_id="2">
      <photo path="../../../1232/3_YukihiroIwayama.jpg">
        <meta>
          <property name="File/ImageHeight" value="1232"/>
          <property name="File/ImageWidth" value="1640"/>
          <property name="System/FileModifyDate" value="2019:12:02 14:13:10"/>
          <property name="System/FileSize" value="282395"/>
        </meta>
      </photo>
    </camera>
    <camera camera_id="3">
      <photo path="../../../1232/4_YukihiroIwayama.jpg">
        <meta>
          <property name="File/ImageHeight" value="1232"/>
          <property name="File/ImageWidth" value="1640"/>
          <property name="System/FileModifyDate" value="2019:12:02 14:13:13"/>
          <property name="System/FileSize" value="270227"/>
        </meta>
      </photo>
    </camera>
    <camera camera_id="4">
      <photo path="../../../1232/5_YukihiroIwayama.jpg">
        <meta>
          <property name="File/ImageHeight" value="1232"/>
          <property name="File/ImageWidth" value="1640"/>
          <property name="System/FileModifyDate" value="2019:12:02 14:13:16"/>
          <property name="System/FileSize" value="259459"/>
        </meta>
      </photo>
    </camera>
    <camera camera_id="5">
      <photo path="../../../1232/6_YukihiroIwayama.jpg">
        <meta>
          <property name="File/ImageHeight" value="1232"/>
          <property name="File/ImageWidth" value="1640"/>
          <property name="System/FileModifyDate" value="2019:12:02 14:13:19"/>
          <property name="System/FileSize" value="236138"/>
        </meta>
      </photo>
    </camera>
    <camera camera_id="6">
      <photo path="../../../1232/7_YukihiroIwayama.jpg">
        <meta>
          <property name="File/ImageHeight" value="1232"/>
          <property name="File/ImageWidth" value="1640"/>
          <property name="System/FileModifyDate" value="2019:12:02 14:13:22"/>
          <property name="System/FileSize" value="260904"/>
        </meta>
      </photo>
    </camera>
    <camera camera_id="7">
      <photo path="../../../1232/8_YukihiroIwayama.jpg">
        <meta>
          <property name="File/ImageHeight" value="1232"/>
          <property name="File/ImageWidth" value="1640"/>
          <property name="System/FileModifyDate" value="2019:12:02 14:13:25"/>
          <property name="System/FileSize" value="272536"/>
        </meta>
      </photo>
    </camera>
    <camera camera_id="8">
      <photo path="../../../1232/9_YukihiroIwayama.jpg">
        <meta>
          <property name="File/ImageHeight" value="1232"/>
          <property name="File/ImageWidth" value="1640"/>
          <property name="System/FileModifyDate" value="2019:12:02 14:13:25"/>
          <property name="System/FileSize" value="279165"/>
        </meta>
      </photo>
    </camera>
    <camera camera_id="9">
      <photo path="../../../1232/10_YukihiroIwayama.jpg">
        <meta>
          <property name="File/ImageHeight" value="1232"/>
          <property name="File/ImageWidth" value="1640"/>
          <property name="System/FileModifyDate" value="2019:12:02 14:13:01"/>
          <property name="System/FileSize" value="238058"/>
        </meta>
      </photo>
    </camera>
    <camera camera_id="10">
      <photo path="../../../1232/11_YukihiroIwayama.jpg">
        <meta>
          <property name="File/ImageHeight" value="1232"/>
          <property name="File/ImageWidth" value="1640"/>
          <property name="System/FileModifyDate" value="2019:12:02 14:13:01"/>
          <property name="System/FileSize" value="261150"/>
        </meta>
      </photo>
    </camera>
    <camera camera_id="11">
      <photo path="../../../1232/12_YukihiroIwayama.jpg">
        <meta>
          <property name="File/ImageHeight" value="1232"/>
          <property name="File/ImageWidth" value="1640"/>
          <property name="System/FileModifyDate" value="2019:12:02 14:13:02"/>
          <property name="System/FileSize" value="274525"/>
        </meta>
      </photo>
    </camera>
    <camera camera_id="12">
      <photo path="../../../1232/13_YukihiroIwayama.jpg">
        <meta>
          <property name="File/ImageHeight" value="1232"/>
          <property name="File/ImageWidth" value="1640"/>
          <property name="System/FileModifyDate" value="2019:12:02 14:13:02"/>
          <property name="System/FileSize" value="268689"/>
        </meta>
      </photo>
    </camera>
    <camera camera_id="13">
      <photo path="../../../1232/14_YukihiroIwayama.jpg">
        <meta>
          <property name="File/ImageHeight" value="1232"/>
          <property name="File/ImageWidth" value="1640"/>
          <property name="System/FileModifyDate" value="2019:12:02 14:13:02"/>
          <property name="System/FileSize" value="280657"/>
        </meta>
      </photo>
    </camera>
    <camera camera_id="14">
      <photo path="../../../1232/15_YukihiroIwayama.jpg">
        <meta>
          <property name="File/ImageHeight" value="1232"/>
          <property name="File/ImageWidth" value="1640"/>
          <property name="System/FileModifyDate" value="2019:12:02 14:13:02"/>
          <property name="System/FileSize" value="279453"/>
        </meta>
      </photo>
    </camera>
    <camera camera_id="15">
      <photo path="../../../1232/16_YukihiroIwayama.jpg">
        <meta>
          <property name="File/ImageHeight" value="1232"/>
          <property name="File/ImageWidth" value="1640"/>
          <property name="System/FileModifyDate" value="2019:12:02 14:13:03"/>
          <property name="System/FileSize" value="230611"/>
        </meta>
      </photo>
    </camera>
    <camera camera_id="16">
      <photo path="../../../1232/17_YukihiroIwayama.jpg">
        <meta>
          <property name="File/ImageHeight" value="1232"/>
          <property name="File/ImageWidth" value="1640"/>
          <property name="System/FileModifyDate" value="2019:12:02 14:13:03"/>
          <property name="System/FileSize" value="215345"/>
        </meta>
      </photo>
    </camera>
    <camera camera_id="17">
      <photo path="../../../1232/18_YukihiroIwayama.jpg">
        <meta>
          <property name="File/ImageHeight" value="1232"/>
          <property name="File/ImageWidth" value="1640"/>
          <property name="System/FileModifyDate" value="2019:12:02 14:13:03"/>
          <property name="System/FileSize" value="224377"/>
        </meta>
      </photo>
    </camera>
    <camera camera_id="18">
      <photo path="../../../1232/19_YukihiroIwayama.jpg">
        <meta>
          <property name="File/ImageHeight" value="1232"/>
          <property name="File/ImageWidth" value="1640"/>
          <property name="System/FileModifyDate" value="2019:12:02 14:13:04"/>
          <property name="System/FileSize" value="242313"/>
        </meta>
      </photo>
    </camera>
    <camera camera_id="19">
      <photo path="../../../1232/20_YukihiroIwayama.jpg">
        <meta>
          <property name="File/ImageHeight" value="1232"/>
          <property name="File/ImageWidth" value="1640"/>
          <property name="System/FileModifyDate" value="2019:12:02 14:13:04"/>
          <property name="System/FileSize" value="241525"/>
        </meta>
      </photo>
    </camera>
    <camera camera_id="20">
      <photo path="../../../1232/21_YukihiroIwayama.jpg">
        <meta>
          <property name="File/ImageHeight" value="1232"/>
          <property name="File/ImageWidth" value="1640"/>
          <property name="System/FileModifyDate" value="2019:12:02 14:13:04"/>
          <property name="System/FileSize" value="230554"/>
        </meta>
      </photo>
    </camera>
    <camera camera_id="21">
      <photo path="../../../1232/22_YukihiroIwayama.jpg">
        <meta>
          <property name="File/ImageHeight" value="1232"/>
          <property name="File/ImageWidth" value="1640"/>
          <property name="System/FileModifyDate" value="2019:12:02 14:13:05"/>
          <property name="System/FileSize" value="232222"/>
        </meta>
      </photo>
    </camera>
    <camera camera_id="22">
      <photo path="../../../1232/23_YukihiroIwayama.jpg">
        <meta>
          <property name="File/ImageHeight" value="1232"/>
          <property name="File/ImageWidth" value="1640"/>
          <property name="System/FileModifyDate" value="2019:12:02 14:13:05"/>
          <property name="System/FileSize" value="224855"/>
        </meta>
      </photo>
    </camera>
    <camera camera_id="23">
      <photo path="../../../1232/24_YukihiroIwayama.jpg">
        <meta>
          <property name="File/ImageHeight" value="1232"/>
          <property name="File/ImageWidth" value="1640"/>
          <property name="System/FileModifyDate" value="2019:12:02 14:13:05"/>
          <property name="System/FileSize" value="247551"/>
        </meta>
      </photo>
    </camera>
    <camera camera_id="24">
      <photo path="../../../1232/25_YukihiroIwayama.jpg">
        <meta>
          <property name="File/ImageHeight" value="1232"/>
          <property name="File/ImageWidth" value="1640"/>
          <property name="System/FileModifyDate" value="2019:12:02 14:13:05"/>
          <property name="System/FileSize" value="212707"/>
        </meta>
      </photo>
    </camera>
    <camera camera_id="25">
      <photo path="../../../1232/26_YukihiroIwayama.jpg">
        <meta>
          <property name="File/ImageHeight" value="1232"/>
          <property name="File/ImageWidth" value="1640"/>
          <property name="System/FileModifyDate" value="2019:12:02 14:13:06"/>
          <property name="System/FileSize" value="233437"/>
        </meta>
      </photo>
    </camera>
    <camera camera_id="26">
      <photo path="../../../1232/27_YukihiroIwayama.jpg">
        <meta>
          <property name="File/ImageHeight" value="1232"/>
          <property name="File/ImageWidth" value="1640"/>
          <property name="System/FileModifyDate" value="2019:12:02 14:13:06"/>
          <property name="System/FileSize" value="228379"/>
        </meta>
      </photo>
    </camera>
    <camera camera_id="27">
      <photo path="../../../1232/28_YukihiroIwayama.jpg">
        <meta>
          <property name="File/ImageHeight" value="1232"/>
          <property name="File/ImageWidth" value="1640"/>
          <property name="System/FileModifyDate" value="2019:12:02 14:13:06"/>
          <property name="System/FileSize" value="212738"/>
        </meta>
      </photo>
    </camera>
    <camera camera_id="28">
      <photo path="../../../1232/29_YukihiroIwayama.jpg">
        <meta>
          <property name="File/ImageHeight" value="1232"/>
          <property name="File/ImageWidth" value="1640"/>
          <property name="System/FileModifyDate" value="2019:12:02 14:13:06"/>
          <property name="System/FileSize" value="222961"/>
        </meta>
      </photo>
    </camera>
    <camera camera_id="29">
      <photo path="../../../1232/30_YukihiroIwayama.jpg">
        <meta>
          <property name="File/ImageHeight" value="1232"/>
          <property name="File/ImageWidth" value="1640"/>
          <property name="System/FileModifyDate" value="2019:12:02 14:13:07"/>
          <property name="System/FileSize" value="236428"/>
        </meta>
      </photo>
    </camera>
    <camera camera_id="30">
      <photo path="../../../1232/31_YukihiroIwayama.jpg">
        <meta>
          <property name="File/ImageHeight" value="1232"/>
          <property name="File/ImageWidth" value="1640"/>
          <property name="System/FileModifyDate" value="2019:12:02 14:13:07"/>
          <property name="System/FileSize" value="204959"/>
        </meta>
      </photo>
    </camera>
    <camera camera_id="31">
      <photo path="../../../1232/32_YukihiroIwayama.jpg">
        <meta>
          <property name="File/ImageHeight" value="1232"/>
          <property name="File/ImageWidth" value="1640"/>
          <property name="System/FileModifyDate" value="2019:12:02 14:13:08"/>
          <property name="System/FileSize" value="216300"/>
        </meta>
      </photo>
    </camera>
    <camera camera_id="32">
      <photo path="../../../1232/33_YukihiroIwayama.jpg">
        <meta>
          <property name="File/ImageHeight" value="1232"/>
          <property name="File/ImageWidth" value="1640"/>
          <property name="System/FileModifyDate" value="2019:12:02 14:13:08"/>
          <property name="System/FileSize" value="192912"/>
        </meta>
      </photo>
    </camera>
    <camera camera_id="33">
      <photo path="../../../1232/34_YukihiroIwayama.jpg">
        <meta>
          <property name="File/ImageHeight" value="1232"/>
          <property name="File/ImageWidth" value="1640"/>
          <property name="System/FileModifyDate" value="2019:12:02 14:13:08"/>
          <property name="System/FileSize" value="224316"/>
        </meta>
      </photo>
    </camera>
    <camera camera_id="34">
      <photo path="../../../1232/35_YukihiroIwayama.jpg">
        <meta>
          <property name="File/ImageHeight" value="1232"/>
          <property name="File/ImageWidth" value="1640"/>
          <property name="System/FileModifyDate" value="2019:12:02 14:13:08"/>
          <property name="System/FileSize" value="199550"/>
        </meta>
      </photo>
    </camera>
    <camera camera_id="35">
      <photo path="../../../1232/36_YukihiroIwayama.jpg">
        <meta>
          <property name="File/ImageHeight" value="1232"/>
          <property name="File/ImageWidth" value="1640"/>
          <property name="System/FileModifyDate" value="2019:12:02 14:13:09"/>
          <property name="System/FileSize" value="242123"/>
        </meta>
      </photo>
    </camera>
    <camera camera_id="36">
      <photo path="../../../1232/37_YukihiroIwayama.jpg">
        <meta>
          <property name="File/ImageHeight" value="1232"/>
          <property name="File/ImageWidth" value="1640"/>
          <property name="System/FileModifyDate" value="2019:12:02 14:13:09"/>
          <property name="System/FileSize" value="223821"/>
        </meta>
      </photo>
    </camera>
    <camera camera_id="37">
      <photo path="../../../1232/38_YukihiroIwayama.jpg">
        <meta>
          <property name="File/ImageHeight" value="1232"/>
          <property name="File/ImageWidth" value="1640"/>
          <property name="System/FileModifyDate" value="2019:12:02 14:13:09"/>
          <property name="System/FileSize" value="197771"/>
        </meta>
      </photo>
    </camera>
    <camera camera_id="38">
      <photo path="../../../1232/39_YukihiroIwayama.jpg">
        <meta>
          <property name="File/ImageHeight" value="1232"/>
          <property name="File/ImageWidth" value="1640"/>
          <property name="System/FileModifyDate" value="2019:12:02 14:13:09"/>
          <property name="System/FileSize" value="212527"/>
        </meta>
      </photo>
    </camera>
    <camera camera_id="39">
      <photo path="../../../1232/40_YukihiroIwayama.jpg">
        <meta>
          <property name="File/ImageHeight" value="1232"/>
          <property name="File/ImageWidth" value="1640"/>
          <property name="System/FileModifyDate" value="2019:12:02 14:13:10"/>
          <property name="System/FileSize" value="210814"/>
        </meta>
      </photo>
    </camera>
    <camera camera_id="40">
      <photo path="../../../1232/41_YukihiroIwayama.jpg">
        <meta>
          <property name="File/ImageHeight" value="1232"/>
          <property name="File/ImageWidth" value="1640"/>
          <property name="System/FileModifyDate" value="2019:12:02 14:13:10"/>
          <property name="System/FileSize" value="220199"/>
        </meta>
      </photo>
    </camera>
    <camera camera_id="41">
      <photo path="../../../1232/42_YukihiroIwayama.jpg">
        <meta>
          <property name="File/ImageHeight" value="1232"/>
          <property name="File/ImageWidth" value="1640"/>
          <property name="System/FileModifyDate" value="2019:12:02 14:13:11"/>
          <property name="System/FileSize" value="213172"/>
        </meta>
      </photo>
    </camera>
    <camera camera_id="42">
      <photo path="../../../1232/43_YukihiroIwayama.jpg">
        <meta>
          <property name="File/ImageHeight" value="1232"/>
          <property name="File/ImageWidth" value="1640"/>
          <property name="System/FileModifyDate" value="2019:12:02 14:13:11"/>
          <property name="System/FileSize" value="221397"/>
        </meta>
      </photo>
    </camera>
    <camera camera_id="43">
      <photo path="../../../1232/44_YukihiroIwayama.jpg">
        <meta>
          <property name="File/ImageHeight" value="1232"/>
          <property name="File/ImageWidth" value="1640"/>
          <property name="System/FileModifyDate" value="2019:12:02 14:13:11"/>
          <property name="System/FileSize" value="192556"/>
        </meta>
      </photo>
    </camera>
    <camera camera_id="44">
      <photo path="../../../1232/45_YukihiroIwayama.jpg">
        <meta>
          <property name="File/ImageHeight" value="1232"/>
          <property name="File/ImageWidth" value="1640"/>
          <property name="System/FileModifyDate" value="2019:12:02 14:13:11"/>
          <property name="System/FileSize" value="213315"/>
        </meta>
      </photo>
    </camera>
    <camera camera_id="45">
      <photo path="../../../1232/46_YukihiroIwayama.jpg">
        <meta>
          <property name="File/ImageHeight" value="1232"/>
          <property name="File/ImageWidth" value="1640"/>
          <property name="System/FileModifyDate" value="2019:12:02 14:13:12"/>
          <property name="System/FileSize" value="190801"/>
        </meta>
      </photo>
    </camera>
    <camera camera_id="46">
      <photo path="../../../1232/47_YukihiroIwayama.jpg">
        <meta>
          <property name="File/ImageHeight" value="1232"/>
          <property name="File/ImageWidth" value="1640"/>
          <property name="System/FileModifyDate" value="2019:12:02 14:13:12"/>
          <property name="System/FileSize" value="230006"/>
        </meta>
      </photo>
    </camera>
    <camera camera_id="47">
      <photo path="../../../1232/48_YukihiroIwayama.jpg">
        <meta>
          <property name="File/ImageHeight" value="1232"/>
          <property name="File/ImageWidth" value="1640"/>
          <property name="System/FileModifyDate" value="2019:12:02 14:13:12"/>
          <property name="System/FileSize" value="216497"/>
        </meta>
      </photo>
    </camera>
    <camera camera_id="48">
      <photo path="../../../1232/49_YukihiroIwayama.jpg">
        <meta>
          <property name="File/ImageHeight" value="1232"/>
          <property name="File/ImageWidth" value="1640"/>
          <property name="System/FileModifyDate" value="2019:12:02 14:13:12"/>
          <property name="System/FileSize" value="225231"/>
        </meta>
      </photo>
    </camera>
    <camera camera_id="49">
      <photo path="../../../1232/50_YukihiroIwayama.jpg">
        <meta>
          <property name="File/ImageHeight" value="1232"/>
          <property name="File/ImageWidth" value="1640"/>
          <property name="System/FileModifyDate" value="2019:12:02 14:13:13"/>
          <property name="System/FileSize" value="265922"/>
        </meta>
      </photo>
    </camera>
    <camera camera_id="50">
      <photo path="../../../1232/51_YukihiroIwayama.jpg">
        <meta>
          <property name="File/ImageHeight" value="1232"/>
          <property name="File/ImageWidth" value="1640"/>
          <property name="System/FileModifyDate" value="2019:12:02 14:13:13"/>
          <property name="System/FileSize" value="238323"/>
        </meta>
      </photo>
    </camera>
    <camera camera_id="51">
      <photo path="../../../1232/52_YukihiroIwayama.jpg">
        <meta>
          <property name="File/ImageHeight" value="1232"/>
          <property name="File/ImageWidth" value="1640"/>
          <property name="System/FileModifyDate" value="2019:12:02 14:13:14"/>
          <property name="System/FileSize" value="263803"/>
        </meta>
      </photo>
    </camera>
    <camera camera_id="52">
      <photo path="../../../1232/53_YukihiroIwayama.jpg">
        <meta>
          <property name="File/ImageHeight" value="1232"/>
          <property name="File/ImageWidth" value="1640"/>
          <property name="System/FileModifyDate" value="2019:12:02 14:13:14"/>
          <property name="System/FileSize" value="226160"/>
        </meta>
      </photo>
    </camera>
    <camera camera_id="53">
      <photo path="../../../1232/54_YukihiroIwayama.jpg">
        <meta>
          <property name="File/ImageHeight" value="1232"/>
          <property name="File/ImageWidth" value="1640"/>
          <property name="System/FileModifyDate" value="2019:12:02 14:13:14"/>
          <property name="System/FileSize" value="255725"/>
        </meta>
      </photo>
    </camera>
    <camera camera_id="54">
      <photo path="../../../1232/55_YukihiroIwayama.jpg">
        <meta>
          <property name="File/ImageHeight" value="1232"/>
          <property name="File/ImageWidth" value="1640"/>
          <property name="System/FileModifyDate" value="2019:12:02 14:13:14"/>
          <property name="System/FileSize" value="211668"/>
        </meta>
      </photo>
    </camera>
    <camera camera_id="55">
      <photo path="../../../1232/56_YukihiroIwayama.jpg">
        <meta>
          <property name="File/ImageHeight" value="1232"/>
          <property name="File/ImageWidth" value="1640"/>
          <property name="System/FileModifyDate" value="2019:12:02 14:13:15"/>
          <property name="System/FileSize" value="262953"/>
        </meta>
      </photo>
    </camera>
    <camera camera_id="56">
      <photo path="../../../1232/57_YukihiroIwayama.jpg">
        <meta>
          <property name="File/ImageHeight" value="1232"/>
          <property name="File/ImageWidth" value="1640"/>
          <property name="System/FileModifyDate" value="2019:12:02 14:13:15"/>
          <property name="System/FileSize" value="231653"/>
        </meta>
      </photo>
    </camera>
    <camera camera_id="57">
      <photo path="../../../1232/58_YukihiroIwayama.jpg">
        <meta>
          <property name="File/ImageHeight" value="1232"/>
          <property name="File/ImageWidth" value="1640"/>
          <property name="System/FileModifyDate" value="2019:12:02 14:13:15"/>
          <property name="System/FileSize" value="275125"/>
        </meta>
      </photo>
    </camera>
    <camera camera_id="58">
      <photo path="../../../1232/59_YukihiroIwayama.jpg">
        <meta>
          <property name="File/ImageHeight" value="1232"/>
          <property name="File/ImageWidth" value="1640"/>
          <property name="System/FileModifyDate" value="2019:12:02 14:13:16"/>
          <property name="System/FileSize" value="245043"/>
        </meta>
      </photo>
    </camera>
    <camera camera_id="59">
      <photo path="../../../1232/60_YukihiroIwayama.jpg">
        <meta>
          <property name="File/ImageHeight" value="1232"/>
          <property name="File/ImageWidth" value="1640"/>
          <property name="System/FileModifyDate" value="2019:12:02 14:13:16"/>
          <property name="System/FileSize" value="261666"/>
        </meta>
      </photo>
    </camera>
    <camera camera_id="60">
      <photo path="../../../1232/61_YukihiroIwayama.jpg">
        <meta>
          <property name="File/ImageHeight" value="1232"/>
          <property name="File/ImageWidth" value="1640"/>
          <property name="System/FileModifyDate" value="2019:12:02 14:13:17"/>
          <property name="System/FileSize" value="256828"/>
        </meta>
      </photo>
    </camera>
    <camera camera_id="61">
      <photo path="../../../1232/62_YukihiroIwayama.jpg">
        <meta>
          <property name="File/ImageHeight" value="1232"/>
          <property name="File/ImageWidth" value="1640"/>
          <property name="System/FileModifyDate" value="2019:12:02 14:13:17"/>
          <property name="System/FileSize" value="227293"/>
        </meta>
      </photo>
    </camera>
    <camera camera_id="62">
      <photo path="../../../1232/63_YukihiroIwayama.jpg">
        <meta>
          <property name="File/ImageHeight" value="1232"/>
          <property name="File/ImageWidth" value="1640"/>
          <property name="System/FileModifyDate" value="2019:12:02 14:13:17"/>
          <property name="System/FileSize" value="269600"/>
        </meta>
      </photo>
    </camera>
    <camera camera_id="63">
      <photo path="../../../1232/64_YukihiroIwayama.jpg">
        <meta>
          <property name="File/ImageHeight" value="1232"/>
          <property name="File/ImageWidth" value="1640"/>
          <property name="System/FileModifyDate" value="2019:12:02 14:13:17"/>
          <property name="System/FileSize" value="228242"/>
        </meta>
      </photo>
    </camera>
    <camera camera_id="64">
      <photo path="../../../1232/65_YukihiroIwayama.jpg">
        <meta>
          <property name="File/ImageHeight" value="1232"/>
          <property name="File/ImageWidth" value="1640"/>
          <property name="System/FileModifyDate" value="2019:12:02 14:13:18"/>
          <property name="System/FileSize" value="293464"/>
        </meta>
      </photo>
    </camera>
    <camera camera_id="65">
      <photo path="../../../1232/66_YukihiroIwayama.jpg">
        <meta>
          <property name="File/ImageHeight" value="1232"/>
          <property name="File/ImageWidth" value="1640"/>
          <property name="System/FileModifyDate" value="2019:12:02 14:13:18"/>
          <property name="System/FileSize" value="307226"/>
        </meta>
      </photo>
    </camera>
    <camera camera_id="66">
      <photo path="../../../1232/67_YukihiroIwayama.jpg">
        <meta>
          <property name="File/ImageHeight" value="1232"/>
          <property name="File/ImageWidth" value="1640"/>
          <property name="System/FileModifyDate" value="2019:12:02 14:13:18"/>
          <property name="System/FileSize" value="297080"/>
        </meta>
      </photo>
    </camera>
    <camera camera_id="67">
      <photo path="../../../1232/68_YukihiroIwayama.jpg">
        <meta>
          <property name="File/ImageHeight" value="1232"/>
          <property name="File/ImageWidth" value="1640"/>
          <property name="System/FileModifyDate" value="2019:12:02 14:13:19"/>
          <property name="System/FileSize" value="276573"/>
        </meta>
      </photo>
    </camera>
    <camera camera_id="68">
      <photo path="../../../1232/69_YukihiroIwayama.jpg">
        <meta>
          <property name="File/ImageHeight" value="1232"/>
          <property name="File/ImageWidth" value="1640"/>
          <property name="System/FileModifyDate" value="2019:12:02 14:13:19"/>
          <property name="System/FileSize" value="319929"/>
        </meta>
      </photo>
    </camera>
    <camera camera_id="69">
      <photo path="../../../1232/70_YukihiroIwayama.jpg">
        <meta>
          <property name="File/ImageHeight" value="1232"/>
          <property name="File/ImageWidth" value="1640"/>
          <property name="System/FileModifyDate" value="2019:12:02 14:13:19"/>
          <property name="System/FileSize" value="327906"/>
        </meta>
      </photo>
    </camera>
    <camera camera_id="70">
      <photo path="../../../1232/71_YukihiroIwayama.jpg">
        <meta>
          <property name="File/ImageHeight" value="1232"/>
          <property name="File/ImageWidth" value="1640"/>
          <property name="System/FileModifyDate" value="2019:12:02 14:13:20"/>
          <property name="System/FileSize" value="298730"/>
        </meta>
      </photo>
    </camera>
    <camera camera_id="71">
      <photo path="../../../1232/72_YukihiroIwayama.jpg">
        <meta>
          <property name="File/ImageHeight" value="1232"/>
          <property name="File/ImageWidth" value="1640"/>
          <property name="System/FileModifyDate" value="2019:12:02 14:13:20"/>
          <property name="System/FileSize" value="256757"/>
        </meta>
      </photo>
    </camera>
    <camera camera_id="72">
      <photo path="../../../1232/73_YukihiroIwayama.jpg">
        <meta>
          <property name="File/ImageHeight" value="1232"/>
          <property name="File/ImageWidth" value="1640"/>
          <property name="System/FileModifyDate" value="2019:12:02 14:13:20"/>
          <property name="System/FileSize" value="328574"/>
        </meta>
      </photo>
    </camera>
    <camera camera_id="73">
      <photo path="../../../1232/74_YukihiroIwayama.jpg">
        <meta>
          <property name="File/ImageHeight" value="1232"/>
          <property name="File/ImageWidth" value="1640"/>
          <property name="System/FileModifyDate" value="2019:12:02 14:13:20"/>
          <property name="System/FileSize" value="326914"/>
        </meta>
      </photo>
    </camera>
    <camera camera_id="74">
      <photo path="../../../1232/75_YukihiroIwayama.jpg">
        <meta>
          <property name="File/ImageHeight" value="1232"/>
          <property name="File/ImageWidth" value="1640"/>
          <property name="System/FileModifyDate" value="2019:12:02 14:13:21"/>
          <property name="System/FileSize" value="307514"/>
        </meta>
      </photo>
    </camera>
    <camera camera_id="75">
      <photo path="../../../1232/76_YukihiroIwayama.jpg">
        <meta>
          <property name="File/ImageHeight" value="1232"/>
          <property name="File/ImageWidth" value="1640"/>
          <property name="System/FileModifyDate" value="2019:12:02 14:13:21"/>
          <property name="System/FileSize" value="325176"/>
        </meta>
      </photo>
    </camera>
    <camera camera_id="76">
      <photo path="../../../1232/77_YukihiroIwayama.jpg">
        <meta>
          <property name="File/ImageHeight" value="1232"/>
          <property name="File/ImageWidth" value="1640"/>
          <property name="System/FileModifyDate" value="2019:12:02 14:13:21"/>
          <property name="System/FileSize" value="309607"/>
        </meta>
      </photo>
    </camera>
    <camera camera_id="77">
      <photo path="../../../1232/78_YukihiroIwayama.jpg">
        <meta>
          <property name="File/ImageHeight" value="1232"/>
          <property name="File/ImageWidth" value="1640"/>
          <property name="System/FileModifyDate" value="2019:12:02 14:13:22"/>
          <property name="System/FileSize" value="289025"/>
        </meta>
      </photo>
    </camera>
    <camera camera_id="78">
      <photo path="../../../1232/79_YukihiroIwayama.jpg">
        <meta>
          <property name="File/ImageHeight" value="1232"/>
          <property name="File/ImageWidth" value="1640"/>
          <property name="System/FileModifyDate" value="2019:12:02 14:13:22"/>
          <property name="System/FileSize" value="331202"/>
        </meta>
      </photo>
    </camera>
    <camera camera_id="79">
      <photo path="../../../1232/80_YukihiroIwayama.jpg">
        <meta>
          <property name="File/ImageHeight" value="1232"/>
          <property name="File/ImageWidth" value="1640"/>
          <property name="System/FileModifyDate" value="2019:12:02 14:13:22"/>
          <property name="System/FileSize" value="309645"/>
        </meta>
      </photo>
    </camera>
    <camera camera_id="80">
      <photo path="../../../1232/81_YukihiroIwayama.jpg">
        <meta>
          <property name="File/ImageHeight" value="1232"/>
          <property name="File/ImageWidth" value="1640"/>
          <property name="System/FileModifyDate" value="2019:12:02 14:13:23"/>
          <property name="System/FileSize" value="271845"/>
        </meta>
      </photo>
    </camera>
    <camera camera_id="81">
      <photo path="../../../1232/82_YukihiroIwayama.jpg">
        <meta>
          <property name="File/ImageHeight" value="1232"/>
          <property name="File/ImageWidth" value="1640"/>
          <property name="System/FileModifyDate" value="2019:12:02 14:13:23"/>
          <property name="System/FileSize" value="248909"/>
        </meta>
      </photo>
    </camera>
    <camera camera_id="82">
      <photo path="../../../1232/83_YukihiroIwayama.jpg">
        <meta>
          <property name="File/ImageHeight" value="1232"/>
          <property name="File/ImageWidth" value="1640"/>
          <property name="System/FileModifyDate" value="2019:12:02 14:13:23"/>
          <property name="System/FileSize" value="190487"/>
        </meta>
      </photo>
    </camera>
    <camera camera_id="83">
      <photo path="../../../1232/84_YukihiroIwayama.jpg">
        <meta>
          <property name="File/ImageHeight" value="1232"/>
          <property name="File/ImageWidth" value="1640"/>
          <property name="System/FileModifyDate" value="2019:12:02 14:13:24"/>
          <property name="System/FileSize" value="210268"/>
        </meta>
      </photo>
    </camera>
    <camera camera_id="84">
      <photo path="../../../1232/85_YukihiroIwayama.jpg">
        <meta>
          <property name="File/ImageHeight" value="1232"/>
          <property name="File/ImageWidth" value="1640"/>
          <property name="System/FileModifyDate" value="2019:12:02 14:13:24"/>
          <property name="System/FileSize" value="196080"/>
        </meta>
      </photo>
    </camera>
    <camera camera_id="85">
      <photo path="../../../1232/86_YukihiroIwayama.jpg">
        <meta>
          <property name="File/ImageHeight" value="1232"/>
          <property name="File/ImageWidth" value="1640"/>
          <property name="System/FileModifyDate" value="2019:12:02 14:13:24"/>
          <property name="System/FileSize" value="195226"/>
        </meta>
      </photo>
    </camera>
    <camera camera_id="86">
      <photo path="../../../1232/87_YukihiroIwayama.jpg">
        <meta>
          <property name="File/ImageHeight" value="1232"/>
          <property name="File/ImageWidth" value="1640"/>
          <property name="System/FileModifyDate" value="2019:12:02 14:13:24"/>
          <property name="System/FileSize" value="267372"/>
        </meta>
      </photo>
    </camera>
    <camera camera_id="87">
      <photo path="../../../1232/88_YukihiroIwayama.jpg">
        <meta>
          <property name="File/ImageHeight" value="1232"/>
          <property name="File/ImageWidth" value="1640"/>
          <property name="System/FileModifyDate" value="2019:12:02 14:13:25"/>
          <property name="System/FileSize" value="225962"/>
        </meta>
      </photo>
    </camera>
  </cameras>
  <thumbnails path="thumbnails/thumbnails.zip"/>
  <point_cloud path="point_cloud/point_cloud.zip"/>
</frame>
