<?xml version="1.0" encoding="UTF-8"?>
<thumbnails version="1.2.0">
  <thumbnail camera_id="88" path="c88.jpg"/>
  <thumbnail camera_id="89" path="c89.jpg"/>
  <thumbnail camera_id="90" path="c90.jpg"/>
  <thumbnail camera_id="91" path="c91.jpg"/>
  <thumbnail camera_id="92" path="c92.jpg"/>
  <thumbnail camera_id="93" path="c93.jpg"/>
  <thumbnail camera_id="94" path="c94.jpg"/>
  <thumbnail camera_id="95" path="c95.jpg"/>
  <thumbnail camera_id="96" path="c96.jpg"/>
  <thumbnail camera_id="97" path="c97.jpg"/>
  <thumbnail camera_id="98" path="c98.jpg"/>
  <thumbnail camera_id="99" path="c99.jpg"/>
  <thumbnail camera_id="100" path="c100.jpg"/>
  <thumbnail camera_id="101" path="c101.jpg"/>
  <thumbnail camera_id="102" path="c102.jpg"/>
  <thumbnail camera_id="103" path="c103.jpg"/>
  <thumbnail camera_id="104" path="c104.jpg"/>
  <thumbnail camera_id="105" path="c105.jpg"/>
  <thumbnail camera_id="106" path="c106.jpg"/>
  <thumbnail camera_id="107" path="c107.jpg"/>
  <thumbnail camera_id="108" path="c108.jpg"/>
  <thumbnail camera_id="109" path="c109.jpg"/>
  <thumbnail camera_id="110" path="c110.jpg"/>
  <thumbnail camera_id="111" path="c111.jpg"/>
  <thumbnail camera_id="112" path="c112.jpg"/>
  <thumbnail camera_id="113" path="c113.jpg"/>
  <thumbnail camera_id="114" path="c114.jpg"/>
  <thumbnail camera_id="115" path="c115.jpg"/>
  <thumbnail camera_id="116" path="c116.jpg"/>
  <thumbnail camera_id="117" path="c117.jpg"/>
  <thumbnail camera_id="118" path="c118.jpg"/>
  <thumbnail camera_id="119" path="c119.jpg"/>
  <thumbnail camera_id="120" path="c120.jpg"/>
  <thumbnail camera_id="121" path="c121.jpg"/>
  <thumbnail camera_id="122" path="c122.jpg"/>
  <thumbnail camera_id="123" path="c123.jpg"/>
  <thumbnail camera_id="124" path="c124.jpg"/>
  <thumbnail camera_id="125" path="c125.jpg"/>
  <thumbnail camera_id="126" path="c126.jpg"/>
  <thumbnail camera_id="127" path="c127.jpg"/>
  <thumbnail camera_id="128" path="c128.jpg"/>
  <thumbnail camera_id="129" path="c129.jpg"/>
  <thumbnail camera_id="130" path="c130.jpg"/>
  <thumbnail camera_id="131" path="c131.jpg"/>
  <thumbnail camera_id="132" path="c132.jpg"/>
  <thumbnail camera_id="133" path="c133.jpg"/>
  <thumbnail camera_id="134" path="c134.jpg"/>
  <thumbnail camera_id="135" path="c135.jpg"/>
  <thumbnail camera_id="136" path="c136.jpg"/>
  <thumbnail camera_id="137" path="c137.jpg"/>
  <thumbnail camera_id="138" path="c138.jpg"/>
  <thumbnail camera_id="139" path="c139.jpg"/>
  <thumbnail camera_id="140" path="c140.jpg"/>
  <thumbnail camera_id="141" path="c141.jpg"/>
  <thumbnail camera_id="142" path="c142.jpg"/>
  <thumbnail camera_id="143" path="c143.jpg"/>
  <thumbnail camera_id="144" path="c144.jpg"/>
  <thumbnail camera_id="145" path="c145.jpg"/>
  <thumbnail camera_id="146" path="c146.jpg"/>
  <thumbnail camera_id="147" path="c147.jpg"/>
  <thumbnail camera_id="148" path="c148.jpg"/>
  <thumbnail camera_id="149" path="c149.jpg"/>
  <thumbnail camera_id="150" path="c150.jpg"/>
  <thumbnail camera_id="151" path="c151.jpg"/>
  <thumbnail camera_id="152" path="c152.jpg"/>
  <thumbnail camera_id="153" path="c153.jpg"/>
  <thumbnail camera_id="154" path="c154.jpg"/>
  <thumbnail camera_id="155" path="c155.jpg"/>
  <thumbnail camera_id="156" path="c156.jpg"/>
  <thumbnail camera_id="157" path="c157.jpg"/>
  <thumbnail camera_id="158" path="c158.jpg"/>
  <thumbnail camera_id="159" path="c159.jpg"/>
  <thumbnail camera_id="160" path="c160.jpg"/>
  <thumbnail camera_id="161" path="c161.jpg"/>
  <thumbnail camera_id="162" path="c162.jpg"/>
  <thumbnail camera_id="163" path="c163.jpg"/>
  <thumbnail camera_id="164" path="c164.jpg"/>
  <thumbnail camera_id="165" path="c165.jpg"/>
  <thumbnail camera_id="166" path="c166.jpg"/>
  <thumbnail camera_id="167" path="c167.jpg"/>
  <thumbnail camera_id="168" path="c168.jpg"/>
  <thumbnail camera_id="169" path="c169.jpg"/>
  <thumbnail camera_id="170" path="c170.jpg"/>
  <thumbnail camera_id="171" path="c171.jpg"/>
  <thumbnail camera_id="172" path="c172.jpg"/>
  <thumbnail camera_id="173" path="c173.jpg"/>
  <thumbnail camera_id="174" path="c174.jpg"/>
  <thumbnail camera_id="175" path="c175.jpg"/>
</thumbnails>
