<?xml version="1.0" encoding="UTF-8"?>
<chunk version="1.2.0" label="821_16_view" enabled="true">
  <sensors next_id="1">
    <sensor id="0" label="unknown" type="frame">
      <resolution width="1093" height="821"/>
      <property name="layer_index" value="0"/>
      <bands>
        <band label="Red"/>
        <band label="Green"/>
        <band label="Blue"/>
      </bands>
      <data_type>uint8</data_type>
    </sensor>
  </sensors>
  <cameras next_id="16" next_group_id="0">
    <camera id="0" sensor_id="0" label="17_YukihiroIwayama"/>
    <camera id="1" sensor_id="0" label="19_YukihiroIwayama"/>
    <camera id="2" sensor_id="0" label="21_YukihiroIwayama"/>
    <camera id="3" sensor_id="0" label="23_YukihiroIwayama"/>
    <camera id="4" sensor_id="0" label="25_YukihiroIwayama"/>
    <camera id="5" sensor_id="0" label="27_YukihiroIwayama"/>
    <camera id="6" sensor_id="0" label="29_YukihiroIwayama"/>
    <camera id="7" sensor_id="0" label="31_YukihiroIwayama"/>
    <camera id="8" sensor_id="0" label="49_YukihiroIwayama"/>
    <camera id="9" sensor_id="0" label="51_YukihiroIwayama"/>
    <camera id="10" sensor_id="0" label="53_YukihiroIwayama"/>
    <camera id="11" sensor_id="0" label="55_YukihiroIwayama"/>
    <camera id="12" sensor_id="0" label="57_YukihiroIwayama"/>
    <camera id="13" sensor_id="0" label="59_YukihiroIwayama"/>
    <camera id="14" sensor_id="0" label="61_YukihiroIwayama"/>
    <camera id="15" sensor_id="0" label="63_YukihiroIwayama"/>
  </cameras>
  <frames next_id="1">
    <frame id="0" path="0/frame.zip"/>
  </frames>
  <reference>LOCAL_CS["Local Coordinates (m)",LOCAL_DATUM["Local Datum",0],UNIT["metre",1,AUTHORITY["EPSG","9001"]]]</reference>
  <settings>
    <property name="accuracy_tiepoints" value="1"/>
    <property name="accuracy_cameras" value="10"/>
    <property name="accuracy_cameras_ypr" value="10"/>
    <property name="accuracy_markers" value="0.005"/>
    <property name="accuracy_scalebars" value="0.001"/>
    <property name="accuracy_projections" value="0.5"/>
  </settings>
</chunk>
