<?xml version="1.0" encoding="UTF-8"?>
<frame version="1.2.0">
  <cameras>
    <camera camera_id="0">
      <photo path="../../../2464_16_view/17_YukihiroIwayama.jpg">
        <meta>
          <property name="Exif/ApertureValue" value="2"/>
          <property name="Exif/DateTime" value="2019:10:12 21:47:23"/>
          <property name="Exif/DateTimeOriginal" value="2019:08:21 00:30:39"/>
          <property name="Exif/ExposureTime" value="0.00952381"/>
          <property name="Exif/FNumber" value="2"/>
          <property name="Exif/FocalLength" value="3.039"/>
          <property name="Exif/ISOSpeedRatings" value="50"/>
          <property name="Exif/Make" value="RaspberryPi"/>
          <property name="Exif/Model" value="RP_imx219"/>
          <property name="Exif/ShutterSpeedValue" value="6.71425"/>
          <property name="Exif/Software" value="Adobe Photoshop Lightroom Classic 8.3.1 (Macintosh)"/>
          <property name="File/ImageHeight" value="2464"/>
          <property name="File/ImageWidth" value="3280"/>
          <property name="System/FileModifyDate" value="2019:10:11 20:51:24"/>
          <property name="System/FileSize" value="5255981"/>
        </meta>
      </photo>
    </camera>
    <camera camera_id="1">
      <photo path="../../../2464_16_view/19_YukihiroIwayama.jpg">
        <meta>
          <property name="Exif/ApertureValue" value="2"/>
          <property name="Exif/DateTime" value="2019:10:12 21:47:24"/>
          <property name="Exif/DateTimeOriginal" value="2019:08:21 01:31:25"/>
          <property name="Exif/ExposureTime" value="0.00952381"/>
          <property name="Exif/FNumber" value="2"/>
          <property name="Exif/FocalLength" value="3.039"/>
          <property name="Exif/ISOSpeedRatings" value="50"/>
          <property name="Exif/Make" value="RaspberryPi"/>
          <property name="Exif/Model" value="RP_imx219"/>
          <property name="Exif/ShutterSpeedValue" value="6.71425"/>
          <property name="Exif/Software" value="Adobe Photoshop Lightroom Classic 8.3.1 (Macintosh)"/>
          <property name="File/ImageHeight" value="2464"/>
          <property name="File/ImageWidth" value="3280"/>
          <property name="System/FileModifyDate" value="2019:10:11 20:51:26"/>
          <property name="System/FileSize" value="5382685"/>
        </meta>
      </photo>
    </camera>
    <camera camera_id="2">
      <photo path="../../../2464_16_view/21_YukihiroIwayama.jpg">
        <meta>
          <property name="Exif/ApertureValue" value="2"/>
          <property name="Exif/DateTime" value="2019:10:12 21:47:24"/>
          <property name="Exif/DateTimeOriginal" value="2019:08:21 01:17:43"/>
          <property name="Exif/ExposureTime" value="0.00869565"/>
          <property name="Exif/FNumber" value="2"/>
          <property name="Exif/FocalLength" value="3.039"/>
          <property name="Exif/ISOSpeedRatings" value="50"/>
          <property name="Exif/Make" value="RaspberryPi"/>
          <property name="Exif/Model" value="RP_imx219"/>
          <property name="Exif/ShutterSpeedValue" value="6.84549"/>
          <property name="Exif/Software" value="Adobe Photoshop Lightroom Classic 8.3.1 (Macintosh)"/>
          <property name="File/ImageHeight" value="2464"/>
          <property name="File/ImageWidth" value="3280"/>
          <property name="System/FileModifyDate" value="2019:10:11 20:51:26"/>
          <property name="System/FileSize" value="5356088"/>
        </meta>
      </photo>
    </camera>
    <camera camera_id="3">
      <photo path="../../../2464_16_view/23_YukihiroIwayama.jpg">
        <meta>
          <property name="Exif/ApertureValue" value="2"/>
          <property name="Exif/DateTime" value="2019:10:12 21:47:25"/>
          <property name="Exif/DateTimeOriginal" value="2019:08:21 01:22:50"/>
          <property name="Exif/ExposureTime" value="0.00869565"/>
          <property name="Exif/FNumber" value="2"/>
          <property name="Exif/FocalLength" value="3.039"/>
          <property name="Exif/ISOSpeedRatings" value="50"/>
          <property name="Exif/Make" value="RaspberryPi"/>
          <property name="Exif/Model" value="RP_imx219"/>
          <property name="Exif/ShutterSpeedValue" value="6.84549"/>
          <property name="Exif/Software" value="Adobe Photoshop Lightroom Classic 8.3.1 (Macintosh)"/>
          <property name="File/ImageHeight" value="2464"/>
          <property name="File/ImageWidth" value="3280"/>
          <property name="System/FileModifyDate" value="2019:10:11 20:51:26"/>
          <property name="System/FileSize" value="5275130"/>
        </meta>
      </photo>
    </camera>
    <camera camera_id="4">
      <photo path="../../../2464_16_view/25_YukihiroIwayama.jpg">
        <meta>
          <property name="Exif/ApertureValue" value="2"/>
          <property name="Exif/DateTime" value="2019:10:12 21:47:26"/>
          <property name="Exif/DateTimeOriginal" value="2019:07:07 10:13:03"/>
          <property name="Exif/ExposureTime" value="0.008"/>
          <property name="Exif/FNumber" value="2"/>
          <property name="Exif/FocalLength" value="3.039"/>
          <property name="Exif/ISOSpeedRatings" value="50"/>
          <property name="Exif/Make" value="RaspberryPi"/>
          <property name="Exif/Model" value="RP_imx219"/>
          <property name="Exif/ShutterSpeedValue" value="6.96578"/>
          <property name="Exif/Software" value="Adobe Photoshop Lightroom Classic 8.3.1 (Macintosh)"/>
          <property name="File/ImageHeight" value="2464"/>
          <property name="File/ImageWidth" value="3280"/>
          <property name="System/FileModifyDate" value="2019:10:11 20:51:26"/>
          <property name="System/FileSize" value="5211195"/>
        </meta>
      </photo>
    </camera>
    <camera camera_id="5">
      <photo path="../../../2464_16_view/27_YukihiroIwayama.jpg">
        <meta>
          <property name="Exif/ApertureValue" value="2"/>
          <property name="Exif/DateTime" value="2019:10:12 21:47:26"/>
          <property name="Exif/DateTimeOriginal" value="2019:08:21 01:50:03"/>
          <property name="Exif/ExposureTime" value="0.00909091"/>
          <property name="Exif/FNumber" value="2"/>
          <property name="Exif/FocalLength" value="3.039"/>
          <property name="Exif/ISOSpeedRatings" value="50"/>
          <property name="Exif/Make" value="RaspberryPi"/>
          <property name="Exif/Model" value="RP_imx219"/>
          <property name="Exif/ShutterSpeedValue" value="6.78136"/>
          <property name="Exif/Software" value="Adobe Photoshop Lightroom Classic 8.3.1 (Macintosh)"/>
          <property name="File/ImageHeight" value="2464"/>
          <property name="File/ImageWidth" value="3280"/>
          <property name="System/FileModifyDate" value="2019:10:11 20:51:26"/>
          <property name="System/FileSize" value="5264560"/>
        </meta>
      </photo>
    </camera>
    <camera camera_id="6">
      <photo path="../../../2464_16_view/29_YukihiroIwayama.jpg">
        <meta>
          <property name="Exif/ApertureValue" value="2"/>
          <property name="Exif/DateTime" value="2019:10:12 21:47:27"/>
          <property name="Exif/DateTimeOriginal" value="2019:08:21 01:45:55"/>
          <property name="Exif/ExposureTime" value="0.00833333"/>
          <property name="Exif/FNumber" value="2"/>
          <property name="Exif/FocalLength" value="3.039"/>
          <property name="Exif/ISOSpeedRatings" value="50"/>
          <property name="Exif/Make" value="RaspberryPi"/>
          <property name="Exif/Model" value="RP_imx219"/>
          <property name="Exif/ShutterSpeedValue" value="6.90689"/>
          <property name="Exif/Software" value="Adobe Photoshop Lightroom Classic 8.3.1 (Macintosh)"/>
          <property name="File/ImageHeight" value="2464"/>
          <property name="File/ImageWidth" value="3280"/>
          <property name="System/FileModifyDate" value="2019:10:11 20:51:24"/>
          <property name="System/FileSize" value="5349210"/>
        </meta>
      </photo>
    </camera>
    <camera camera_id="7">
      <photo path="../../../2464_16_view/31_YukihiroIwayama.jpg">
        <meta>
          <property name="Exif/ApertureValue" value="2"/>
          <property name="Exif/DateTime" value="2019:10:12 21:47:28"/>
          <property name="Exif/DateTimeOriginal" value="2019:08:21 01:41:19"/>
          <property name="Exif/ExposureTime" value="0.00833333"/>
          <property name="Exif/FNumber" value="2"/>
          <property name="Exif/FocalLength" value="3.039"/>
          <property name="Exif/ISOSpeedRatings" value="50"/>
          <property name="Exif/Make" value="RaspberryPi"/>
          <property name="Exif/Model" value="RP_imx219"/>
          <property name="Exif/ShutterSpeedValue" value="6.90689"/>
          <property name="Exif/Software" value="Adobe Photoshop Lightroom Classic 8.3.1 (Macintosh)"/>
          <property name="File/ImageHeight" value="2464"/>
          <property name="File/ImageWidth" value="3280"/>
          <property name="System/FileModifyDate" value="2019:10:11 20:51:26"/>
          <property name="System/FileSize" value="5215652"/>
        </meta>
      </photo>
    </camera>
    <camera camera_id="8">
      <photo path="../../../2464_16_view/49_YukihiroIwayama.jpg">
        <meta>
          <property name="Exif/ApertureValue" value="2"/>
          <property name="Exif/DateTime" value="2019:10:12 21:47:34"/>
          <property name="Exif/DateTimeOriginal" value="2019:08:21 01:26:16"/>
          <property name="Exif/ExposureTime" value="0.0111111"/>
          <property name="Exif/FNumber" value="2"/>
          <property name="Exif/FocalLength" value="3.039"/>
          <property name="Exif/ISOSpeedRatings" value="50"/>
          <property name="Exif/Make" value="RaspberryPi"/>
          <property name="Exif/Model" value="RP_imx219"/>
          <property name="Exif/ShutterSpeedValue" value="6.49185"/>
          <property name="Exif/Software" value="Adobe Photoshop Lightroom Classic 8.3.1 (Macintosh)"/>
          <property name="File/ImageHeight" value="2464"/>
          <property name="File/ImageWidth" value="3280"/>
          <property name="System/FileModifyDate" value="2019:10:11 20:51:24"/>
          <property name="System/FileSize" value="5294115"/>
        </meta>
      </photo>
    </camera>
    <camera camera_id="9">
      <photo path="../../../2464_16_view/51_YukihiroIwayama.jpg">
        <meta>
          <property name="Exif/ApertureValue" value="2"/>
          <property name="Exif/DateTime" value="2019:10:12 21:47:34"/>
          <property name="Exif/DateTimeOriginal" value="2019:08:20 17:31:27"/>
          <property name="Exif/ExposureTime" value="0.01"/>
          <property name="Exif/FNumber" value="2"/>
          <property name="Exif/FocalLength" value="3.039"/>
          <property name="Exif/ISOSpeedRatings" value="50"/>
          <property name="Exif/Make" value="RaspberryPi"/>
          <property name="Exif/Model" value="RP_imx219"/>
          <property name="Exif/ShutterSpeedValue" value="6.64386"/>
          <property name="Exif/Software" value="Adobe Photoshop Lightroom Classic 8.3.1 (Macintosh)"/>
          <property name="File/ImageHeight" value="2464"/>
          <property name="File/ImageWidth" value="3280"/>
          <property name="System/FileModifyDate" value="2019:10:11 20:51:28"/>
          <property name="System/FileSize" value="5409645"/>
        </meta>
      </photo>
    </camera>
    <camera camera_id="10">
      <photo path="../../../2464_16_view/53_YukihiroIwayama.jpg">
        <meta>
          <property name="Exif/ApertureValue" value="2"/>
          <property name="Exif/DateTime" value="2019:10:12 21:47:35"/>
          <property name="Exif/DateTimeOriginal" value="2019:08:21 00:29:07"/>
          <property name="Exif/ExposureTime" value="0.00952381"/>
          <property name="Exif/FNumber" value="2"/>
          <property name="Exif/FocalLength" value="3.039"/>
          <property name="Exif/ISOSpeedRatings" value="50"/>
          <property name="Exif/Make" value="RaspberryPi"/>
          <property name="Exif/Model" value="RP_imx219"/>
          <property name="Exif/ShutterSpeedValue" value="6.71425"/>
          <property name="Exif/Software" value="Adobe Photoshop Lightroom Classic 8.3.1 (Macintosh)"/>
          <property name="File/ImageHeight" value="2464"/>
          <property name="File/ImageWidth" value="3280"/>
          <property name="System/FileModifyDate" value="2019:10:11 20:51:28"/>
          <property name="System/FileSize" value="5320538"/>
        </meta>
      </photo>
    </camera>
    <camera camera_id="11">
      <photo path="../../../2464_16_view/55_YukihiroIwayama.jpg">
        <meta>
          <property name="Exif/ApertureValue" value="2"/>
          <property name="Exif/DateTime" value="2019:10:12 21:47:36"/>
          <property name="Exif/DateTimeOriginal" value="2019:08:21 01:23:20"/>
          <property name="Exif/ExposureTime" value="0.00952381"/>
          <property name="Exif/FNumber" value="2"/>
          <property name="Exif/FocalLength" value="3.039"/>
          <property name="Exif/ISOSpeedRatings" value="50"/>
          <property name="Exif/Make" value="RaspberryPi"/>
          <property name="Exif/Model" value="RP_imx219"/>
          <property name="Exif/ShutterSpeedValue" value="6.71425"/>
          <property name="Exif/Software" value="Adobe Photoshop Lightroom Classic 8.3.1 (Macintosh)"/>
          <property name="File/ImageHeight" value="2464"/>
          <property name="File/ImageWidth" value="3280"/>
          <property name="System/FileModifyDate" value="2019:10:11 20:51:28"/>
          <property name="System/FileSize" value="5232553"/>
        </meta>
      </photo>
    </camera>
    <camera camera_id="12">
      <photo path="../../../2464_16_view/57_YukihiroIwayama.jpg">
        <meta>
          <property name="Exif/ApertureValue" value="2"/>
          <property name="Exif/DateTime" value="2019:10:12 21:47:36"/>
          <property name="Exif/DateTimeOriginal" value="2019:08:21 01:05:35"/>
          <property name="Exif/ExposureTime" value="0.00909091"/>
          <property name="Exif/FNumber" value="2"/>
          <property name="Exif/FocalLength" value="3.039"/>
          <property name="Exif/ISOSpeedRatings" value="50"/>
          <property name="Exif/Make" value="RaspberryPi"/>
          <property name="Exif/Model" value="RP_imx219"/>
          <property name="Exif/ShutterSpeedValue" value="6.78136"/>
          <property name="Exif/Software" value="Adobe Photoshop Lightroom Classic 8.3.1 (Macintosh)"/>
          <property name="File/ImageHeight" value="2464"/>
          <property name="File/ImageWidth" value="3280"/>
          <property name="System/FileModifyDate" value="2019:10:11 20:51:28"/>
          <property name="System/FileSize" value="5302993"/>
        </meta>
      </photo>
    </camera>
    <camera camera_id="13">
      <photo path="../../../2464_16_view/59_YukihiroIwayama.jpg">
        <meta>
          <property name="Exif/ApertureValue" value="2"/>
          <property name="Exif/DateTime" value="2019:10:12 21:47:37"/>
          <property name="Exif/DateTimeOriginal" value="2019:08:21 01:42:51"/>
          <property name="Exif/ExposureTime" value="0.01"/>
          <property name="Exif/FNumber" value="2"/>
          <property name="Exif/FocalLength" value="3.039"/>
          <property name="Exif/ISOSpeedRatings" value="50"/>
          <property name="Exif/Make" value="RaspberryPi"/>
          <property name="Exif/Model" value="RP_imx219"/>
          <property name="Exif/ShutterSpeedValue" value="6.64386"/>
          <property name="Exif/Software" value="Adobe Photoshop Lightroom Classic 8.3.1 (Macintosh)"/>
          <property name="File/ImageHeight" value="2464"/>
          <property name="File/ImageWidth" value="3280"/>
          <property name="System/FileModifyDate" value="2019:10:11 20:51:24"/>
          <property name="System/FileSize" value="5361674"/>
        </meta>
      </photo>
    </camera>
    <camera camera_id="14">
      <photo path="../../../2464_16_view/61_YukihiroIwayama.jpg">
        <meta>
          <property name="Exif/ApertureValue" value="2"/>
          <property name="Exif/DateTime" value="2019:10:12 21:47:38"/>
          <property name="Exif/DateTimeOriginal" value="2019:08:21 01:45:47"/>
          <property name="Exif/ExposureTime" value="0.00909091"/>
          <property name="Exif/FNumber" value="2"/>
          <property name="Exif/FocalLength" value="3.039"/>
          <property name="Exif/ISOSpeedRatings" value="50"/>
          <property name="Exif/Make" value="RaspberryPi"/>
          <property name="Exif/Model" value="RP_imx219"/>
          <property name="Exif/ShutterSpeedValue" value="6.78136"/>
          <property name="Exif/Software" value="Adobe Photoshop Lightroom Classic 8.3.1 (Macintosh)"/>
          <property name="File/ImageHeight" value="2464"/>
          <property name="File/ImageWidth" value="3280"/>
          <property name="System/FileModifyDate" value="2019:10:11 20:51:24"/>
          <property name="System/FileSize" value="5475854"/>
        </meta>
      </photo>
    </camera>
    <camera camera_id="15">
      <photo path="../../../2464_16_view/63_YukihiroIwayama.jpg">
        <meta>
          <property name="Exif/ApertureValue" value="2"/>
          <property name="Exif/DateTime" value="2019:10:12 21:47:38"/>
          <property name="Exif/DateTimeOriginal" value="2019:07:07 13:35:13"/>
          <property name="Exif/ExposureTime" value="0.0117647"/>
          <property name="Exif/FNumber" value="2"/>
          <property name="Exif/FocalLength" value="3.039"/>
          <property name="Exif/ISOSpeedRatings" value="50"/>
          <property name="Exif/Make" value="RaspberryPi"/>
          <property name="Exif/Model" value="RP_imx219"/>
          <property name="Exif/ShutterSpeedValue" value="6.40939"/>
          <property name="Exif/Software" value="Adobe Photoshop Lightroom Classic 8.3.1 (Macintosh)"/>
          <property name="File/ImageHeight" value="2464"/>
          <property name="File/ImageWidth" value="3280"/>
          <property name="System/FileModifyDate" value="2019:10:11 20:51:22"/>
          <property name="System/FileSize" value="5506990"/>
        </meta>
      </photo>
    </camera>
  </cameras>
  <thumbnails path="thumbnails/thumbnails.zip"/>
  <point_cloud path="point_cloud.2/point_cloud.zip"/>
</frame>
