<?xml version="1.0" encoding="UTF-8"?>
<point_cloud version="1.2.0">
  <params>
    <dataType>uint8</dataType>
    <bands>
      <band label="Red"/>
      <band label="Green"/>
      <band label="Blue"/>
    </bands>
  </params>
  <tracks path="tracks.ply" count="4487"/>
  <points path="points.ply" count="1929"/>
  <projections camera_id="0" path="p0.ply" count="535"/>
  <projections camera_id="1" path="p1.ply" count="743"/>
  <projections camera_id="2" path="p2.ply" count="775"/>
  <projections camera_id="3" path="p3.ply" count="779"/>
  <projections camera_id="4" path="p4.ply" count="606"/>
  <projections camera_id="5" path="p5.ply" count="652"/>
  <projections camera_id="6" path="p6.ply" count="854"/>
  <projections camera_id="7" path="p7.ply" count="563"/>
  <projections camera_id="8" path="p8.ply" count="346"/>
  <projections camera_id="9" path="p9.ply" count="639"/>
  <projections camera_id="10" path="p10.ply" count="582"/>
  <projections camera_id="11" path="p11.ply" count="484"/>
  <projections camera_id="12" path="p12.ply" count="481"/>
  <projections camera_id="13" path="p13.ply" count="601"/>
  <projections camera_id="14" path="p14.ply" count="782"/>
  <projections camera_id="15" path="p15.ply" count="393"/>
  <meta>
    <property name="Info/LastSavedDateTime" value="2019:12:06 22:34:00"/>
    <property name="Info/LastSavedSoftwareVersion" value="1.5.5.9097"/>
    <property name="Info/OriginalDateTime" value="2019:12:06 22:18:36"/>
    <property name="Info/OriginalSoftwareVersion" value="1.5.5.9097"/>
    <property name="MatchPhotos/cameras" value=""/>
    <property name="MatchPhotos/downscale" value="0"/>
    <property name="MatchPhotos/duration" value="103.537"/>
    <property name="MatchPhotos/keypoint_limit" value="160000"/>
    <property name="MatchPhotos/max_workgroup_size" value="100"/>
    <property name="MatchPhotos/network_distribute" value="true"/>
    <property name="MatchPhotos/pairs" value=""/>
    <property name="MatchPhotos/preselection_generic" value="true"/>
    <property name="MatchPhotos/reset_matches" value="true"/>
    <property name="MatchPhotos/store_keypoints" value="false"/>
    <property name="MatchPhotos/tiepoint_limit" value="16000"/>
    <property name="MatchPhotos/workitem_size_cameras" value="20"/>
    <property name="MatchPhotos/workitem_size_pairs" value="80"/>
  </meta>
</point_cloud>
