<?xml version="1.0" encoding="UTF-8"?>
<frame version="1.2.0">
  <cameras>
    <camera camera_id="0">
      <photo path="../../../RGB_1280_720_Z_1280_720/Buffer_0/colorImage_cam1_0.png">
        <meta>
          <property name="File/ImageHeight" value="720"/>
          <property name="File/ImageWidth" value="1280"/>
          <property name="System/FileModifyDate" value="2019:12:20 12:12:24"/>
          <property name="System/FileSize" value="1323762"/>
        </meta>
      </photo>
    </camera>
    <camera camera_id="1">
      <photo path="../../../RGB_1280_720_Z_1280_720/Buffer_0/colorImage_cam2_0.png">
        <meta>
          <property name="File/ImageHeight" value="720"/>
          <property name="File/ImageWidth" value="1280"/>
          <property name="System/FileModifyDate" value="2019:12:20 12:12:24"/>
          <property name="System/FileSize" value="1302862"/>
        </meta>
      </photo>
    </camera>
    <camera camera_id="2">
      <photo path="../../../RGB_1280_720_Z_1280_720/Buffer_0/colorImage_cam3_0.png">
        <meta>
          <property name="File/ImageHeight" value="720"/>
          <property name="File/ImageWidth" value="1280"/>
          <property name="System/FileModifyDate" value="2019:12:20 12:12:24"/>
          <property name="System/FileSize" value="1392506"/>
        </meta>
      </photo>
    </camera>
    <camera camera_id="3">
      <photo path="../../../RGB_1280_720_Z_1280_720/Buffer_0/colorImage_cam4_0.png">
        <meta>
          <property name="File/ImageHeight" value="720"/>
          <property name="File/ImageWidth" value="1280"/>
          <property name="System/FileModifyDate" value="2019:12:20 12:12:25"/>
          <property name="System/FileSize" value="1455710"/>
        </meta>
      </photo>
    </camera>
    <camera camera_id="4">
      <photo path="../../../RGB_1280_720_Z_1280_720/Buffer_0/colorImage_cam5_0.png">
        <meta>
          <property name="File/ImageHeight" value="720"/>
          <property name="File/ImageWidth" value="1280"/>
          <property name="System/FileModifyDate" value="2019:12:20 12:12:24"/>
          <property name="System/FileSize" value="1423181"/>
        </meta>
      </photo>
    </camera>
    <camera camera_id="5">
      <photo path="../../../RGB_1280_720_Z_1280_720/Buffer_0/colorImage_cam6_0.png">
        <meta>
          <property name="File/ImageHeight" value="720"/>
          <property name="File/ImageWidth" value="1280"/>
          <property name="System/FileModifyDate" value="2019:12:20 12:12:25"/>
          <property name="System/FileSize" value="1407653"/>
        </meta>
      </photo>
    </camera>
    <camera camera_id="6">
      <photo path="../../../RGB_1280_720_Z_1280_720/Buffer_0/colorImage_cam7_0.png">
        <meta>
          <property name="File/ImageHeight" value="720"/>
          <property name="File/ImageWidth" value="1280"/>
          <property name="System/FileModifyDate" value="2019:12:20 12:12:24"/>
          <property name="System/FileSize" value="1410626"/>
        </meta>
      </photo>
    </camera>
    <camera camera_id="7">
      <photo path="../../../RGB_1280_720_Z_1280_720/Buffer_0/colorImage_cam8_0.png">
        <meta>
          <property name="File/ImageHeight" value="720"/>
          <property name="File/ImageWidth" value="1280"/>
          <property name="System/FileModifyDate" value="2019:12:20 12:12:25"/>
          <property name="System/FileSize" value="1348643"/>
        </meta>
      </photo>
    </camera>
    <camera camera_id="8">
      <photo path="../../../RGB_1280_720_Z_1280_720/Buffer_0/colorImage_cam9_0.png">
        <meta>
          <property name="File/ImageHeight" value="720"/>
          <property name="File/ImageWidth" value="1280"/>
          <property name="System/FileModifyDate" value="2019:12:20 12:12:24"/>
          <property name="System/FileSize" value="1294312"/>
        </meta>
      </photo>
    </camera>
    <camera camera_id="9">
      <photo path="../../../RGB_1280_720_Z_1280_720/Buffer_0/colorImage_cam10_0.png">
        <meta>
          <property name="File/ImageHeight" value="720"/>
          <property name="File/ImageWidth" value="1280"/>
          <property name="System/FileModifyDate" value="2019:12:20 12:11:46"/>
          <property name="System/FileSize" value="1335289"/>
        </meta>
      </photo>
    </camera>
    <camera camera_id="20">
      <photo path="../../../RGB_1280_720_Z_1280_720/Buffer_0/inferredImage1_cam1_0.png">
        <meta>
          <property name="File/ImageHeight" value="720"/>
          <property name="File/ImageWidth" value="1280"/>
          <property name="System/FileModifyDate" value="2019:12:20 12:12:24"/>
          <property name="System/FileSize" value="317870"/>
        </meta>
      </photo>
    </camera>
    <camera camera_id="21">
      <photo path="../../../RGB_1280_720_Z_1280_720/Buffer_0/inferredImage1_cam2_0.png">
        <meta>
          <property name="File/ImageHeight" value="720"/>
          <property name="File/ImageWidth" value="1280"/>
          <property name="System/FileModifyDate" value="2019:12:20 12:12:24"/>
          <property name="System/FileSize" value="312026"/>
        </meta>
      </photo>
    </camera>
    <camera camera_id="22">
      <photo path="../../../RGB_1280_720_Z_1280_720/Buffer_0/inferredImage1_cam3_0.png">
        <meta>
          <property name="File/ImageHeight" value="720"/>
          <property name="File/ImageWidth" value="1280"/>
          <property name="System/FileModifyDate" value="2019:12:20 12:12:24"/>
          <property name="System/FileSize" value="306722"/>
        </meta>
      </photo>
    </camera>
    <camera camera_id="23">
      <photo path="../../../RGB_1280_720_Z_1280_720/Buffer_0/inferredImage1_cam4_0.png">
        <meta>
          <property name="File/ImageHeight" value="720"/>
          <property name="File/ImageWidth" value="1280"/>
          <property name="System/FileModifyDate" value="2019:12:20 12:12:25"/>
          <property name="System/FileSize" value="302175"/>
        </meta>
      </photo>
    </camera>
    <camera camera_id="24">
      <photo path="../../../RGB_1280_720_Z_1280_720/Buffer_0/inferredImage1_cam5_0.png">
        <meta>
          <property name="File/ImageHeight" value="720"/>
          <property name="File/ImageWidth" value="1280"/>
          <property name="System/FileModifyDate" value="2019:12:20 12:12:24"/>
          <property name="System/FileSize" value="310329"/>
        </meta>
      </photo>
    </camera>
    <camera camera_id="25">
      <photo path="../../../RGB_1280_720_Z_1280_720/Buffer_0/inferredImage1_cam6_0.png">
        <meta>
          <property name="File/ImageHeight" value="720"/>
          <property name="File/ImageWidth" value="1280"/>
          <property name="System/FileModifyDate" value="2019:12:20 12:12:25"/>
          <property name="System/FileSize" value="306099"/>
        </meta>
      </photo>
    </camera>
    <camera camera_id="26">
      <photo path="../../../RGB_1280_720_Z_1280_720/Buffer_0/inferredImage1_cam7_0.png">
        <meta>
          <property name="File/ImageHeight" value="720"/>
          <property name="File/ImageWidth" value="1280"/>
          <property name="System/FileModifyDate" value="2019:12:20 12:12:24"/>
          <property name="System/FileSize" value="295239"/>
        </meta>
      </photo>
    </camera>
    <camera camera_id="27">
      <photo path="../../../RGB_1280_720_Z_1280_720/Buffer_0/inferredImage1_cam8_0.png">
        <meta>
          <property name="File/ImageHeight" value="720"/>
          <property name="File/ImageWidth" value="1280"/>
          <property name="System/FileModifyDate" value="2019:12:20 12:12:25"/>
          <property name="System/FileSize" value="196007"/>
        </meta>
      </photo>
    </camera>
    <camera camera_id="28">
      <photo path="../../../RGB_1280_720_Z_1280_720/Buffer_0/inferredImage1_cam9_0.png">
        <meta>
          <property name="File/ImageHeight" value="720"/>
          <property name="File/ImageWidth" value="1280"/>
          <property name="System/FileModifyDate" value="2019:12:20 12:12:24"/>
          <property name="System/FileSize" value="292264"/>
        </meta>
      </photo>
    </camera>
    <camera camera_id="29">
      <photo path="../../../RGB_1280_720_Z_1280_720/Buffer_0/inferredImage1_cam10_0.png">
        <meta>
          <property name="File/ImageHeight" value="720"/>
          <property name="File/ImageWidth" value="1280"/>
          <property name="System/FileModifyDate" value="2019:12:20 12:11:46"/>
          <property name="System/FileSize" value="305064"/>
        </meta>
      </photo>
    </camera>
    <camera camera_id="30">
      <photo path="../../../RGB_1280_720_Z_1280_720/Buffer_0/inferredImage2_cam1_0.png">
        <meta>
          <property name="File/ImageHeight" value="720"/>
          <property name="File/ImageWidth" value="1280"/>
          <property name="System/FileModifyDate" value="2019:12:20 12:12:24"/>
          <property name="System/FileSize" value="321834"/>
        </meta>
      </photo>
    </camera>
    <camera camera_id="31">
      <photo path="../../../RGB_1280_720_Z_1280_720/Buffer_0/inferredImage2_cam2_0.png">
        <meta>
          <property name="File/ImageHeight" value="720"/>
          <property name="File/ImageWidth" value="1280"/>
          <property name="System/FileModifyDate" value="2019:12:20 12:12:24"/>
          <property name="System/FileSize" value="320472"/>
        </meta>
      </photo>
    </camera>
    <camera camera_id="32">
      <photo path="../../../RGB_1280_720_Z_1280_720/Buffer_0/inferredImage2_cam3_0.png">
        <meta>
          <property name="File/ImageHeight" value="720"/>
          <property name="File/ImageWidth" value="1280"/>
          <property name="System/FileModifyDate" value="2019:12:20 12:12:24"/>
          <property name="System/FileSize" value="314009"/>
        </meta>
      </photo>
    </camera>
    <camera camera_id="33">
      <photo path="../../../RGB_1280_720_Z_1280_720/Buffer_0/inferredImage2_cam4_0.png">
        <meta>
          <property name="File/ImageHeight" value="720"/>
          <property name="File/ImageWidth" value="1280"/>
          <property name="System/FileModifyDate" value="2019:12:20 12:12:25"/>
          <property name="System/FileSize" value="310559"/>
        </meta>
      </photo>
    </camera>
    <camera camera_id="34">
      <photo path="../../../RGB_1280_720_Z_1280_720/Buffer_0/inferredImage2_cam5_0.png">
        <meta>
          <property name="File/ImageHeight" value="720"/>
          <property name="File/ImageWidth" value="1280"/>
          <property name="System/FileModifyDate" value="2019:12:20 12:12:24"/>
          <property name="System/FileSize" value="307470"/>
        </meta>
      </photo>
    </camera>
    <camera camera_id="35">
      <photo path="../../../RGB_1280_720_Z_1280_720/Buffer_0/inferredImage2_cam6_0.png">
        <meta>
          <property name="File/ImageHeight" value="720"/>
          <property name="File/ImageWidth" value="1280"/>
          <property name="System/FileModifyDate" value="2019:12:20 12:12:25"/>
          <property name="System/FileSize" value="311374"/>
        </meta>
      </photo>
    </camera>
    <camera camera_id="36">
      <photo path="../../../RGB_1280_720_Z_1280_720/Buffer_0/inferredImage2_cam7_0.png">
        <meta>
          <property name="File/ImageHeight" value="720"/>
          <property name="File/ImageWidth" value="1280"/>
          <property name="System/FileModifyDate" value="2019:12:20 12:12:24"/>
          <property name="System/FileSize" value="295951"/>
        </meta>
      </photo>
    </camera>
    <camera camera_id="37">
      <photo path="../../../RGB_1280_720_Z_1280_720/Buffer_0/inferredImage2_cam8_0.png">
        <meta>
          <property name="File/ImageHeight" value="720"/>
          <property name="File/ImageWidth" value="1280"/>
          <property name="System/FileModifyDate" value="2019:12:20 12:12:25"/>
          <property name="System/FileSize" value="193081"/>
        </meta>
      </photo>
    </camera>
    <camera camera_id="38">
      <photo path="../../../RGB_1280_720_Z_1280_720/Buffer_0/inferredImage2_cam9_0.png">
        <meta>
          <property name="File/ImageHeight" value="720"/>
          <property name="File/ImageWidth" value="1280"/>
          <property name="System/FileModifyDate" value="2019:12:20 12:12:24"/>
          <property name="System/FileSize" value="299311"/>
        </meta>
      </photo>
    </camera>
    <camera camera_id="39">
      <photo path="../../../RGB_1280_720_Z_1280_720/Buffer_0/inferredImage2_cam10_0.png">
        <meta>
          <property name="File/ImageHeight" value="720"/>
          <property name="File/ImageWidth" value="1280"/>
          <property name="System/FileModifyDate" value="2019:12:20 12:11:46"/>
          <property name="System/FileSize" value="309380"/>
        </meta>
      </photo>
    </camera>
  </cameras>
  <markers>
    <marker marker_id="0">
      <location camera_id="3" pinned="true" x="63.323" y="140.919"/>
      <location camera_id="5" pinned="true" x="887.732" y="124.833"/>
      <location camera_id="25" pinned="true" x="887.965" y="120.981"/>
      <location camera_id="35" pinned="true" x="869.468" y="121.145"/>
    </marker>
    <marker marker_id="1">
      <location camera_id="5" pinned="true" x="1005.58" y="109.557"/>
      <location camera_id="25" pinned="true" x="1005.02" y="106.65"/>
      <location camera_id="35" pinned="true" x="985.057" y="106.836"/>
    </marker>
    <marker marker_id="2">
      <location camera_id="3" pinned="true" x="324.806" y="140.199"/>
      <location camera_id="5" pinned="true" x="1135.47" y="96.0269"/>
      <location camera_id="23" pinned="true" x="296.998" y="141.52"/>
      <location camera_id="25" pinned="true" x="1135.62" y="92.8333"/>
      <location camera_id="33" pinned="true" x="278.49" y="141.809"/>
      <location camera_id="35" pinned="true" x="1113.6" y="93.036"/>
    </marker>
    <marker marker_id="3">
      <location camera_id="3" pinned="true" x="95.4817" y="366.027"/>
      <location camera_id="4" pinned="true" x="517.563" y="319.437"/>
      <location camera_id="5" pinned="true" x="891.269" y="307.981"/>
      <location camera_id="23" pinned="true" x="63.9767" y="369.612"/>
      <location camera_id="24" pinned="true" x="509.506" y="309.689"/>
      <location camera_id="25" pinned="true" x="892.082" y="305.218"/>
      <location camera_id="34" pinned="true" x="492.898" y="310.078"/>
      <location camera_id="35" pinned="true" x="874.234" y="305.429"/>
    </marker>
    <marker marker_id="4">
      <location camera_id="5" pinned="true" x="1010.03" y="312.61"/>
      <location camera_id="23" pinned="true" x="206.077" y="349.058"/>
      <location camera_id="25" pinned="true" x="1009.73" y="310.199"/>
      <location camera_id="33" pinned="true" x="186.706" y="349.211"/>
      <location camera_id="35" pinned="true" x="990.233" y="310.578"/>
    </marker>
    <marker marker_id="5">
      <location camera_id="3" pinned="true" x="354.39" y="331.021"/>
      <location camera_id="5" pinned="true" x="1146.97" y="320.446"/>
      <location camera_id="23" pinned="true" x="326.408" y="333.529"/>
      <location camera_id="25" pinned="true" x="1146.26" y="318.339"/>
      <location camera_id="33" pinned="true" x="308.638" y="333.718"/>
      <location camera_id="35" pinned="true" x="1125.06" y="318.559"/>
    </marker>
    <marker marker_id="6">
      <location camera_id="4" pinned="true" x="81.6034" y="120.462"/>
      <location camera_id="6" pinned="true" x="969.333" y="112.965"/>
      <location camera_id="24" pinned="true" x="58.5413" y="105.152"/>
      <location camera_id="26" pinned="true" x="974.585" y="110.928"/>
      <location camera_id="36" pinned="true" x="955.874" y="110.825"/>
    </marker>
    <marker marker_id="7">
      <location camera_id="24" pinned="true" x="207.782" y="116.578"/>
      <location camera_id="26" pinned="true" x="1099.05" y="101.976"/>
      <location camera_id="34" pinned="true" x="187.075" y="117.087"/>
      <location camera_id="36" pinned="true" x="1078.76" y="101.756"/>
    </marker>
    <marker marker_id="8">
      <location camera_id="4" pinned="true" x="346.528" y="139.767"/>
      <location camera_id="24" pinned="true" x="334.095" y="125.765"/>
      <location camera_id="34" pinned="true" x="315.084" y="126.188"/>
    </marker>
    <marker marker_id="9">
      <location camera_id="4" pinned="true" x="98.2036" y="345.836"/>
      <location camera_id="6" pinned="true" x="956.597" y="302.294"/>
      <location camera_id="24" pinned="true" x="78.4933" y="337.53"/>
      <location camera_id="26" pinned="true" x="962.715" y="300.097"/>
      <location camera_id="34" pinned="true" x="56.2076" y="337.806"/>
      <location camera_id="36" pinned="true" x="944.472" y="300.182"/>
    </marker>
    <marker marker_id="10">
      <location camera_id="24" pinned="true" x="224.171" y="325.568"/>
      <location camera_id="26" pinned="true" x="1087.77" y="309.811"/>
      <location camera_id="36" pinned="true" x="1068.01" y="309.809"/>
    </marker>
    <marker marker_id="11">
      <location camera_id="4" pinned="true" x="356.092" y="327.073"/>
      <location camera_id="24" pinned="true" x="343.843" y="317.953"/>
      <location camera_id="34" pinned="true" x="325.737" y="318.379"/>
      <location camera_id="35" pinned="true" x="710.842" y="305.86"/>
      <location camera_id="36" pinned="true" x="1219.56" y="324.149"/>
    </marker>
    <marker marker_id="12">
      <location camera_id="5" pinned="true" x="320.972" y="145.122"/>
      <location camera_id="6" pinned="true" x="781.81" y="126.471"/>
      <location camera_id="7" pinned="true" x="1191.45" y="85.6125"/>
      <location camera_id="25" pinned="true" x="315.645" y="139.816"/>
      <location camera_id="26" pinned="true" x="788.267" y="123.483"/>
      <location camera_id="35" pinned="true" x="296.896" y="139.82"/>
      <location camera_id="36" pinned="true" x="770.774" y="123.394"/>
    </marker>
    <marker marker_id="13">
      <location camera_id="5" pinned="true" x="66.241" y="355.595"/>
      <location camera_id="7" pinned="true" x="899.838" y="286.5"/>
      <location camera_id="25" pinned="true" x="54.3476" y="352.036"/>
      <location camera_id="27" pinned="true" x="879.261" y="285.798"/>
      <location camera_id="37" pinned="true" x="861.607" y="286.05"/>
    </marker>
    <marker marker_id="14">
      <location camera_id="5" pinned="true" x="342.12" y="323.604"/>
      <location camera_id="6" pinned="true" x="782.212" y="293.788"/>
      <location camera_id="7" pinned="true" x="1175.07" y="303.826"/>
      <location camera_id="25" pinned="true" x="336.038" y="320.038"/>
      <location camera_id="26" pinned="true" x="789.377" y="291.247"/>
      <location camera_id="35" pinned="true" x="317.692" y="320.122"/>
      <location camera_id="36" pinned="true" x="772.63" y="291.189"/>
    </marker>
    <marker marker_id="15">
      <location camera_id="8" pinned="true" x="946.992" y="73.2143"/>
      <location camera_id="28" pinned="true" x="962.207" y="73.3977"/>
      <location camera_id="38" pinned="true" x="942.919" y="73.3857"/>
    </marker>
    <marker marker_id="16">
      <location camera_id="8" pinned="true" x="1149.36" y="71.1029"/>
      <location camera_id="28" pinned="true" x="1170.26" y="70.1056"/>
      <location camera_id="38" pinned="true" x="1147.91" y="70.0406"/>
    </marker>
    <marker marker_id="17">
      <location camera_id="8" pinned="true" x="924.026" y="214.594"/>
      <location camera_id="28" pinned="true" x="939.283" y="218.294"/>
      <location camera_id="38" pinned="true" x="920.661" y="218.29"/>
    </marker>
    <marker marker_id="18">
      <location camera_id="8" pinned="true" x="1035.17" y="226.102"/>
      <location camera_id="28" pinned="true" x="1051.99" y="230.06"/>
      <location camera_id="38" pinned="true" x="1031.95" y="230.154"/>
    </marker>
    <marker marker_id="19">
      <location camera_id="8" pinned="true" x="1176.27" y="241.296"/>
      <location camera_id="28" pinned="true" x="1196.83" y="245.38"/>
      <location camera_id="38" pinned="true" x="1174.67" y="245.46"/>
    </marker>
    <marker marker_id="20">
      <location camera_id="8" pinned="true" x="912.165" y="309.348"/>
      <location camera_id="28" pinned="true" x="927.574" y="315.534"/>
      <location camera_id="38" pinned="true" x="909.494" y="315.535"/>
    </marker>
    <marker marker_id="21">
      <location camera_id="8" pinned="true" x="1022.89" y="327.495"/>
      <location camera_id="27" pinned="true" x="173.309" y="89.2978"/>
      <location camera_id="28" pinned="true" x="1039.42" y="334.012"/>
      <location camera_id="38" pinned="true" x="1020" y="334.065"/>
    </marker>
    <marker marker_id="22">
      <location camera_id="8" pinned="true" x="1159.24" y="351.135"/>
      <location camera_id="28" pinned="true" x="1178.62" y="358.077"/>
      <location camera_id="38" pinned="true" x="1157.41" y="358.163"/>
    </marker>
    <marker marker_id="23">
      <location camera_id="0" pinned="true" x="934.695" y="135.749"/>
      <location camera_id="6" pinned="true" x="120.745" y="98.453"/>
      <location camera_id="8" pinned="true" x="901.321" y="408.872"/>
      <location camera_id="20" pinned="true" x="917.995" y="119.774"/>
      <location camera_id="26" pinned="true" x="124.5" y="95.5312"/>
      <location camera_id="28" pinned="true" x="916.554" y="417.939"/>
      <location camera_id="30" pinned="true" x="899.377" y="119.667"/>
      <location camera_id="36" pinned="true" x="102.104" y="95.6246"/>
      <location camera_id="38" pinned="true" x="898.845" y="417.946"/>
    </marker>
    <marker marker_id="24">
      <location camera_id="0" pinned="true" x="1192.5" y="119"/>
      <location camera_id="6" pinned="true" x="371.365" y="113.153"/>
      <location camera_id="8" pinned="true" x="1136.55" y="465.795"/>
      <location camera_id="20" pinned="true" x="1183.06" y="101.58"/>
      <location camera_id="26" pinned="true" x="376.694" y="110.888"/>
      <location camera_id="28" pinned="true" x="1155.49" y="475.411"/>
      <location camera_id="30" pinned="true" x="1160.75" y="101.352"/>
      <location camera_id="36" pinned="true" x="358.155" y="110.945"/>
      <location camera_id="37" pinned="true" x="696.01" y="103.507"/>
      <location camera_id="38" pinned="true" x="1134.96" y="475.556"/>
    </marker>
    <marker marker_id="25">
      <location camera_id="6" pinned="true" x="140.843" y="325.37"/>
      <location camera_id="8" pinned="true" x="889.161" y="570.178"/>
      <location camera_id="26" pinned="true" x="145.633" y="323.408"/>
      <location camera_id="36" pinned="true" x="124.472" y="323.464"/>
    </marker>
    <marker marker_id="26">
      <location camera_id="0" pinned="true" x="1044.04" y="333.992"/>
      <location camera_id="6" pinned="true" x="274.617" y="313.578"/>
      <location camera_id="8" pinned="true" x="992.812" y="610.036"/>
      <location camera_id="20" pinned="true" x="1029.77" y="323.415"/>
      <location camera_id="26" pinned="true" x="279.701" y="311.448"/>
      <location camera_id="30" pinned="true" x="1010.08" y="323.356"/>
      <location camera_id="36" pinned="true" x="260.449" y="311.561"/>
    </marker>
    <marker marker_id="27">
      <location camera_id="0" pinned="true" x="1177.17" y="344.991"/>
      <location camera_id="6" pinned="true" x="386.919" y="303.206"/>
      <location camera_id="7" pinned="true" x="735.897" y="284.043"/>
      <location camera_id="8" pinned="true" x="1108.41" y="655.165"/>
      <location camera_id="20" pinned="true" x="1166.18" y="334.309"/>
      <location camera_id="26" pinned="true" x="391.267" y="301.193"/>
      <location camera_id="30" pinned="true" x="1144.58" y="334.181"/>
      <location camera_id="36" pinned="true" x="373.462" y="301.022"/>
    </marker>
    <marker marker_id="28">
      <location camera_id="8" pinned="true" x="535.884" y="69.2866"/>
      <location camera_id="28" pinned="true" x="540.51" y="68.7244"/>
      <location camera_id="38" pinned="true" x="522.773" y="68.7829"/>
    </marker>
    <marker marker_id="29">
      <location camera_id="8" pinned="true" x="714.006" y="70.8272"/>
      <location camera_id="28" pinned="true" x="723.958" y="70.1946"/>
      <location camera_id="38" pinned="true" x="706.125" y="70.265"/>
    </marker>
    <marker marker_id="30">
      <location camera_id="8" pinned="true" x="635" y="201.756"/>
      <location camera_id="9" pinned="true" x="1056.37" y="181.253"/>
      <location camera_id="28" pinned="true" x="642.759" y="204.071"/>
      <location camera_id="29" pinned="true" x="1050.63" y="178.373"/>
      <location camera_id="38" pinned="true" x="625.482" y="204.235"/>
      <location camera_id="39" pinned="true" x="1030.47" y="178.265"/>
    </marker>
    <marker marker_id="31">
      <location camera_id="8" pinned="true" x="740.437" y="204.437"/>
      <location camera_id="9" pinned="true" x="1197.1" y="196.865"/>
      <location camera_id="28" pinned="true" x="751.668" y="206.973"/>
      <location camera_id="29" pinned="true" x="1194.07" y="193.804"/>
      <location camera_id="38" pinned="true" x="734.5" y="207"/>
      <location camera_id="39" pinned="true" x="1171.7" y="193.51"/>
    </marker>
    <marker marker_id="32">
      <location camera_id="1" pinned="true" x="952.735" y="43.9171"/>
      <location camera_id="8" pinned="true" x="523.873" y="282.787"/>
      <location camera_id="9" pinned="true" x="919.937" y="260.458"/>
      <location camera_id="28" pinned="true" x="527.851" y="288.029"/>
      <location camera_id="29" pinned="true" x="914.621" y="258.016"/>
      <location camera_id="38" pinned="true" x="510.844" y="288.101"/>
      <location camera_id="39" pinned="true" x="896.69" y="257.913"/>
    </marker>
    <marker marker_id="33">
      <location camera_id="9" pinned="true" x="1037.53" y="281.733"/>
      <location camera_id="29" pinned="true" x="1031.82" y="279.993"/>
      <location camera_id="39" pinned="true" x="1012.21" y="279.851"/>
    </marker>
    <marker marker_id="34">
      <location camera_id="8" pinned="true" x="734.58" y="288.391"/>
      <location camera_id="9" pinned="true" x="1174.64" y="305.512"/>
      <location camera_id="28" pinned="true" x="746.082" y="293.411"/>
      <location camera_id="29" pinned="true" x="1170.4" y="303.77"/>
      <location camera_id="38" pinned="true" x="729.235" y="293.532"/>
      <location camera_id="39" pinned="true" x="1149.04" y="303.632"/>
    </marker>
    <marker marker_id="35">
      <location camera_id="1" pinned="true" x="950.474" y="156.898"/>
      <location camera_id="9" pinned="true" x="907.654" y="361.549"/>
      <location camera_id="21" pinned="true" x="952.298" y="147.495"/>
      <location camera_id="29" pinned="true" x="902.672" y="360.685"/>
      <location camera_id="31" pinned="true" x="933.621" y="147.906"/>
      <location camera_id="39" pinned="true" x="885.321" y="360.707"/>
    </marker>
    <marker marker_id="36">
      <location camera_id="1" pinned="true" x="1074.43" y="149.013"/>
      <location camera_id="9" pinned="true" x="1019.61" y="389.093"/>
      <location camera_id="21" pinned="true" x="1077.29" y="139.554"/>
      <location camera_id="29" pinned="true" x="1013.95" y="388.407"/>
      <location camera_id="31" pinned="true" x="1056.92" y="139.669"/>
      <location camera_id="39" pinned="true" x="995.03" y="388.406"/>
    </marker>
    <marker marker_id="37">
      <location camera_id="1" pinned="true" x="1221.53" y="139.966"/>
      <location camera_id="7" pinned="true" x="322.108" y="102.325"/>
      <location camera_id="8" pinned="true" x="728.477" y="382.957"/>
      <location camera_id="9" pinned="true" x="1148.11" y="424.774"/>
      <location camera_id="27" pinned="true" x="299.747" y="99.512"/>
      <location camera_id="28" pinned="true" x="740.192" y="391.548"/>
      <location camera_id="29" pinned="true" x="1143.14" y="424.396"/>
      <location camera_id="31" pinned="true" x="1205.53" y="129.579"/>
      <location camera_id="37" pinned="true" x="281.181" y="99.8865"/>
      <location camera_id="38" pinned="true" x="723.803" y="391.466"/>
      <location camera_id="39" pinned="true" x="1122.64" y="424.303"/>
    </marker>
    <marker marker_id="38">
      <location camera_id="1" pinned="true" x="1208.01" y="360.339"/>
      <location camera_id="7" pinned="true" x="339.476" y="289.917"/>
      <location camera_id="9" pinned="true" x="1109.21" y="603.459"/>
      <location camera_id="20" pinned="true" x="725.022" y="297.066"/>
      <location camera_id="21" pinned="true" x="1213.3" y="354.625"/>
      <location camera_id="30" pinned="true" x="708.287" y="296.963"/>
      <location camera_id="31" pinned="true" x="1190.9" y="354.776"/>
    </marker>
    <marker marker_id="39">
      <location camera_id="1" pinned="true" x="1064.56" y="350.226"/>
      <location camera_id="9" pinned="true" x="990.616" y="557.909"/>
      <location camera_id="31" pinned="true" x="1046.93" y="344.681"/>
    </marker>
    <marker marker_id="40">
      <location camera_id="1" pinned="true" x="944.42" y="342.5"/>
      <location camera_id="7" pinned="true" x="78.0744" y="313.749"/>
      <location camera_id="9" pinned="true" x="888.344" y="517.688"/>
      <location camera_id="21" pinned="true" x="946.433" y="336.534"/>
      <location camera_id="29" pinned="true" x="882.627" y="518.855"/>
      <location camera_id="31" pinned="true" x="928.242" y="336.64"/>
      <location camera_id="39" pinned="true" x="866.1" y="518.822"/>
    </marker>
    <marker marker_id="41">
      <location camera_id="8" pinned="true" x="306.602" y="54"/>
      <location camera_id="28" pinned="true" x="304.992" y="53.928"/>
      <location camera_id="38" pinned="true" x="285.379" y="54.2908"/>
    </marker>
    <marker marker_id="42">
      <location camera_id="8" pinned="true" x="96.3596" y="200.012"/>
      <location camera_id="9" pinned="true" x="539.782" y="142.733"/>
      <location camera_id="28" pinned="true" x="87.1194" y="203.905"/>
      <location camera_id="29" pinned="true" x="528.243" y="136.706"/>
      <location camera_id="38" pinned="true" x="64.5657" y="204.043"/>
      <location camera_id="39" pinned="true" x="510.864" y="136.511"/>
    </marker>
    <marker marker_id="43">
      <location camera_id="8" pinned="true" x="319.957" y="197.254"/>
      <location camera_id="9" pinned="true" x="727.644" y="154.544"/>
      <location camera_id="28" pinned="true" x="318.686" y="200.83"/>
      <location camera_id="29" pinned="true" x="720.067" y="149.208"/>
      <location camera_id="38" pinned="true" x="299.617" y="200.862"/>
      <location camera_id="39" pinned="true" x="702.962" y="149.186"/>
    </marker>
    <marker marker_id="44">
      <location camera_id="1" pinned="true" x="552.061" y="59.8598"/>
      <location camera_id="8" pinned="true" x="104.768" y="313.458"/>
      <location camera_id="9" pinned="true" x="538.301" y="233.142"/>
      <location camera_id="21" pinned="true" x="547.091" y="46.9611"/>
      <location camera_id="28" pinned="true" x="96.8237" y="320.791"/>
      <location camera_id="29" pinned="true" x="526.693" y="228.395"/>
      <location camera_id="31" pinned="true" x="529.352" y="47.2033"/>
      <location camera_id="38" pinned="true" x="75.237" y="320.819"/>
      <location camera_id="39" pinned="true" x="509.887" y="228.411"/>
    </marker>
    <marker marker_id="45">
      <location camera_id="38" pinned="true" x="204.633" y="304.041"/>
    </marker>
    <marker marker_id="46">
      <location camera_id="8" pinned="true" x="337.815" y="287.296"/>
      <location camera_id="28" pinned="true" x="336.846" y="293.5"/>
      <location camera_id="38" pinned="true" x="318.385" y="293.538"/>
    </marker>
    <marker marker_id="47">
      <location camera_id="0" pinned="true" x="94.7469" y="106.813"/>
      <location camera_id="1" pinned="true" x="553.646" y="172.513"/>
      <location camera_id="2" pinned="true" x="974.32" y="151.918"/>
      <location camera_id="8" pinned="true" x="119.657" y="443.513"/>
      <location camera_id="9" pinned="true" x="537.607" y="335.973"/>
      <location camera_id="22" pinned="true" x="962.887" y="140.571"/>
      <location camera_id="28" pinned="true" x="113.084" y="454.416"/>
      <location camera_id="29" pinned="true" x="525.969" y="333.969"/>
      <location camera_id="32" pinned="true" x="943.805" y="139.881"/>
      <location camera_id="39" pinned="true" x="509.951" y="333.778"/>
    </marker>
    <marker marker_id="48">
      <location camera_id="2" pinned="true" x="1085.11" y="146.079"/>
      <location camera_id="22" pinned="true" x="1075.73" y="134.391"/>
      <location camera_id="32" pinned="true" x="1055.11" y="133.871"/>
    </marker>
    <marker marker_id="49">
      <location camera_id="0" pinned="true" x="341.981" y="125.959"/>
      <location camera_id="2" pinned="true" x="1221.57" y="141.238"/>
      <location camera_id="8" pinned="true" x="346.912" y="396.797"/>
      <location camera_id="20" pinned="true" x="308.885" y="111.021"/>
      <location camera_id="22" pinned="true" x="1217.24" y="128.405"/>
      <location camera_id="28" pinned="true" x="346.389" y="406.075"/>
      <location camera_id="30" pinned="true" x="289.974" y="111.026"/>
      <location camera_id="32" pinned="true" x="1194.39" y="127.752"/>
      <location camera_id="38" pinned="true" x="328.609" y="406.032"/>
    </marker>
    <marker marker_id="50">
      <location camera_id="0" pinned="true" x="105.485" y="332.581"/>
      <location camera_id="1" pinned="true" x="552.934" y="343.262"/>
      <location camera_id="2" pinned="true" x="954.261" y="338.727"/>
      <location camera_id="8" pinned="true" x="137.285" y="632.787"/>
      <location camera_id="9" pinned="true" x="533.974" y="485.069"/>
      <location camera_id="20" pinned="true" x="65.7968" y="323.921"/>
      <location camera_id="21" pinned="true" x="547.205" y="337.128"/>
      <location camera_id="22" pinned="true" x="943.078" y="332.061"/>
      <location camera_id="29" pinned="true" x="522.648" y="486.574"/>
      <location camera_id="32" pinned="true" x="924.53" y="331.554"/>
      <location camera_id="39" pinned="true" x="507.075" y="486.434"/>
    </marker>
    <marker marker_id="51">
      <location camera_id="0" pinned="true" x="238.982" y="322.445"/>
      <location camera_id="2" pinned="true" x="1066.44" y="350.509"/>
      <location camera_id="8" pinned="true" x="254.713" y="593.169"/>
      <location camera_id="20" pinned="true" x="204.017" y="313.231"/>
      <location camera_id="22" pinned="true" x="1056.69" y="343.932"/>
      <location camera_id="30" pinned="true" x="183.965" y="313.171"/>
      <location camera_id="32" pinned="true" x="1036.61" y="343.643"/>
    </marker>
    <marker marker_id="52">
      <location camera_id="0" pinned="true" x="357.582" y="317.019"/>
      <location camera_id="2" pinned="true" x="1206.9" y="369.301"/>
      <location camera_id="8" pinned="true" x="361.264" y="559.256"/>
      <location camera_id="20" pinned="true" x="325.422" y="307.416"/>
      <location camera_id="22" pinned="true" x="1201.35" y="363.286"/>
      <location camera_id="28" pinned="true" x="362.402" y="573.02"/>
      <location camera_id="30" pinned="true" x="306.983" y="307.23"/>
      <location camera_id="32" pinned="true" x="1179.24" y="362.864"/>
    </marker>
    <marker marker_id="53">
      <location camera_id="9" pinned="true" x="107.983" y="152.48"/>
      <location camera_id="29" pinned="true" x="87.4893" y="146.349"/>
      <location camera_id="39" pinned="true" x="64.9946" y="146.468"/>
    </marker>
    <marker marker_id="54">
      <location camera_id="39" pinned="true" x="200.096" y="144.517"/>
    </marker>
    <marker marker_id="55">
      <location camera_id="2" pinned="true" x="580.075" y="38.1724"/>
      <location camera_id="9" pinned="true" x="118.789" y="273.515"/>
      <location camera_id="29" pinned="true" x="99.5421" y="269.653"/>
      <location camera_id="39" pinned="true" x="78.042" y="269.687"/>
    </marker>
    <marker marker_id="56">
      <location camera_id="1" pinned="true" x="363.861" y="50.8278"/>
      <location camera_id="9" pinned="true" x="355.204" y="244.111"/>
      <location camera_id="29" pinned="true" x="340.167" y="240.069"/>
      <location camera_id="39" pinned="true" x="322.02" y="240.037"/>
    </marker>
    <marker marker_id="57">
      <location camera_id="1" pinned="true" x="125.947" y="144.043"/>
      <location camera_id="2" pinned="true" x="574.512" y="140.825"/>
      <location camera_id="3" pinned="true" x="931.709" y="95.0562"/>
      <location camera_id="9" pinned="true" x="132.951" y="393.172"/>
      <location camera_id="21" pinned="true" x="109.37" y="132.721"/>
      <location camera_id="22" pinned="true" x="552.786" y="128.108"/>
      <location camera_id="23" pinned="true" x="908.449" y="94.9796"/>
      <location camera_id="29" pinned="true" x="114.216" y="391.194"/>
      <location camera_id="31" pinned="true" x="86.5511" y="132.788"/>
      <location camera_id="32" pinned="true" x="535.082" y="127.832"/>
      <location camera_id="33" pinned="true" x="889.736" y="95.2744"/>
      <location camera_id="39" pinned="true" x="93.7273" y="391.136"/>
    </marker>
    <marker marker_id="58">
      <location camera_id="1" pinned="true" x="370.494" y="169.175"/>
      <location camera_id="3" pinned="true" x="1189.29" y="70.7648"/>
      <location camera_id="9" pinned="true" x="363.521" y="352.859"/>
      <location camera_id="21" pinned="true" x="360.965" y="159.019"/>
      <location camera_id="23" pinned="true" x="1168.92" y="68.5062"/>
      <location camera_id="29" pinned="true" x="348.521" y="350.774"/>
      <location camera_id="31" pinned="true" x="342.271" y="159.099"/>
      <location camera_id="33" pinned="true" x="1146.43" y="68.5683"/>
      <location camera_id="39" pinned="true" x="330.986" y="350.784"/>
    </marker>
    <marker marker_id="59">
      <location camera_id="1" pinned="true" x="131.548" y="370.662"/>
      <location camera_id="2" pinned="true" x="564.267" y="316.733"/>
      <location camera_id="3" pinned="true" x="926.155" y="287.694"/>
      <location camera_id="9" pinned="true" x="151.644" y="585.149"/>
      <location camera_id="21" pinned="true" x="116.426" y="365.002"/>
      <location camera_id="22" pinned="true" x="542.308" y="309.692"/>
      <location camera_id="23" pinned="true" x="904.839" y="288.809"/>
      <location camera_id="31" pinned="true" x="94.5224" y="365.123"/>
      <location camera_id="32" pinned="true" x="525.124" y="309.045"/>
      <location camera_id="33" pinned="true" x="886.921" y="289.085"/>
    </marker>
    <marker marker_id="60">
      <location camera_id="3" pinned="true" x="1048.17" y="295.89"/>
      <location camera_id="23" pinned="true" x="1025.96" y="297.005"/>
      <location camera_id="29" pinned="true" x="259.225" y="548.463"/>
      <location camera_id="31" pinned="true" x="238.612" y="359.638"/>
      <location camera_id="33" pinned="true" x="1006.09" y="297.253"/>
    </marker>
    <marker marker_id="61">
      <location camera_id="1" pinned="true" x="384.513" y="354.632"/>
      <location camera_id="3" pinned="true" x="1191.2" y="298.738"/>
      <location camera_id="9" pinned="true" x="377.914" y="511.491"/>
      <location camera_id="21" pinned="true" x="374.942" y="348.852"/>
      <location camera_id="23" pinned="true" x="1170.6" y="299.416"/>
      <location camera_id="29" pinned="true" x="363.965" y="512.084"/>
      <location camera_id="31" pinned="true" x="356.985" y="348.912"/>
      <location camera_id="33" pinned="true" x="1148.96" y="299.466"/>
    </marker>
    <marker marker_id="62">
      <location camera_id="2" pinned="true" x="131.822" y="90.6913"/>
      <location camera_id="4" pinned="true" x="928.295" y="118.9"/>
      <location camera_id="22" pinned="true" x="94.9308" y="76.7767"/>
      <location camera_id="24" pinned="true" x="929.415" y="105.003"/>
      <location camera_id="32" pinned="true" x="71.6881" y="76.3997"/>
      <location camera_id="34" pinned="true" x="910.008" y="105.541"/>
    </marker>
    <marker marker_id="63">
      <location camera_id="2" pinned="true" x="386.876" y="118.622"/>
      <location camera_id="4" pinned="true" x="1185.41" y="95.0205"/>
      <location camera_id="22" pinned="true" x="359.677" y="106.116"/>
      <location camera_id="24" pinned="true" x="1192.67" y="79.2628"/>
      <location camera_id="32" pinned="true" x="340.681" y="105.927"/>
      <location camera_id="34" pinned="true" x="1168.82" y="79.9424"/>
    </marker>
    <marker marker_id="64">
      <location camera_id="2" pinned="true" x="130.882" y="331.456"/>
      <location camera_id="3" pinned="true" x="537.24" y="307.664"/>
      <location camera_id="4" pinned="true" x="914.278" y="320.154"/>
      <location camera_id="22" pinned="true" x="96.1934" y="325.155"/>
      <location camera_id="23" pinned="true" x="511.118" y="309.532"/>
      <location camera_id="24" pinned="true" x="916.037" y="310.523"/>
      <location camera_id="32" pinned="true" x="74.2063" y="324.738"/>
      <location camera_id="33" pinned="true" x="494.744" y="309.712"/>
      <location camera_id="34" pinned="true" x="897.653" y="311.04"/>
    </marker>
    <marker marker_id="65">
      <location camera_id="2" pinned="true" x="388.939" y="320.716"/>
      <location camera_id="4" pinned="true" x="1175.56" y="339.85"/>
      <location camera_id="22" pinned="true" x="361.899" y="314.005"/>
      <location camera_id="24" pinned="true" x="1180.14" y="330.368"/>
      <location camera_id="32" pinned="true" x="343.533" y="313.527"/>
      <location camera_id="34" pinned="true" x="1157.7" y="330.84"/>
    </marker>
  </markers>
  <thumbnails path="thumbnails/thumbnails.zip"/>
  <point_cloud path="point_cloud/point_cloud.zip"/>
  <depth_maps id="0" path="depth_maps/depth_maps.zip"/>
  <dense_cloud id="0" path="dense_cloud/dense_cloud.zip"/>
  <model id="0" path="model/model.zip"/>
  <tiled_model id="0" path="tiled_model/tiled_model.zip"/>
</frame>
