<?xml version="1.0" encoding="UTF-8"?>
<depth_maps version="1.5.0">
  <depth_map camera_id="89" level="0" path="0/d89.exr">
    <calibration type="frame">
      <resolution width="410" height="308"/>
      <f>320.792813591897</f>
      <cx>2.376398873174</cx>
      <cy>9.39435551879112</cy>
    </calibration>
  </depth_map>
  <depth_map camera_id="89" level="1" path="1/d89.exr">
    <calibration type="frame">
      <resolution width="205" height="154"/>
      <f>160.396406795949</f>
      <cx>1.188199436587</cx>
      <cy>4.69717775939556</cy>
    </calibration>
  </depth_map>
  <depth_map camera_id="90" level="0" path="0/d90.exr">
    <calibration type="frame">
      <resolution width="410" height="308"/>
      <f>320.792813591897</f>
      <cx>2.376398873174</cx>
      <cy>9.39435551879112</cy>
    </calibration>
  </depth_map>
  <depth_map camera_id="90" level="1" path="1/d90.exr">
    <calibration type="frame">
      <resolution width="205" height="154"/>
      <f>160.396406795949</f>
      <cx>1.188199436587</cx>
      <cy>4.69717775939556</cy>
    </calibration>
  </depth_map>
  <depth_map camera_id="102" level="0" path="0/d102.exr">
    <calibration type="frame">
      <resolution width="410" height="308"/>
      <f>320.792813591897</f>
      <cx>2.376398873174</cx>
      <cy>9.39435551879112</cy>
    </calibration>
  </depth_map>
  <depth_map camera_id="102" level="1" path="1/d102.exr">
    <calibration type="frame">
      <resolution width="205" height="154"/>
      <f>160.396406795949</f>
      <cx>1.188199436587</cx>
      <cy>4.69717775939556</cy>
    </calibration>
  </depth_map>
  <depth_map camera_id="104" level="0" path="0/d104.exr">
    <calibration type="frame">
      <resolution width="410" height="308"/>
      <f>320.792813591897</f>
      <cx>2.376398873174</cx>
      <cy>9.39435551879112</cy>
    </calibration>
  </depth_map>
  <depth_map camera_id="104" level="1" path="1/d104.exr">
    <calibration type="frame">
      <resolution width="205" height="154"/>
      <f>160.396406795949</f>
      <cx>1.188199436587</cx>
      <cy>4.69717775939556</cy>
    </calibration>
  </depth_map>
  <depth_map camera_id="105" level="0" path="0/d105.exr">
    <calibration type="frame">
      <resolution width="410" height="308"/>
      <f>320.792813591897</f>
      <cx>2.376398873174</cx>
      <cy>9.39435551879112</cy>
    </calibration>
  </depth_map>
  <depth_map camera_id="105" level="1" path="1/d105.exr">
    <calibration type="frame">
      <resolution width="205" height="154"/>
      <f>160.396406795949</f>
      <cx>1.188199436587</cx>
      <cy>4.69717775939556</cy>
    </calibration>
  </depth_map>
  <depth_map camera_id="106" level="0" path="0/d106.exr">
    <calibration type="frame">
      <resolution width="410" height="308"/>
      <f>320.792813591897</f>
      <cx>2.376398873174</cx>
      <cy>9.39435551879112</cy>
    </calibration>
  </depth_map>
  <depth_map camera_id="106" level="1" path="1/d106.exr">
    <calibration type="frame">
      <resolution width="205" height="154"/>
      <f>160.396406795949</f>
      <cx>1.188199436587</cx>
      <cy>4.69717775939556</cy>
    </calibration>
  </depth_map>
  <depth_map camera_id="118" level="0" path="0/d118.exr">
    <calibration type="frame">
      <resolution width="410" height="308"/>
      <f>320.792813591897</f>
      <cx>2.376398873174</cx>
      <cy>9.39435551879112</cy>
    </calibration>
  </depth_map>
  <depth_map camera_id="118" level="1" path="1/d118.exr">
    <calibration type="frame">
      <resolution width="205" height="154"/>
      <f>160.396406795949</f>
      <cx>1.188199436587</cx>
      <cy>4.69717775939556</cy>
    </calibration>
  </depth_map>
  <depth_map camera_id="120" level="0" path="0/d120.exr">
    <calibration type="frame">
      <resolution width="410" height="308"/>
      <f>320.792813591897</f>
      <cx>2.376398873174</cx>
      <cy>9.39435551879112</cy>
    </calibration>
  </depth_map>
  <depth_map camera_id="120" level="1" path="1/d120.exr">
    <calibration type="frame">
      <resolution width="205" height="154"/>
      <f>160.396406795949</f>
      <cx>1.188199436587</cx>
      <cy>4.69717775939556</cy>
    </calibration>
  </depth_map>
  <depth_map camera_id="121" level="0" path="0/d121.exr">
    <calibration type="frame">
      <resolution width="410" height="308"/>
      <f>320.792813591897</f>
      <cx>2.376398873174</cx>
      <cy>9.39435551879112</cy>
    </calibration>
  </depth_map>
  <depth_map camera_id="121" level="1" path="1/d121.exr">
    <calibration type="frame">
      <resolution width="205" height="154"/>
      <f>160.396406795949</f>
      <cx>1.188199436587</cx>
      <cy>4.69717775939556</cy>
    </calibration>
  </depth_map>
  <depth_map camera_id="122" level="0" path="0/d122.exr">
    <calibration type="frame">
      <resolution width="410" height="308"/>
      <f>320.792813591897</f>
      <cx>2.376398873174</cx>
      <cy>9.39435551879112</cy>
    </calibration>
  </depth_map>
  <depth_map camera_id="122" level="1" path="1/d122.exr">
    <calibration type="frame">
      <resolution width="205" height="154"/>
      <f>160.396406795949</f>
      <cx>1.188199436587</cx>
      <cy>4.69717775939556</cy>
    </calibration>
  </depth_map>
  <depth_map camera_id="123" level="0" path="0/d123.exr">
    <calibration type="frame">
      <resolution width="410" height="308"/>
      <f>320.792813591897</f>
      <cx>2.376398873174</cx>
      <cy>9.39435551879112</cy>
    </calibration>
  </depth_map>
  <depth_map camera_id="123" level="1" path="1/d123.exr">
    <calibration type="frame">
      <resolution width="205" height="154"/>
      <f>160.396406795949</f>
      <cx>1.188199436587</cx>
      <cy>4.69717775939556</cy>
    </calibration>
  </depth_map>
  <depth_map camera_id="134" level="0" path="0/d134.exr">
    <calibration type="frame">
      <resolution width="410" height="308"/>
      <f>320.792813591897</f>
      <cx>2.376398873174</cx>
      <cy>9.39435551879112</cy>
    </calibration>
  </depth_map>
  <depth_map camera_id="134" level="1" path="1/d134.exr">
    <calibration type="frame">
      <resolution width="205" height="154"/>
      <f>160.396406795949</f>
      <cx>1.188199436587</cx>
      <cy>4.69717775939556</cy>
    </calibration>
  </depth_map>
  <depth_map camera_id="137" level="0" path="0/d137.exr">
    <calibration type="frame">
      <resolution width="410" height="308"/>
      <f>320.792813591897</f>
      <cx>2.376398873174</cx>
      <cy>9.39435551879112</cy>
    </calibration>
  </depth_map>
  <depth_map camera_id="137" level="1" path="1/d137.exr">
    <calibration type="frame">
      <resolution width="205" height="154"/>
      <f>160.396406795949</f>
      <cx>1.188199436587</cx>
      <cy>4.69717775939556</cy>
    </calibration>
  </depth_map>
  <depth_map camera_id="138" level="0" path="0/d138.exr">
    <calibration type="frame">
      <resolution width="410" height="308"/>
      <f>320.792813591897</f>
      <cx>2.376398873174</cx>
      <cy>9.39435551879112</cy>
    </calibration>
  </depth_map>
  <depth_map camera_id="138" level="1" path="1/d138.exr">
    <calibration type="frame">
      <resolution width="205" height="154"/>
      <f>160.396406795949</f>
      <cx>1.188199436587</cx>
      <cy>4.69717775939556</cy>
    </calibration>
  </depth_map>
  <depth_map camera_id="139" level="0" path="0/d139.exr">
    <calibration type="frame">
      <resolution width="410" height="308"/>
      <f>320.792813591897</f>
      <cx>2.376398873174</cx>
      <cy>9.39435551879112</cy>
    </calibration>
  </depth_map>
  <depth_map camera_id="139" level="1" path="1/d139.exr">
    <calibration type="frame">
      <resolution width="205" height="154"/>
      <f>160.396406795949</f>
      <cx>1.188199436587</cx>
      <cy>4.69717775939556</cy>
    </calibration>
  </depth_map>
  <depth_map camera_id="150" level="0" path="0/d150.exr">
    <calibration type="frame">
      <resolution width="410" height="308"/>
      <f>320.792813591897</f>
      <cx>2.376398873174</cx>
      <cy>9.39435551879112</cy>
    </calibration>
  </depth_map>
  <depth_map camera_id="150" level="1" path="1/d150.exr">
    <calibration type="frame">
      <resolution width="205" height="154"/>
      <f>160.396406795949</f>
      <cx>1.188199436587</cx>
      <cy>4.69717775939556</cy>
    </calibration>
  </depth_map>
  <depth_map camera_id="154" level="0" path="0/d154.exr">
    <calibration type="frame">
      <resolution width="410" height="308"/>
      <f>320.792813591897</f>
      <cx>2.376398873174</cx>
      <cy>9.39435551879112</cy>
    </calibration>
  </depth_map>
  <depth_map camera_id="154" level="1" path="1/d154.exr">
    <calibration type="frame">
      <resolution width="205" height="154"/>
      <f>160.396406795949</f>
      <cx>1.188199436587</cx>
      <cy>4.69717775939556</cy>
    </calibration>
  </depth_map>
  <depth_map camera_id="155" level="0" path="0/d155.exr">
    <calibration type="frame">
      <resolution width="410" height="308"/>
      <f>320.792813591897</f>
      <cx>2.376398873174</cx>
      <cy>9.39435551879112</cy>
    </calibration>
  </depth_map>
  <depth_map camera_id="155" level="1" path="1/d155.exr">
    <calibration type="frame">
      <resolution width="205" height="154"/>
      <f>160.396406795949</f>
      <cx>1.188199436587</cx>
      <cy>4.69717775939556</cy>
    </calibration>
  </depth_map>
  <depth_map camera_id="170" level="0" path="0/d170.exr">
    <calibration type="frame">
      <resolution width="410" height="308"/>
      <f>320.792813591897</f>
      <cx>2.376398873174</cx>
      <cy>9.39435551879112</cy>
    </calibration>
  </depth_map>
  <depth_map camera_id="170" level="1" path="1/d170.exr">
    <calibration type="frame">
      <resolution width="205" height="154"/>
      <f>160.396406795949</f>
      <cx>1.188199436587</cx>
      <cy>4.69717775939556</cy>
    </calibration>
  </depth_map>
</depth_maps>
