<?xml version="1.0" encoding="UTF-8"?>
<frame version="1.2.0">
  <cameras>
    <camera camera_id="16">
      <photo path="../../../616_16_view/17_YukihiroIwayama.jpg">
        <meta>
          <property name="File/ImageHeight" value="616"/>
          <property name="File/ImageWidth" value="820"/>
          <property name="System/FileModifyDate" value="2019:12:02 14:13:50"/>
          <property name="System/FileSize" value="74006"/>
        </meta>
      </photo>
      <meta>
        <property name="Image/Quality" value="1.05439"/>
      </meta>
    </camera>
    <camera camera_id="17">
      <photo path="../../../616_16_view/19_YukihiroIwayama.jpg">
        <meta>
          <property name="File/ImageHeight" value="616"/>
          <property name="File/ImageWidth" value="820"/>
          <property name="System/FileModifyDate" value="2019:12:02 14:13:51"/>
          <property name="System/FileSize" value="82751"/>
        </meta>
      </photo>
      <meta>
        <property name="Image/Quality" value="0.965675"/>
      </meta>
    </camera>
    <camera camera_id="18">
      <photo path="../../../616_16_view/21_YukihiroIwayama.jpg">
        <meta>
          <property name="File/ImageHeight" value="616"/>
          <property name="File/ImageWidth" value="820"/>
          <property name="System/FileModifyDate" value="2019:12:02 14:13:51"/>
          <property name="System/FileSize" value="78269"/>
        </meta>
      </photo>
      <meta>
        <property name="Image/Quality" value="1.04886"/>
      </meta>
    </camera>
    <camera camera_id="19">
      <photo path="../../../616_16_view/23_YukihiroIwayama.jpg">
        <meta>
          <property name="File/ImageHeight" value="616"/>
          <property name="File/ImageWidth" value="820"/>
          <property name="System/FileModifyDate" value="2019:12:02 14:13:52"/>
          <property name="System/FileSize" value="76786"/>
        </meta>
      </photo>
      <meta>
        <property name="Image/Quality" value="0.989511"/>
      </meta>
    </camera>
    <camera camera_id="20">
      <photo path="../../../616_16_view/25_YukihiroIwayama.jpg">
        <meta>
          <property name="File/ImageHeight" value="616"/>
          <property name="File/ImageWidth" value="820"/>
          <property name="System/FileModifyDate" value="2019:12:02 14:13:52"/>
          <property name="System/FileSize" value="72258"/>
        </meta>
      </photo>
      <meta>
        <property name="Image/Quality" value="0.991442"/>
      </meta>
    </camera>
    <camera camera_id="21">
      <photo path="../../../616_16_view/27_YukihiroIwayama.jpg">
        <meta>
          <property name="File/ImageHeight" value="616"/>
          <property name="File/ImageWidth" value="820"/>
          <property name="System/FileModifyDate" value="2019:12:02 14:13:53"/>
          <property name="System/FileSize" value="79483"/>
        </meta>
      </photo>
      <meta>
        <property name="Image/Quality" value="0.985337"/>
      </meta>
    </camera>
    <camera camera_id="22">
      <photo path="../../../616_16_view/29_YukihiroIwayama.jpg">
        <meta>
          <property name="File/ImageHeight" value="616"/>
          <property name="File/ImageWidth" value="820"/>
          <property name="System/FileModifyDate" value="2019:12:02 14:13:53"/>
          <property name="System/FileSize" value="77561"/>
        </meta>
      </photo>
      <meta>
        <property name="Image/Quality" value="1.03745"/>
      </meta>
    </camera>
    <camera camera_id="23">
      <photo path="../../../616_16_view/31_YukihiroIwayama.jpg">
        <meta>
          <property name="File/ImageHeight" value="616"/>
          <property name="File/ImageWidth" value="820"/>
          <property name="System/FileModifyDate" value="2019:12:02 14:13:54"/>
          <property name="System/FileSize" value="70848"/>
        </meta>
      </photo>
      <meta>
        <property name="Image/Quality" value="1.04894"/>
      </meta>
    </camera>
    <camera camera_id="24">
      <photo path="../../../616_16_view/49_YukihiroIwayama.jpg">
        <meta>
          <property name="File/ImageHeight" value="616"/>
          <property name="File/ImageWidth" value="820"/>
          <property name="System/FileModifyDate" value="2019:12:02 14:13:58"/>
          <property name="System/FileSize" value="77258"/>
        </meta>
      </photo>
      <meta>
        <property name="Image/Quality" value="1.01698"/>
      </meta>
    </camera>
    <camera camera_id="25">
      <photo path="../../../616_16_view/51_YukihiroIwayama.jpg">
        <meta>
          <property name="File/ImageHeight" value="616"/>
          <property name="File/ImageWidth" value="820"/>
          <property name="System/FileModifyDate" value="2019:12:02 14:13:59"/>
          <property name="System/FileSize" value="81474"/>
        </meta>
      </photo>
      <meta>
        <property name="Image/Quality" value="0.967381"/>
      </meta>
    </camera>
    <camera camera_id="26">
      <photo path="../../../616_16_view/53_YukihiroIwayama.jpg">
        <meta>
          <property name="File/ImageHeight" value="616"/>
          <property name="File/ImageWidth" value="820"/>
          <property name="System/FileModifyDate" value="2019:12:02 14:13:59"/>
          <property name="System/FileSize" value="80035"/>
        </meta>
      </photo>
      <meta>
        <property name="Image/Quality" value="0.996942"/>
      </meta>
    </camera>
    <camera camera_id="27">
      <photo path="../../../616_16_view/55_YukihiroIwayama.jpg">
        <meta>
          <property name="File/ImageHeight" value="616"/>
          <property name="File/ImageWidth" value="820"/>
          <property name="System/FileModifyDate" value="2019:12:02 14:14:00"/>
          <property name="System/FileSize" value="74845"/>
        </meta>
      </photo>
      <meta>
        <property name="Image/Quality" value="0.919771"/>
      </meta>
    </camera>
    <camera camera_id="28">
      <photo path="../../../616_16_view/57_YukihiroIwayama.jpg">
        <meta>
          <property name="File/ImageHeight" value="616"/>
          <property name="File/ImageWidth" value="820"/>
          <property name="System/FileModifyDate" value="2019:12:02 14:14:00"/>
          <property name="System/FileSize" value="78953"/>
        </meta>
      </photo>
      <meta>
        <property name="Image/Quality" value="0.954064"/>
      </meta>
    </camera>
    <camera camera_id="29">
      <photo path="../../../616_16_view/59_YukihiroIwayama.jpg">
        <meta>
          <property name="File/ImageHeight" value="616"/>
          <property name="File/ImageWidth" value="820"/>
          <property name="System/FileModifyDate" value="2019:12:02 14:14:01"/>
          <property name="System/FileSize" value="85467"/>
        </meta>
      </photo>
      <meta>
        <property name="Image/Quality" value="0.926403"/>
      </meta>
    </camera>
    <camera camera_id="30">
      <photo path="../../../616_16_view/61_YukihiroIwayama.jpg">
        <meta>
          <property name="File/ImageHeight" value="616"/>
          <property name="File/ImageWidth" value="820"/>
          <property name="System/FileModifyDate" value="2019:12:02 14:14:01"/>
          <property name="System/FileSize" value="86753"/>
        </meta>
      </photo>
      <meta>
        <property name="Image/Quality" value="0.95766"/>
      </meta>
    </camera>
    <camera camera_id="31">
      <photo path="../../../616_16_view/63_YukihiroIwayama.jpg">
        <meta>
          <property name="File/ImageHeight" value="616"/>
          <property name="File/ImageWidth" value="820"/>
          <property name="System/FileModifyDate" value="2019:12:02 14:14:02"/>
          <property name="System/FileSize" value="92222"/>
        </meta>
      </photo>
      <meta>
        <property name="Image/Quality" value="0.920449"/>
      </meta>
    </camera>
  </cameras>
  <thumbnails path="thumbnails/thumbnails.zip"/>
  <point_cloud path="point_cloud.7/point_cloud.zip"/>
</frame>
