<?xml version="1.0" encoding="UTF-8"?>
<frame version="1.2.0">
  <cameras>
    <camera camera_id="0">
      <photo path="../../../486/101.jpg">
        <meta>
          <property name="File/ImageHeight" value="486"/>
          <property name="File/ImageWidth" value="648"/>
          <property name="System/FileModifyDate" value="2019:12:02 14:31:32"/>
          <property name="System/FileSize" value="56077"/>
        </meta>
      </photo>
    </camera>
    <camera camera_id="1">
      <photo path="../../../486/102.jpg">
        <meta>
          <property name="File/ImageHeight" value="486"/>
          <property name="File/ImageWidth" value="648"/>
          <property name="System/FileModifyDate" value="2019:12:02 14:31:32"/>
          <property name="System/FileSize" value="64370"/>
        </meta>
      </photo>
    </camera>
    <camera camera_id="2">
      <photo path="../../../486/103.jpg">
        <meta>
          <property name="File/ImageHeight" value="486"/>
          <property name="File/ImageWidth" value="648"/>
          <property name="System/FileModifyDate" value="2019:12:02 14:31:32"/>
          <property name="System/FileSize" value="71709"/>
        </meta>
      </photo>
    </camera>
    <camera camera_id="3">
      <photo path="../../../486/104.jpg">
        <meta>
          <property name="File/ImageHeight" value="486"/>
          <property name="File/ImageWidth" value="648"/>
          <property name="System/FileModifyDate" value="2019:12:02 14:31:32"/>
          <property name="System/FileSize" value="56499"/>
        </meta>
      </photo>
    </camera>
    <camera camera_id="4">
      <photo path="../../../486/105.jpg">
        <meta>
          <property name="File/ImageHeight" value="486"/>
          <property name="File/ImageWidth" value="648"/>
          <property name="System/FileModifyDate" value="2019:12:02 14:31:32"/>
          <property name="System/FileSize" value="64154"/>
        </meta>
      </photo>
    </camera>
    <camera camera_id="5">
      <photo path="../../../486/106.jpg">
        <meta>
          <property name="File/ImageHeight" value="486"/>
          <property name="File/ImageWidth" value="648"/>
          <property name="System/FileModifyDate" value="2019:12:02 14:31:32"/>
          <property name="System/FileSize" value="55649"/>
        </meta>
      </photo>
    </camera>
    <camera camera_id="6">
      <photo path="../../../486/107.jpg">
        <meta>
          <property name="File/ImageHeight" value="486"/>
          <property name="File/ImageWidth" value="648"/>
          <property name="System/FileModifyDate" value="2019:12:02 14:31:32"/>
          <property name="System/FileSize" value="66818"/>
        </meta>
      </photo>
    </camera>
    <camera camera_id="7">
      <photo path="../../../486/108.jpg">
        <meta>
          <property name="File/ImageHeight" value="486"/>
          <property name="File/ImageWidth" value="648"/>
          <property name="System/FileModifyDate" value="2019:12:02 14:31:33"/>
          <property name="System/FileSize" value="71355"/>
        </meta>
      </photo>
    </camera>
    <camera camera_id="8">
      <photo path="../../../486/109.jpg">
        <meta>
          <property name="File/ImageHeight" value="486"/>
          <property name="File/ImageWidth" value="648"/>
          <property name="System/FileModifyDate" value="2019:12:02 14:31:33"/>
          <property name="System/FileSize" value="57543"/>
        </meta>
      </photo>
    </camera>
    <camera camera_id="9">
      <photo path="../../../486/110.jpg">
        <meta>
          <property name="File/ImageHeight" value="486"/>
          <property name="File/ImageWidth" value="648"/>
          <property name="System/FileModifyDate" value="2019:12:02 14:31:33"/>
          <property name="System/FileSize" value="63105"/>
        </meta>
      </photo>
    </camera>
    <camera camera_id="10">
      <photo path="../../../486/111.jpg">
        <meta>
          <property name="File/ImageHeight" value="486"/>
          <property name="File/ImageWidth" value="648"/>
          <property name="System/FileModifyDate" value="2019:12:02 14:31:33"/>
          <property name="System/FileSize" value="60177"/>
        </meta>
      </photo>
    </camera>
    <camera camera_id="11">
      <photo path="../../../486/112.jpg">
        <meta>
          <property name="File/ImageHeight" value="486"/>
          <property name="File/ImageWidth" value="648"/>
          <property name="System/FileModifyDate" value="2019:12:02 14:31:33"/>
          <property name="System/FileSize" value="58441"/>
        </meta>
      </photo>
    </camera>
    <camera camera_id="12">
      <photo path="../../../486/113.jpg">
        <meta>
          <property name="File/ImageHeight" value="486"/>
          <property name="File/ImageWidth" value="648"/>
          <property name="System/FileModifyDate" value="2019:12:02 14:31:33"/>
          <property name="System/FileSize" value="60457"/>
        </meta>
      </photo>
    </camera>
    <camera camera_id="13">
      <photo path="../../../486/114.jpg">
        <meta>
          <property name="File/ImageHeight" value="486"/>
          <property name="File/ImageWidth" value="648"/>
          <property name="System/FileModifyDate" value="2019:12:02 14:31:34"/>
          <property name="System/FileSize" value="52679"/>
        </meta>
      </photo>
    </camera>
    <camera camera_id="14">
      <photo path="../../../486/115.jpg">
        <meta>
          <property name="File/ImageHeight" value="486"/>
          <property name="File/ImageWidth" value="648"/>
          <property name="System/FileModifyDate" value="2019:12:02 14:31:34"/>
          <property name="System/FileSize" value="63664"/>
        </meta>
      </photo>
    </camera>
    <camera camera_id="15">
      <photo path="../../../486/116.jpg">
        <meta>
          <property name="File/ImageHeight" value="486"/>
          <property name="File/ImageWidth" value="648"/>
          <property name="System/FileModifyDate" value="2019:12:02 14:31:34"/>
          <property name="System/FileSize" value="53186"/>
        </meta>
      </photo>
    </camera>
    <camera camera_id="16">
      <photo path="../../../486/117.jpg">
        <meta>
          <property name="File/ImageHeight" value="486"/>
          <property name="File/ImageWidth" value="648"/>
          <property name="System/FileModifyDate" value="2019:12:02 14:31:34"/>
          <property name="System/FileSize" value="55951"/>
        </meta>
      </photo>
    </camera>
    <camera camera_id="17">
      <photo path="../../../486/118.jpg">
        <meta>
          <property name="File/ImageHeight" value="486"/>
          <property name="File/ImageWidth" value="648"/>
          <property name="System/FileModifyDate" value="2019:12:02 14:31:34"/>
          <property name="System/FileSize" value="57888"/>
        </meta>
      </photo>
    </camera>
    <camera camera_id="18">
      <photo path="../../../486/119.jpg">
        <meta>
          <property name="File/ImageHeight" value="486"/>
          <property name="File/ImageWidth" value="648"/>
          <property name="System/FileModifyDate" value="2019:12:02 14:31:34"/>
          <property name="System/FileSize" value="56562"/>
        </meta>
      </photo>
    </camera>
    <camera camera_id="19">
      <photo path="../../../486/121.jpg">
        <meta>
          <property name="File/ImageHeight" value="486"/>
          <property name="File/ImageWidth" value="648"/>
          <property name="System/FileModifyDate" value="2019:12:02 14:31:35"/>
          <property name="System/FileSize" value="48642"/>
        </meta>
      </photo>
    </camera>
    <camera camera_id="20">
      <photo path="../../../486/122.jpg">
        <meta>
          <property name="File/ImageHeight" value="486"/>
          <property name="File/ImageWidth" value="648"/>
          <property name="System/FileModifyDate" value="2019:12:02 14:31:35"/>
          <property name="System/FileSize" value="49452"/>
        </meta>
      </photo>
    </camera>
    <camera camera_id="21">
      <photo path="../../../486/123.jpg">
        <meta>
          <property name="File/ImageHeight" value="486"/>
          <property name="File/ImageWidth" value="648"/>
          <property name="System/FileModifyDate" value="2019:12:02 14:31:35"/>
          <property name="System/FileSize" value="52625"/>
        </meta>
      </photo>
    </camera>
    <camera camera_id="22">
      <photo path="../../../486/124.jpg">
        <meta>
          <property name="File/ImageHeight" value="486"/>
          <property name="File/ImageWidth" value="648"/>
          <property name="System/FileModifyDate" value="2019:12:02 14:31:35"/>
          <property name="System/FileSize" value="46620"/>
        </meta>
      </photo>
    </camera>
    <camera camera_id="23">
      <photo path="../../../486/125.jpg">
        <meta>
          <property name="File/ImageHeight" value="486"/>
          <property name="File/ImageWidth" value="648"/>
          <property name="System/FileModifyDate" value="2019:12:02 14:31:35"/>
          <property name="System/FileSize" value="53593"/>
        </meta>
      </photo>
    </camera>
    <camera camera_id="24">
      <photo path="../../../486/126.jpg">
        <meta>
          <property name="File/ImageHeight" value="486"/>
          <property name="File/ImageWidth" value="648"/>
          <property name="System/FileModifyDate" value="2019:12:02 14:31:35"/>
          <property name="System/FileSize" value="51862"/>
        </meta>
      </photo>
    </camera>
    <camera camera_id="25">
      <photo path="../../../486/127.jpg">
        <meta>
          <property name="File/ImageHeight" value="486"/>
          <property name="File/ImageWidth" value="648"/>
          <property name="System/FileModifyDate" value="2019:12:02 14:31:35"/>
          <property name="System/FileSize" value="55080"/>
        </meta>
      </photo>
    </camera>
    <camera camera_id="26">
      <photo path="../../../486/128.jpg">
        <meta>
          <property name="File/ImageHeight" value="486"/>
          <property name="File/ImageWidth" value="648"/>
          <property name="System/FileModifyDate" value="2019:12:02 14:31:35"/>
          <property name="System/FileSize" value="54183"/>
        </meta>
      </photo>
    </camera>
    <camera camera_id="27">
      <photo path="../../../486/129.jpg">
        <meta>
          <property name="File/ImageHeight" value="486"/>
          <property name="File/ImageWidth" value="648"/>
          <property name="System/FileModifyDate" value="2019:12:02 14:31:36"/>
          <property name="System/FileSize" value="49791"/>
        </meta>
      </photo>
    </camera>
    <camera camera_id="28">
      <photo path="../../../486/130.jpg">
        <meta>
          <property name="File/ImageHeight" value="486"/>
          <property name="File/ImageWidth" value="648"/>
          <property name="System/FileModifyDate" value="2019:12:02 14:31:36"/>
          <property name="System/FileSize" value="53289"/>
        </meta>
      </photo>
    </camera>
    <camera camera_id="29">
      <photo path="../../../486/131.jpg">
        <meta>
          <property name="File/ImageHeight" value="486"/>
          <property name="File/ImageWidth" value="648"/>
          <property name="System/FileModifyDate" value="2019:12:02 14:31:36"/>
          <property name="System/FileSize" value="56414"/>
        </meta>
      </photo>
    </camera>
    <camera camera_id="30">
      <photo path="../../../486/132.jpg">
        <meta>
          <property name="File/ImageHeight" value="486"/>
          <property name="File/ImageWidth" value="648"/>
          <property name="System/FileModifyDate" value="2019:12:02 14:31:36"/>
          <property name="System/FileSize" value="59151"/>
        </meta>
      </photo>
    </camera>
    <camera camera_id="31">
      <photo path="../../../486/133.jpg">
        <meta>
          <property name="File/ImageHeight" value="486"/>
          <property name="File/ImageWidth" value="648"/>
          <property name="System/FileModifyDate" value="2019:12:02 14:31:36"/>
          <property name="System/FileSize" value="55176"/>
        </meta>
      </photo>
    </camera>
    <camera camera_id="32">
      <photo path="../../../486/134.jpg">
        <meta>
          <property name="File/ImageHeight" value="486"/>
          <property name="File/ImageWidth" value="648"/>
          <property name="System/FileModifyDate" value="2019:12:02 14:31:36"/>
          <property name="System/FileSize" value="51448"/>
        </meta>
      </photo>
    </camera>
    <camera camera_id="33">
      <photo path="../../../486/135.jpg">
        <meta>
          <property name="File/ImageHeight" value="486"/>
          <property name="File/ImageWidth" value="648"/>
          <property name="System/FileModifyDate" value="2019:12:02 14:31:36"/>
          <property name="System/FileSize" value="58444"/>
        </meta>
      </photo>
    </camera>
    <camera camera_id="34">
      <photo path="../../../486/136.jpg">
        <meta>
          <property name="File/ImageHeight" value="486"/>
          <property name="File/ImageWidth" value="648"/>
          <property name="System/FileModifyDate" value="2019:12:02 14:31:37"/>
          <property name="System/FileSize" value="54594"/>
        </meta>
      </photo>
    </camera>
    <camera camera_id="35">
      <photo path="../../../486/137.jpg">
        <meta>
          <property name="File/ImageHeight" value="486"/>
          <property name="File/ImageWidth" value="648"/>
          <property name="System/FileModifyDate" value="2019:12:02 14:31:37"/>
          <property name="System/FileSize" value="57966"/>
        </meta>
      </photo>
    </camera>
    <camera camera_id="36">
      <photo path="../../../486/138.jpg">
        <meta>
          <property name="File/ImageHeight" value="486"/>
          <property name="File/ImageWidth" value="648"/>
          <property name="System/FileModifyDate" value="2019:12:02 14:31:37"/>
          <property name="System/FileSize" value="58620"/>
        </meta>
      </photo>
    </camera>
    <camera camera_id="37">
      <photo path="../../../486/139.jpg">
        <meta>
          <property name="File/ImageHeight" value="486"/>
          <property name="File/ImageWidth" value="648"/>
          <property name="System/FileModifyDate" value="2019:12:02 14:31:37"/>
          <property name="System/FileSize" value="50646"/>
        </meta>
      </photo>
    </camera>
    <camera camera_id="38">
      <photo path="../../../486/141.jpg">
        <meta>
          <property name="File/ImageHeight" value="486"/>
          <property name="File/ImageWidth" value="648"/>
          <property name="System/FileModifyDate" value="2019:12:02 14:31:37"/>
          <property name="System/FileSize" value="52971"/>
        </meta>
      </photo>
    </camera>
    <camera camera_id="39">
      <photo path="../../../486/142.jpg">
        <meta>
          <property name="File/ImageHeight" value="486"/>
          <property name="File/ImageWidth" value="648"/>
          <property name="System/FileModifyDate" value="2019:12:02 14:31:37"/>
          <property name="System/FileSize" value="51328"/>
        </meta>
      </photo>
    </camera>
    <camera camera_id="40">
      <photo path="../../../486/143.jpg">
        <meta>
          <property name="File/ImageHeight" value="486"/>
          <property name="File/ImageWidth" value="648"/>
          <property name="System/FileModifyDate" value="2019:12:02 14:31:37"/>
          <property name="System/FileSize" value="55611"/>
        </meta>
      </photo>
    </camera>
    <camera camera_id="41">
      <photo path="../../../486/144.jpg">
        <meta>
          <property name="File/ImageHeight" value="486"/>
          <property name="File/ImageWidth" value="648"/>
          <property name="System/FileModifyDate" value="2019:12:02 14:31:38"/>
          <property name="System/FileSize" value="52777"/>
        </meta>
      </photo>
    </camera>
    <camera camera_id="42">
      <photo path="../../../486/145.jpg">
        <meta>
          <property name="File/ImageHeight" value="486"/>
          <property name="File/ImageWidth" value="648"/>
          <property name="System/FileModifyDate" value="2019:12:02 14:31:38"/>
          <property name="System/FileSize" value="54268"/>
        </meta>
      </photo>
    </camera>
    <camera camera_id="43">
      <photo path="../../../486/146.jpg">
        <meta>
          <property name="File/ImageHeight" value="486"/>
          <property name="File/ImageWidth" value="648"/>
          <property name="System/FileModifyDate" value="2019:12:02 14:31:38"/>
          <property name="System/FileSize" value="50408"/>
        </meta>
      </photo>
    </camera>
    <camera camera_id="44">
      <photo path="../../../486/147.jpg">
        <meta>
          <property name="File/ImageHeight" value="486"/>
          <property name="File/ImageWidth" value="648"/>
          <property name="System/FileModifyDate" value="2019:12:02 14:31:38"/>
          <property name="System/FileSize" value="62786"/>
        </meta>
      </photo>
    </camera>
    <camera camera_id="45">
      <photo path="../../../486/148.jpg">
        <meta>
          <property name="File/ImageHeight" value="486"/>
          <property name="File/ImageWidth" value="648"/>
          <property name="System/FileModifyDate" value="2019:12:02 14:31:38"/>
          <property name="System/FileSize" value="64846"/>
        </meta>
      </photo>
    </camera>
    <camera camera_id="46">
      <photo path="../../../486/149.jpg">
        <meta>
          <property name="File/ImageHeight" value="486"/>
          <property name="File/ImageWidth" value="648"/>
          <property name="System/FileModifyDate" value="2019:12:02 14:31:38"/>
          <property name="System/FileSize" value="56043"/>
        </meta>
      </photo>
    </camera>
    <camera camera_id="47">
      <photo path="../../../486/150.jpg">
        <meta>
          <property name="File/ImageHeight" value="486"/>
          <property name="File/ImageWidth" value="648"/>
          <property name="System/FileModifyDate" value="2019:12:02 14:31:38"/>
          <property name="System/FileSize" value="58738"/>
        </meta>
      </photo>
    </camera>
    <camera camera_id="48">
      <photo path="../../../486/151.jpg">
        <meta>
          <property name="File/ImageHeight" value="486"/>
          <property name="File/ImageWidth" value="648"/>
          <property name="System/FileModifyDate" value="2019:12:02 14:31:39"/>
          <property name="System/FileSize" value="53128"/>
        </meta>
      </photo>
    </camera>
    <camera camera_id="49">
      <photo path="../../../486/152.jpg">
        <meta>
          <property name="File/ImageHeight" value="486"/>
          <property name="File/ImageWidth" value="648"/>
          <property name="System/FileModifyDate" value="2019:12:02 14:31:39"/>
          <property name="System/FileSize" value="64647"/>
        </meta>
      </photo>
    </camera>
    <camera camera_id="50">
      <photo path="../../../486/153.jpg">
        <meta>
          <property name="File/ImageHeight" value="486"/>
          <property name="File/ImageWidth" value="648"/>
          <property name="System/FileModifyDate" value="2019:12:02 14:31:39"/>
          <property name="System/FileSize" value="68410"/>
        </meta>
      </photo>
    </camera>
    <camera camera_id="51">
      <photo path="../../../486/154.jpg">
        <meta>
          <property name="File/ImageHeight" value="486"/>
          <property name="File/ImageWidth" value="648"/>
          <property name="System/FileModifyDate" value="2019:12:02 14:31:39"/>
          <property name="System/FileSize" value="61754"/>
        </meta>
      </photo>
    </camera>
    <camera camera_id="52">
      <photo path="../../../486/155.jpg">
        <meta>
          <property name="File/ImageHeight" value="486"/>
          <property name="File/ImageWidth" value="648"/>
          <property name="System/FileModifyDate" value="2019:12:02 14:31:39"/>
          <property name="System/FileSize" value="61367"/>
        </meta>
      </photo>
    </camera>
    <camera camera_id="53">
      <photo path="../../../486/156.jpg">
        <meta>
          <property name="File/ImageHeight" value="486"/>
          <property name="File/ImageWidth" value="648"/>
          <property name="System/FileModifyDate" value="2019:12:02 14:31:39"/>
          <property name="System/FileSize" value="55163"/>
        </meta>
      </photo>
    </camera>
    <camera camera_id="54">
      <photo path="../../../486/157.jpg">
        <meta>
          <property name="File/ImageHeight" value="486"/>
          <property name="File/ImageWidth" value="648"/>
          <property name="System/FileModifyDate" value="2019:12:02 14:31:40"/>
          <property name="System/FileSize" value="59347"/>
        </meta>
      </photo>
    </camera>
    <camera camera_id="55">
      <photo path="../../../486/158.jpg">
        <meta>
          <property name="File/ImageHeight" value="486"/>
          <property name="File/ImageWidth" value="648"/>
          <property name="System/FileModifyDate" value="2019:12:02 14:31:40"/>
          <property name="System/FileSize" value="66606"/>
        </meta>
      </photo>
    </camera>
    <camera camera_id="56">
      <photo path="../../../486/159.jpg">
        <meta>
          <property name="File/ImageHeight" value="486"/>
          <property name="File/ImageWidth" value="648"/>
          <property name="System/FileModifyDate" value="2019:12:02 14:31:40"/>
          <property name="System/FileSize" value="54925"/>
        </meta>
      </photo>
    </camera>
    <camera camera_id="57">
      <photo path="../../../486/160.jpg">
        <meta>
          <property name="File/ImageHeight" value="486"/>
          <property name="File/ImageWidth" value="648"/>
          <property name="System/FileModifyDate" value="2019:12:02 14:31:40"/>
          <property name="System/FileSize" value="56476"/>
        </meta>
      </photo>
    </camera>
    <camera camera_id="58">
      <photo path="../../../486/161.jpg">
        <meta>
          <property name="File/ImageHeight" value="486"/>
          <property name="File/ImageWidth" value="648"/>
          <property name="System/FileModifyDate" value="2019:12:02 14:31:40"/>
          <property name="System/FileSize" value="54952"/>
        </meta>
      </photo>
    </camera>
    <camera camera_id="59">
      <photo path="../../../486/162.jpg">
        <meta>
          <property name="File/ImageHeight" value="486"/>
          <property name="File/ImageWidth" value="648"/>
          <property name="System/FileModifyDate" value="2019:12:02 14:31:40"/>
          <property name="System/FileSize" value="59877"/>
        </meta>
      </photo>
    </camera>
    <camera camera_id="60">
      <photo path="../../../486/163.jpg">
        <meta>
          <property name="File/ImageHeight" value="486"/>
          <property name="File/ImageWidth" value="648"/>
          <property name="System/FileModifyDate" value="2019:12:02 14:31:40"/>
          <property name="System/FileSize" value="64719"/>
        </meta>
      </photo>
    </camera>
    <camera camera_id="61">
      <photo path="../../../486/164.jpg">
        <meta>
          <property name="File/ImageHeight" value="486"/>
          <property name="File/ImageWidth" value="648"/>
          <property name="System/FileModifyDate" value="2019:12:02 14:31:41"/>
          <property name="System/FileSize" value="51410"/>
        </meta>
      </photo>
    </camera>
    <camera camera_id="62">
      <photo path="../../../486/165.jpg">
        <meta>
          <property name="File/ImageHeight" value="486"/>
          <property name="File/ImageWidth" value="648"/>
          <property name="System/FileModifyDate" value="2019:12:02 14:31:41"/>
          <property name="System/FileSize" value="59180"/>
        </meta>
      </photo>
    </camera>
    <camera camera_id="63">
      <photo path="../../../486/166.jpg">
        <meta>
          <property name="File/ImageHeight" value="486"/>
          <property name="File/ImageWidth" value="648"/>
          <property name="System/FileModifyDate" value="2019:12:02 14:31:41"/>
          <property name="System/FileSize" value="52830"/>
        </meta>
      </photo>
    </camera>
    <camera camera_id="64">
      <photo path="../../../486/167.jpg">
        <meta>
          <property name="File/ImageHeight" value="486"/>
          <property name="File/ImageWidth" value="648"/>
          <property name="System/FileModifyDate" value="2019:12:02 14:31:41"/>
          <property name="System/FileSize" value="58049"/>
        </meta>
      </photo>
    </camera>
    <camera camera_id="65">
      <photo path="../../../486/168.jpg">
        <meta>
          <property name="File/ImageHeight" value="486"/>
          <property name="File/ImageWidth" value="648"/>
          <property name="System/FileModifyDate" value="2019:12:02 14:31:41"/>
          <property name="System/FileSize" value="60172"/>
        </meta>
      </photo>
    </camera>
    <camera camera_id="66">
      <photo path="../../../486/169.jpg">
        <meta>
          <property name="File/ImageHeight" value="486"/>
          <property name="File/ImageWidth" value="648"/>
          <property name="System/FileModifyDate" value="2019:12:02 14:31:41"/>
          <property name="System/FileSize" value="50349"/>
        </meta>
      </photo>
    </camera>
    <camera camera_id="67">
      <photo path="../../../486/170.jpg">
        <meta>
          <property name="File/ImageHeight" value="486"/>
          <property name="File/ImageWidth" value="648"/>
          <property name="System/FileModifyDate" value="2019:12:02 14:31:41"/>
          <property name="System/FileSize" value="51110"/>
        </meta>
      </photo>
    </camera>
    <camera camera_id="68">
      <photo path="../../../486/171.jpg">
        <meta>
          <property name="File/ImageHeight" value="486"/>
          <property name="File/ImageWidth" value="648"/>
          <property name="System/FileModifyDate" value="2019:12:02 14:31:41"/>
          <property name="System/FileSize" value="55676"/>
        </meta>
      </photo>
    </camera>
    <camera camera_id="69">
      <photo path="../../../486/172.jpg">
        <meta>
          <property name="File/ImageHeight" value="486"/>
          <property name="File/ImageWidth" value="648"/>
          <property name="System/FileModifyDate" value="2019:12:02 14:31:42"/>
          <property name="System/FileSize" value="53807"/>
        </meta>
      </photo>
    </camera>
    <camera camera_id="70">
      <photo path="../../../486/173.jpg">
        <meta>
          <property name="File/ImageHeight" value="486"/>
          <property name="File/ImageWidth" value="648"/>
          <property name="System/FileModifyDate" value="2019:12:02 14:31:42"/>
          <property name="System/FileSize" value="56873"/>
        </meta>
      </photo>
    </camera>
    <camera camera_id="71">
      <photo path="../../../486/174.jpg">
        <meta>
          <property name="File/ImageHeight" value="486"/>
          <property name="File/ImageWidth" value="648"/>
          <property name="System/FileModifyDate" value="2019:12:02 14:31:42"/>
          <property name="System/FileSize" value="53668"/>
        </meta>
      </photo>
    </camera>
    <camera camera_id="72">
      <photo path="../../../486/175.jpg">
        <meta>
          <property name="File/ImageHeight" value="486"/>
          <property name="File/ImageWidth" value="648"/>
          <property name="System/FileModifyDate" value="2019:12:02 14:31:42"/>
          <property name="System/FileSize" value="48643"/>
        </meta>
      </photo>
    </camera>
    <camera camera_id="73">
      <photo path="../../../486/176.jpg">
        <meta>
          <property name="File/ImageHeight" value="486"/>
          <property name="File/ImageWidth" value="648"/>
          <property name="System/FileModifyDate" value="2019:12:02 14:31:42"/>
          <property name="System/FileSize" value="56148"/>
        </meta>
      </photo>
    </camera>
    <camera camera_id="74">
      <photo path="../../../486/177.jpg">
        <meta>
          <property name="File/ImageHeight" value="486"/>
          <property name="File/ImageWidth" value="648"/>
          <property name="System/FileModifyDate" value="2019:12:02 14:31:42"/>
          <property name="System/FileSize" value="60022"/>
        </meta>
      </photo>
    </camera>
    <camera camera_id="75">
      <photo path="../../../486/178.jpg">
        <meta>
          <property name="File/ImageHeight" value="486"/>
          <property name="File/ImageWidth" value="648"/>
          <property name="System/FileModifyDate" value="2019:12:02 14:31:42"/>
          <property name="System/FileSize" value="60824"/>
        </meta>
      </photo>
    </camera>
    <camera camera_id="76">
      <photo path="../../../486/179.jpg">
        <meta>
          <property name="File/ImageHeight" value="486"/>
          <property name="File/ImageWidth" value="648"/>
          <property name="System/FileModifyDate" value="2019:12:02 14:31:43"/>
          <property name="System/FileSize" value="49187"/>
        </meta>
      </photo>
    </camera>
    <camera camera_id="77">
      <photo path="../../../486/181.jpg">
        <meta>
          <property name="File/ImageHeight" value="486"/>
          <property name="File/ImageWidth" value="648"/>
          <property name="System/FileModifyDate" value="2019:12:02 14:31:43"/>
          <property name="System/FileSize" value="56558"/>
        </meta>
      </photo>
    </camera>
    <camera camera_id="78">
      <photo path="../../../486/182.jpg">
        <meta>
          <property name="File/ImageHeight" value="486"/>
          <property name="File/ImageWidth" value="648"/>
          <property name="System/FileModifyDate" value="2019:12:02 14:31:43"/>
          <property name="System/FileSize" value="53498"/>
        </meta>
      </photo>
    </camera>
    <camera camera_id="79">
      <photo path="../../../486/183.jpg">
        <meta>
          <property name="File/ImageHeight" value="486"/>
          <property name="File/ImageWidth" value="648"/>
          <property name="System/FileModifyDate" value="2019:12:02 14:31:43"/>
          <property name="System/FileSize" value="59236"/>
        </meta>
      </photo>
    </camera>
    <camera camera_id="80">
      <photo path="../../../486/184.jpg">
        <meta>
          <property name="File/ImageHeight" value="486"/>
          <property name="File/ImageWidth" value="648"/>
          <property name="System/FileModifyDate" value="2019:12:02 14:31:43"/>
          <property name="System/FileSize" value="53565"/>
        </meta>
      </photo>
    </camera>
    <camera camera_id="81">
      <photo path="../../../486/185.jpg">
        <meta>
          <property name="File/ImageHeight" value="486"/>
          <property name="File/ImageWidth" value="648"/>
          <property name="System/FileModifyDate" value="2019:12:02 14:31:43"/>
          <property name="System/FileSize" value="57188"/>
        </meta>
      </photo>
    </camera>
    <camera camera_id="82">
      <photo path="../../../486/186.jpg">
        <meta>
          <property name="File/ImageHeight" value="486"/>
          <property name="File/ImageWidth" value="648"/>
          <property name="System/FileModifyDate" value="2019:12:02 14:31:43"/>
          <property name="System/FileSize" value="47539"/>
        </meta>
      </photo>
    </camera>
    <camera camera_id="83">
      <photo path="../../../486/187.jpg">
        <meta>
          <property name="File/ImageHeight" value="486"/>
          <property name="File/ImageWidth" value="648"/>
          <property name="System/FileModifyDate" value="2019:12:02 14:31:44"/>
          <property name="System/FileSize" value="55232"/>
        </meta>
      </photo>
    </camera>
    <camera camera_id="84">
      <photo path="../../../486/188.jpg">
        <meta>
          <property name="File/ImageHeight" value="486"/>
          <property name="File/ImageWidth" value="648"/>
          <property name="System/FileModifyDate" value="2019:12:02 14:31:44"/>
          <property name="System/FileSize" value="55385"/>
        </meta>
      </photo>
    </camera>
    <camera camera_id="85">
      <photo path="../../../486/189.jpg">
        <meta>
          <property name="File/ImageHeight" value="486"/>
          <property name="File/ImageWidth" value="648"/>
          <property name="System/FileModifyDate" value="2019:12:02 14:31:44"/>
          <property name="System/FileSize" value="52737"/>
        </meta>
      </photo>
    </camera>
    <camera camera_id="86">
      <photo path="../../../486/190.jpg">
        <meta>
          <property name="File/ImageHeight" value="486"/>
          <property name="File/ImageWidth" value="648"/>
          <property name="System/FileModifyDate" value="2019:12:02 14:31:44"/>
          <property name="System/FileSize" value="55983"/>
        </meta>
      </photo>
    </camera>
    <camera camera_id="87">
      <photo path="../../../486/191.jpg">
        <meta>
          <property name="File/ImageHeight" value="486"/>
          <property name="File/ImageWidth" value="648"/>
          <property name="System/FileModifyDate" value="2019:12:02 14:31:44"/>
          <property name="System/FileSize" value="51056"/>
        </meta>
      </photo>
    </camera>
    <camera camera_id="88">
      <photo path="../../../486/192.jpg">
        <meta>
          <property name="File/ImageHeight" value="486"/>
          <property name="File/ImageWidth" value="648"/>
          <property name="System/FileModifyDate" value="2019:12:02 14:31:44"/>
          <property name="System/FileSize" value="51255"/>
        </meta>
      </photo>
    </camera>
    <camera camera_id="89">
      <photo path="../../../486/193.jpg">
        <meta>
          <property name="File/ImageHeight" value="486"/>
          <property name="File/ImageWidth" value="648"/>
          <property name="System/FileModifyDate" value="2019:12:02 14:31:44"/>
          <property name="System/FileSize" value="52971"/>
        </meta>
      </photo>
    </camera>
    <camera camera_id="90">
      <photo path="../../../486/194.jpg">
        <meta>
          <property name="File/ImageHeight" value="486"/>
          <property name="File/ImageWidth" value="648"/>
          <property name="System/FileModifyDate" value="2019:12:02 14:31:44"/>
          <property name="System/FileSize" value="49231"/>
        </meta>
      </photo>
    </camera>
    <camera camera_id="91">
      <photo path="../../../486/195.jpg">
        <meta>
          <property name="File/ImageHeight" value="486"/>
          <property name="File/ImageWidth" value="648"/>
          <property name="System/FileModifyDate" value="2019:12:02 14:31:45"/>
          <property name="System/FileSize" value="52273"/>
        </meta>
      </photo>
    </camera>
    <camera camera_id="92">
      <photo path="../../../486/196.jpg">
        <meta>
          <property name="File/ImageHeight" value="486"/>
          <property name="File/ImageWidth" value="648"/>
          <property name="System/FileModifyDate" value="2019:12:02 14:31:45"/>
          <property name="System/FileSize" value="54363"/>
        </meta>
      </photo>
    </camera>
    <camera camera_id="93">
      <photo path="../../../486/198.jpg">
        <meta>
          <property name="File/ImageHeight" value="486"/>
          <property name="File/ImageWidth" value="648"/>
          <property name="System/FileModifyDate" value="2019:12:02 14:31:45"/>
          <property name="System/FileSize" value="60152"/>
        </meta>
      </photo>
    </camera>
    <camera camera_id="94">
      <photo path="../../../486/199.jpg">
        <meta>
          <property name="File/ImageHeight" value="486"/>
          <property name="File/ImageWidth" value="648"/>
          <property name="System/FileModifyDate" value="2019:12:02 14:31:45"/>
          <property name="System/FileSize" value="53773"/>
        </meta>
      </photo>
    </camera>
    <camera camera_id="95">
      <photo path="../../../486/201.jpg">
        <meta>
          <property name="File/ImageHeight" value="486"/>
          <property name="File/ImageWidth" value="648"/>
          <property name="System/FileModifyDate" value="2019:12:02 14:31:45"/>
          <property name="System/FileSize" value="54052"/>
        </meta>
      </photo>
    </camera>
    <camera camera_id="96">
      <photo path="../../../486/202.jpg">
        <meta>
          <property name="File/ImageHeight" value="486"/>
          <property name="File/ImageWidth" value="648"/>
          <property name="System/FileModifyDate" value="2019:12:02 14:31:45"/>
          <property name="System/FileSize" value="57311"/>
        </meta>
      </photo>
    </camera>
    <camera camera_id="97">
      <photo path="../../../486/203.jpg">
        <meta>
          <property name="File/ImageHeight" value="486"/>
          <property name="File/ImageWidth" value="648"/>
          <property name="System/FileModifyDate" value="2019:12:02 14:31:46"/>
          <property name="System/FileSize" value="60831"/>
        </meta>
      </photo>
    </camera>
    <camera camera_id="98">
      <photo path="../../../486/204.jpg">
        <meta>
          <property name="File/ImageHeight" value="486"/>
          <property name="File/ImageWidth" value="648"/>
          <property name="System/FileModifyDate" value="2019:12:02 14:31:46"/>
          <property name="System/FileSize" value="57152"/>
        </meta>
      </photo>
    </camera>
    <camera camera_id="99">
      <photo path="../../../486/205.jpg">
        <meta>
          <property name="File/ImageHeight" value="486"/>
          <property name="File/ImageWidth" value="648"/>
          <property name="System/FileModifyDate" value="2019:12:02 14:31:46"/>
          <property name="System/FileSize" value="59506"/>
        </meta>
      </photo>
    </camera>
    <camera camera_id="100">
      <photo path="../../../486/206.jpg">
        <meta>
          <property name="File/ImageHeight" value="486"/>
          <property name="File/ImageWidth" value="648"/>
          <property name="System/FileModifyDate" value="2019:12:02 14:31:46"/>
          <property name="System/FileSize" value="51770"/>
        </meta>
      </photo>
    </camera>
    <camera camera_id="101">
      <photo path="../../../486/207.jpg">
        <meta>
          <property name="File/ImageHeight" value="486"/>
          <property name="File/ImageWidth" value="648"/>
          <property name="System/FileModifyDate" value="2019:12:02 14:31:46"/>
          <property name="System/FileSize" value="58366"/>
        </meta>
      </photo>
    </camera>
    <camera camera_id="102">
      <photo path="../../../486/208.jpg">
        <meta>
          <property name="File/ImageHeight" value="486"/>
          <property name="File/ImageWidth" value="648"/>
          <property name="System/FileModifyDate" value="2019:12:02 14:31:46"/>
          <property name="System/FileSize" value="68821"/>
        </meta>
      </photo>
    </camera>
    <camera camera_id="103">
      <photo path="../../../486/209.jpg">
        <meta>
          <property name="File/ImageHeight" value="486"/>
          <property name="File/ImageWidth" value="648"/>
          <property name="System/FileModifyDate" value="2019:12:02 14:31:46"/>
          <property name="System/FileSize" value="53675"/>
        </meta>
      </photo>
    </camera>
    <camera camera_id="104">
      <photo path="../../../486/210.jpg">
        <meta>
          <property name="File/ImageHeight" value="486"/>
          <property name="File/ImageWidth" value="648"/>
          <property name="System/FileModifyDate" value="2019:12:02 14:31:47"/>
          <property name="System/FileSize" value="66895"/>
        </meta>
      </photo>
    </camera>
    <camera camera_id="105">
      <photo path="../../../486/211.jpg">
        <meta>
          <property name="File/ImageHeight" value="486"/>
          <property name="File/ImageWidth" value="648"/>
          <property name="System/FileModifyDate" value="2019:12:02 14:31:47"/>
          <property name="System/FileSize" value="53861"/>
        </meta>
      </photo>
    </camera>
    <camera camera_id="106">
      <photo path="../../../486/212.jpg">
        <meta>
          <property name="File/ImageHeight" value="486"/>
          <property name="File/ImageWidth" value="648"/>
          <property name="System/FileModifyDate" value="2019:12:02 14:31:47"/>
          <property name="System/FileSize" value="56348"/>
        </meta>
      </photo>
    </camera>
    <camera camera_id="107">
      <photo path="../../../486/213.jpg">
        <meta>
          <property name="File/ImageHeight" value="486"/>
          <property name="File/ImageWidth" value="648"/>
          <property name="System/FileModifyDate" value="2019:12:02 14:31:47"/>
          <property name="System/FileSize" value="72203"/>
        </meta>
      </photo>
    </camera>
    <camera camera_id="108">
      <photo path="../../../486/214.jpg">
        <meta>
          <property name="File/ImageHeight" value="486"/>
          <property name="File/ImageWidth" value="648"/>
          <property name="System/FileModifyDate" value="2019:12:02 14:31:47"/>
          <property name="System/FileSize" value="54423"/>
        </meta>
      </photo>
    </camera>
    <camera camera_id="109">
      <photo path="../../../486/216.jpg">
        <meta>
          <property name="File/ImageHeight" value="486"/>
          <property name="File/ImageWidth" value="648"/>
          <property name="System/FileModifyDate" value="2019:12:02 14:31:47"/>
          <property name="System/FileSize" value="62569"/>
        </meta>
      </photo>
    </camera>
    <camera camera_id="110">
      <photo path="../../../486/218.jpg">
        <meta>
          <property name="File/ImageHeight" value="486"/>
          <property name="File/ImageWidth" value="648"/>
          <property name="System/FileModifyDate" value="2019:12:02 14:31:47"/>
          <property name="System/FileSize" value="59069"/>
        </meta>
      </photo>
    </camera>
    <camera camera_id="111">
      <photo path="../../../486/219.jpg">
        <meta>
          <property name="File/ImageHeight" value="486"/>
          <property name="File/ImageWidth" value="648"/>
          <property name="System/FileModifyDate" value="2019:12:02 14:31:48"/>
          <property name="System/FileSize" value="55659"/>
        </meta>
      </photo>
    </camera>
    <camera camera_id="112">
      <photo path="../../../486/220.jpg">
        <meta>
          <property name="File/ImageHeight" value="486"/>
          <property name="File/ImageWidth" value="648"/>
          <property name="System/FileModifyDate" value="2019:12:02 14:31:48"/>
          <property name="System/FileSize" value="60589"/>
        </meta>
      </photo>
    </camera>
    <camera camera_id="113">
      <photo path="../../../486/221.jpg">
        <meta>
          <property name="File/ImageHeight" value="486"/>
          <property name="File/ImageWidth" value="648"/>
          <property name="System/FileModifyDate" value="2019:12:02 14:31:48"/>
          <property name="System/FileSize" value="56142"/>
        </meta>
      </photo>
    </camera>
    <camera camera_id="114">
      <photo path="../../../486/222.jpg">
        <meta>
          <property name="File/ImageHeight" value="486"/>
          <property name="File/ImageWidth" value="648"/>
          <property name="System/FileModifyDate" value="2019:12:02 14:31:48"/>
          <property name="System/FileSize" value="52924"/>
        </meta>
      </photo>
    </camera>
    <camera camera_id="115">
      <photo path="../../../486/223.jpg">
        <meta>
          <property name="File/ImageHeight" value="486"/>
          <property name="File/ImageWidth" value="648"/>
          <property name="System/FileModifyDate" value="2019:12:02 14:31:48"/>
          <property name="System/FileSize" value="55846"/>
        </meta>
      </photo>
    </camera>
  </cameras>
  <thumbnails path="thumbnails/thumbnails.zip"/>
  <point_cloud path="point_cloud/point_cloud.zip"/>
</frame>
