<?xml version="1.0" encoding="UTF-8"?>
<frame version="1.2.0">
  <cameras>
    <camera camera_id="40">
      <photo path="../../../RGB_1280_720_Z_1280_720/Buffer_1/colorImage_cam1_1.png">
        <meta>
          <property name="File/ImageHeight" value="720"/>
          <property name="File/ImageWidth" value="1280"/>
          <property name="System/FileModifyDate" value="2019:12:20 14:13:42"/>
          <property name="System/FileSize" value="1326993"/>
        </meta>
      </photo>
    </camera>
    <camera camera_id="41">
      <photo path="../../../RGB_1280_720_Z_1280_720/Buffer_1/colorImage_cam2_1.png">
        <meta>
          <property name="File/ImageHeight" value="720"/>
          <property name="File/ImageWidth" value="1280"/>
          <property name="System/FileModifyDate" value="2019:12:20 14:13:43"/>
          <property name="System/FileSize" value="1303459"/>
        </meta>
      </photo>
    </camera>
    <camera camera_id="42">
      <photo path="../../../RGB_1280_720_Z_1280_720/Buffer_1/colorImage_cam3_1.png">
        <meta>
          <property name="File/ImageHeight" value="720"/>
          <property name="File/ImageWidth" value="1280"/>
          <property name="System/FileModifyDate" value="2019:12:20 14:13:43"/>
          <property name="System/FileSize" value="1395061"/>
        </meta>
      </photo>
    </camera>
    <camera camera_id="43">
      <photo path="../../../RGB_1280_720_Z_1280_720/Buffer_1/colorImage_cam4_1.png">
        <meta>
          <property name="File/ImageHeight" value="720"/>
          <property name="File/ImageWidth" value="1280"/>
          <property name="System/FileModifyDate" value="2019:12:20 14:13:42"/>
          <property name="System/FileSize" value="1462923"/>
        </meta>
      </photo>
    </camera>
    <camera camera_id="44">
      <photo path="../../../RGB_1280_720_Z_1280_720/Buffer_1/colorImage_cam5_1.png">
        <meta>
          <property name="File/ImageHeight" value="720"/>
          <property name="File/ImageWidth" value="1280"/>
          <property name="System/FileModifyDate" value="2019:12:20 14:13:42"/>
          <property name="System/FileSize" value="1416384"/>
        </meta>
      </photo>
    </camera>
    <camera camera_id="45">
      <photo path="../../../RGB_1280_720_Z_1280_720/Buffer_1/colorImage_cam6_1.png">
        <meta>
          <property name="File/ImageHeight" value="720"/>
          <property name="File/ImageWidth" value="1280"/>
          <property name="System/FileModifyDate" value="2019:12:20 14:13:42"/>
          <property name="System/FileSize" value="1426091"/>
        </meta>
      </photo>
    </camera>
    <camera camera_id="46">
      <photo path="../../../RGB_1280_720_Z_1280_720/Buffer_1/colorImage_cam7_1.png">
        <meta>
          <property name="File/ImageHeight" value="720"/>
          <property name="File/ImageWidth" value="1280"/>
          <property name="System/FileModifyDate" value="2019:12:20 14:13:43"/>
          <property name="System/FileSize" value="1391853"/>
        </meta>
      </photo>
    </camera>
    <camera camera_id="47">
      <photo path="../../../RGB_1280_720_Z_1280_720/Buffer_1/colorImage_cam8_1.png">
        <meta>
          <property name="File/ImageHeight" value="720"/>
          <property name="File/ImageWidth" value="1280"/>
          <property name="System/FileModifyDate" value="2019:12:20 14:13:42"/>
          <property name="System/FileSize" value="1353398"/>
        </meta>
      </photo>
    </camera>
    <camera camera_id="48">
      <photo path="../../../RGB_1280_720_Z_1280_720/Buffer_1/colorImage_cam9_1.png">
        <meta>
          <property name="File/ImageHeight" value="720"/>
          <property name="File/ImageWidth" value="1280"/>
          <property name="System/FileModifyDate" value="2019:12:20 14:13:43"/>
          <property name="System/FileSize" value="1282624"/>
        </meta>
      </photo>
    </camera>
    <camera camera_id="49">
      <photo path="../../../RGB_1280_720_Z_1280_720/Buffer_1/colorImage_cam10_1.png">
        <meta>
          <property name="File/ImageHeight" value="720"/>
          <property name="File/ImageWidth" value="1280"/>
          <property name="System/FileModifyDate" value="2019:12:20 14:13:42"/>
          <property name="System/FileSize" value="1331616"/>
        </meta>
      </photo>
    </camera>
    <camera camera_id="60">
      <photo path="../../../RGB_1280_720_Z_1280_720/Buffer_1/inferredImage1_cam1_1.png">
        <meta>
          <property name="File/ImageHeight" value="720"/>
          <property name="File/ImageWidth" value="1280"/>
          <property name="System/FileModifyDate" value="2019:12:20 14:13:42"/>
          <property name="System/FileSize" value="320349"/>
        </meta>
      </photo>
    </camera>
    <camera camera_id="61">
      <photo path="../../../RGB_1280_720_Z_1280_720/Buffer_1/inferredImage1_cam2_1.png">
        <meta>
          <property name="File/ImageHeight" value="720"/>
          <property name="File/ImageWidth" value="1280"/>
          <property name="System/FileModifyDate" value="2019:12:20 14:13:43"/>
          <property name="System/FileSize" value="306852"/>
        </meta>
      </photo>
    </camera>
    <camera camera_id="62">
      <photo path="../../../RGB_1280_720_Z_1280_720/Buffer_1/inferredImage1_cam3_1.png">
        <meta>
          <property name="File/ImageHeight" value="720"/>
          <property name="File/ImageWidth" value="1280"/>
          <property name="System/FileModifyDate" value="2019:12:20 14:13:43"/>
          <property name="System/FileSize" value="308888"/>
        </meta>
      </photo>
    </camera>
    <camera camera_id="63">
      <photo path="../../../RGB_1280_720_Z_1280_720/Buffer_1/inferredImage1_cam4_1.png">
        <meta>
          <property name="File/ImageHeight" value="720"/>
          <property name="File/ImageWidth" value="1280"/>
          <property name="System/FileModifyDate" value="2019:12:20 14:13:42"/>
          <property name="System/FileSize" value="305879"/>
        </meta>
      </photo>
    </camera>
    <camera camera_id="64">
      <photo path="../../../RGB_1280_720_Z_1280_720/Buffer_1/inferredImage1_cam5_1.png">
        <meta>
          <property name="File/ImageHeight" value="720"/>
          <property name="File/ImageWidth" value="1280"/>
          <property name="System/FileModifyDate" value="2019:12:20 14:13:43"/>
          <property name="System/FileSize" value="311032"/>
        </meta>
      </photo>
    </camera>
    <camera camera_id="65">
      <photo path="../../../RGB_1280_720_Z_1280_720/Buffer_1/inferredImage1_cam6_1.png">
        <meta>
          <property name="File/ImageHeight" value="720"/>
          <property name="File/ImageWidth" value="1280"/>
          <property name="System/FileModifyDate" value="2019:12:20 14:13:42"/>
          <property name="System/FileSize" value="306356"/>
        </meta>
      </photo>
    </camera>
    <camera camera_id="66">
      <photo path="../../../RGB_1280_720_Z_1280_720/Buffer_1/inferredImage1_cam7_1.png">
        <meta>
          <property name="File/ImageHeight" value="720"/>
          <property name="File/ImageWidth" value="1280"/>
          <property name="System/FileModifyDate" value="2019:12:20 14:13:43"/>
          <property name="System/FileSize" value="293438"/>
        </meta>
      </photo>
    </camera>
    <camera camera_id="67">
      <photo path="../../../RGB_1280_720_Z_1280_720/Buffer_1/inferredImage1_cam8_1.png">
        <meta>
          <property name="File/ImageHeight" value="720"/>
          <property name="File/ImageWidth" value="1280"/>
          <property name="System/FileModifyDate" value="2019:12:20 14:13:42"/>
          <property name="System/FileSize" value="321842"/>
        </meta>
      </photo>
    </camera>
    <camera camera_id="68">
      <photo path="../../../RGB_1280_720_Z_1280_720/Buffer_1/inferredImage1_cam9_1.png">
        <meta>
          <property name="File/ImageHeight" value="720"/>
          <property name="File/ImageWidth" value="1280"/>
          <property name="System/FileModifyDate" value="2019:12:20 14:13:43"/>
          <property name="System/FileSize" value="294184"/>
        </meta>
      </photo>
    </camera>
    <camera camera_id="69">
      <photo path="../../../RGB_1280_720_Z_1280_720/Buffer_1/inferredImage1_cam10_1.png">
        <meta>
          <property name="File/ImageHeight" value="720"/>
          <property name="File/ImageWidth" value="1280"/>
          <property name="System/FileModifyDate" value="2019:12:20 14:13:42"/>
          <property name="System/FileSize" value="307168"/>
        </meta>
      </photo>
    </camera>
    <camera camera_id="70">
      <photo path="../../../RGB_1280_720_Z_1280_720/Buffer_1/inferredImage2_cam1_1.png">
        <meta>
          <property name="File/ImageHeight" value="720"/>
          <property name="File/ImageWidth" value="1280"/>
          <property name="System/FileModifyDate" value="2019:12:20 14:13:42"/>
          <property name="System/FileSize" value="324273"/>
        </meta>
      </photo>
    </camera>
    <camera camera_id="71">
      <photo path="../../../RGB_1280_720_Z_1280_720/Buffer_1/inferredImage2_cam2_1.png">
        <meta>
          <property name="File/ImageHeight" value="720"/>
          <property name="File/ImageWidth" value="1280"/>
          <property name="System/FileModifyDate" value="2019:12:20 14:13:43"/>
          <property name="System/FileSize" value="314367"/>
        </meta>
      </photo>
    </camera>
    <camera camera_id="72">
      <photo path="../../../RGB_1280_720_Z_1280_720/Buffer_1/inferredImage2_cam3_1.png">
        <meta>
          <property name="File/ImageHeight" value="720"/>
          <property name="File/ImageWidth" value="1280"/>
          <property name="System/FileModifyDate" value="2019:12:20 14:13:43"/>
          <property name="System/FileSize" value="317026"/>
        </meta>
      </photo>
    </camera>
    <camera camera_id="73">
      <photo path="../../../RGB_1280_720_Z_1280_720/Buffer_1/inferredImage2_cam4_1.png">
        <meta>
          <property name="File/ImageHeight" value="720"/>
          <property name="File/ImageWidth" value="1280"/>
          <property name="System/FileModifyDate" value="2019:12:20 14:13:42"/>
          <property name="System/FileSize" value="313791"/>
        </meta>
      </photo>
    </camera>
    <camera camera_id="74">
      <photo path="../../../RGB_1280_720_Z_1280_720/Buffer_1/inferredImage2_cam5_1.png">
        <meta>
          <property name="File/ImageHeight" value="720"/>
          <property name="File/ImageWidth" value="1280"/>
          <property name="System/FileModifyDate" value="2019:12:20 14:13:43"/>
          <property name="System/FileSize" value="309254"/>
        </meta>
      </photo>
    </camera>
    <camera camera_id="75">
      <photo path="../../../RGB_1280_720_Z_1280_720/Buffer_1/inferredImage2_cam6_1.png">
        <meta>
          <property name="File/ImageHeight" value="720"/>
          <property name="File/ImageWidth" value="1280"/>
          <property name="System/FileModifyDate" value="2019:12:20 14:13:42"/>
          <property name="System/FileSize" value="311715"/>
        </meta>
      </photo>
    </camera>
    <camera camera_id="76">
      <photo path="../../../RGB_1280_720_Z_1280_720/Buffer_1/inferredImage2_cam7_1.png">
        <meta>
          <property name="File/ImageHeight" value="720"/>
          <property name="File/ImageWidth" value="1280"/>
          <property name="System/FileModifyDate" value="2019:12:20 14:13:43"/>
          <property name="System/FileSize" value="288192"/>
        </meta>
      </photo>
    </camera>
    <camera camera_id="77">
      <photo path="../../../RGB_1280_720_Z_1280_720/Buffer_1/inferredImage2_cam8_1.png">
        <meta>
          <property name="File/ImageHeight" value="720"/>
          <property name="File/ImageWidth" value="1280"/>
          <property name="System/FileModifyDate" value="2019:12:20 14:13:42"/>
          <property name="System/FileSize" value="318017"/>
        </meta>
      </photo>
    </camera>
    <camera camera_id="78">
      <photo path="../../../RGB_1280_720_Z_1280_720/Buffer_1/inferredImage2_cam9_1.png">
        <meta>
          <property name="File/ImageHeight" value="720"/>
          <property name="File/ImageWidth" value="1280"/>
          <property name="System/FileModifyDate" value="2019:12:20 14:13:43"/>
          <property name="System/FileSize" value="301142"/>
        </meta>
      </photo>
    </camera>
    <camera camera_id="79">
      <photo path="../../../RGB_1280_720_Z_1280_720/Buffer_1/inferredImage2_cam10_1.png">
        <meta>
          <property name="File/ImageHeight" value="720"/>
          <property name="File/ImageWidth" value="1280"/>
          <property name="System/FileModifyDate" value="2019:12:20 14:13:42"/>
          <property name="System/FileSize" value="311594"/>
        </meta>
      </photo>
    </camera>
  </cameras>
  <thumbnails path="thumbnails/thumbnails.zip"/>
  <point_cloud path="point_cloud/point_cloud.zip"/>
</frame>
