<?xml version="1.0" encoding="UTF-8"?>
<chunk version="1.2.0" label="1944" enabled="true">
  <sensors next_id="1">
    <sensor id="0" label="RP_OV5647 (3.5976mm)" type="frame">
      <resolution width="2592" height="1944"/>
      <property name="focal_length" value="3.5976"/>
      <property name="layer_index" value="0"/>
      <bands>
        <band label="Red"/>
        <band label="Green"/>
        <band label="Blue"/>
      </bands>
      <data_type>uint8</data_type>
    </sensor>
  </sensors>
  <cameras next_id="116" next_group_id="0">
    <camera id="0" sensor_id="0" label="101"/>
    <camera id="1" sensor_id="0" label="102"/>
    <camera id="2" sensor_id="0" label="103"/>
    <camera id="3" sensor_id="0" label="104"/>
    <camera id="4" sensor_id="0" label="105"/>
    <camera id="5" sensor_id="0" label="106"/>
    <camera id="6" sensor_id="0" label="107"/>
    <camera id="7" sensor_id="0" label="108"/>
    <camera id="8" sensor_id="0" label="109"/>
    <camera id="9" sensor_id="0" label="110"/>
    <camera id="10" sensor_id="0" label="111"/>
    <camera id="11" sensor_id="0" label="112"/>
    <camera id="12" sensor_id="0" label="113"/>
    <camera id="13" sensor_id="0" label="114"/>
    <camera id="14" sensor_id="0" label="115"/>
    <camera id="15" sensor_id="0" label="116"/>
    <camera id="16" sensor_id="0" label="117"/>
    <camera id="17" sensor_id="0" label="118"/>
    <camera id="18" sensor_id="0" label="119"/>
    <camera id="19" sensor_id="0" label="121"/>
    <camera id="20" sensor_id="0" label="122"/>
    <camera id="21" sensor_id="0" label="123"/>
    <camera id="22" sensor_id="0" label="124"/>
    <camera id="23" sensor_id="0" label="125"/>
    <camera id="24" sensor_id="0" label="126"/>
    <camera id="25" sensor_id="0" label="127"/>
    <camera id="26" sensor_id="0" label="128"/>
    <camera id="27" sensor_id="0" label="129"/>
    <camera id="28" sensor_id="0" label="130"/>
    <camera id="29" sensor_id="0" label="131"/>
    <camera id="30" sensor_id="0" label="132"/>
    <camera id="31" sensor_id="0" label="133"/>
    <camera id="32" sensor_id="0" label="134"/>
    <camera id="33" sensor_id="0" label="135"/>
    <camera id="34" sensor_id="0" label="136"/>
    <camera id="35" sensor_id="0" label="137"/>
    <camera id="36" sensor_id="0" label="138"/>
    <camera id="37" sensor_id="0" label="139"/>
    <camera id="38" sensor_id="0" label="141"/>
    <camera id="39" sensor_id="0" label="142"/>
    <camera id="40" sensor_id="0" label="143"/>
    <camera id="41" sensor_id="0" label="144"/>
    <camera id="42" sensor_id="0" label="145"/>
    <camera id="43" sensor_id="0" label="146"/>
    <camera id="44" sensor_id="0" label="147"/>
    <camera id="45" sensor_id="0" label="148"/>
    <camera id="46" sensor_id="0" label="149"/>
    <camera id="47" sensor_id="0" label="150"/>
    <camera id="48" sensor_id="0" label="151"/>
    <camera id="49" sensor_id="0" label="152"/>
    <camera id="50" sensor_id="0" label="153"/>
    <camera id="51" sensor_id="0" label="154"/>
    <camera id="52" sensor_id="0" label="155"/>
    <camera id="53" sensor_id="0" label="156"/>
    <camera id="54" sensor_id="0" label="157"/>
    <camera id="55" sensor_id="0" label="158"/>
    <camera id="56" sensor_id="0" label="159"/>
    <camera id="57" sensor_id="0" label="160"/>
    <camera id="58" sensor_id="0" label="161"/>
    <camera id="59" sensor_id="0" label="162"/>
    <camera id="60" sensor_id="0" label="163"/>
    <camera id="61" sensor_id="0" label="164"/>
    <camera id="62" sensor_id="0" label="165"/>
    <camera id="63" sensor_id="0" label="166"/>
    <camera id="64" sensor_id="0" label="167"/>
    <camera id="65" sensor_id="0" label="168"/>
    <camera id="66" sensor_id="0" label="169"/>
    <camera id="67" sensor_id="0" label="170"/>
    <camera id="68" sensor_id="0" label="171"/>
    <camera id="69" sensor_id="0" label="172"/>
    <camera id="70" sensor_id="0" label="173"/>
    <camera id="71" sensor_id="0" label="174"/>
    <camera id="72" sensor_id="0" label="175"/>
    <camera id="73" sensor_id="0" label="176"/>
    <camera id="74" sensor_id="0" label="177"/>
    <camera id="75" sensor_id="0" label="178"/>
    <camera id="76" sensor_id="0" label="179"/>
    <camera id="77" sensor_id="0" label="181"/>
    <camera id="78" sensor_id="0" label="182"/>
    <camera id="79" sensor_id="0" label="183"/>
    <camera id="80" sensor_id="0" label="184"/>
    <camera id="81" sensor_id="0" label="185"/>
    <camera id="82" sensor_id="0" label="186"/>
    <camera id="83" sensor_id="0" label="187"/>
    <camera id="84" sensor_id="0" label="188"/>
    <camera id="85" sensor_id="0" label="189"/>
    <camera id="86" sensor_id="0" label="190"/>
    <camera id="87" sensor_id="0" label="191"/>
    <camera id="88" sensor_id="0" label="192"/>
    <camera id="89" sensor_id="0" label="193"/>
    <camera id="90" sensor_id="0" label="194"/>
    <camera id="91" sensor_id="0" label="195"/>
    <camera id="92" sensor_id="0" label="196"/>
    <camera id="93" sensor_id="0" label="198"/>
    <camera id="94" sensor_id="0" label="199"/>
    <camera id="95" sensor_id="0" label="201"/>
    <camera id="96" sensor_id="0" label="202"/>
    <camera id="97" sensor_id="0" label="203"/>
    <camera id="98" sensor_id="0" label="204"/>
    <camera id="99" sensor_id="0" label="205"/>
    <camera id="100" sensor_id="0" label="206"/>
    <camera id="101" sensor_id="0" label="207"/>
    <camera id="102" sensor_id="0" label="208"/>
    <camera id="103" sensor_id="0" label="209"/>
    <camera id="104" sensor_id="0" label="210"/>
    <camera id="105" sensor_id="0" label="211"/>
    <camera id="106" sensor_id="0" label="212"/>
    <camera id="107" sensor_id="0" label="213"/>
    <camera id="108" sensor_id="0" label="214"/>
    <camera id="109" sensor_id="0" label="216"/>
    <camera id="110" sensor_id="0" label="218"/>
    <camera id="111" sensor_id="0" label="219"/>
    <camera id="112" sensor_id="0" label="220"/>
    <camera id="113" sensor_id="0" label="221"/>
    <camera id="114" sensor_id="0" label="222"/>
    <camera id="115" sensor_id="0" label="223"/>
  </cameras>
  <frames next_id="1">
    <frame id="0" path="0/frame.zip"/>
  </frames>
  <reference>LOCAL_CS["Local Coordinates (m)",LOCAL_DATUM["Local Datum",0],UNIT["metre",1,AUTHORITY["EPSG","9001"]]]</reference>
  <settings>
    <property name="accuracy_tiepoints" value="1"/>
    <property name="accuracy_cameras" value="10"/>
    <property name="accuracy_cameras_ypr" value="10"/>
    <property name="accuracy_markers" value="0.005"/>
    <property name="accuracy_scalebars" value="0.001"/>
    <property name="accuracy_projections" value="0.5"/>
  </settings>
</chunk>
