<?xml version="1.0" encoding="UTF-8"?>
<chunk version="1.2.0" label="RGB_1280_720_Z_1280_720_Buffer_1" enabled="true">
  <sensors next_id="31">
    <sensor id="0" label="unknown" type="frame">
      <resolution width="1280" height="720"/>
      <property name="layer_index" value="0"/>
      <bands>
        <band label="Red"/>
        <band label="Green"/>
        <band label="Blue"/>
      </bands>
      <data_type>uint8</data_type>
      <rotation fixed="true"/>
      <covariance>
        <params>f</params>
        <coeffs>3.6062007577441697e+001</coeffs>
      </covariance>
      <black_level>0 0 0</black_level>
      <sensitivity>1 1 1</sensitivity>
    </sensor>
    <sensor id="1" label="unknown" type="frame">
      <resolution width="1280" height="720"/>
      <property name="layer_index" value="0"/>
      <bands>
        <band label="Red"/>
        <band label="Green"/>
        <band label="Blue"/>
      </bands>
      <rotation fixed="true"/>
      <covariance>
        <params>f</params>
        <coeffs>7.1538495458819948e+000</coeffs>
      </covariance>
    </sensor>
    <sensor id="2" label="unknown" type="frame">
      <resolution width="1280" height="720"/>
      <property name="layer_index" value="0"/>
      <bands>
        <band label="Red"/>
        <band label="Green"/>
        <band label="Blue"/>
      </bands>
      <rotation fixed="true"/>
      <covariance>
        <params>f</params>
        <coeffs>1.0236866948702483e+001</coeffs>
      </covariance>
    </sensor>
    <sensor id="3" label="unknown" type="frame">
      <resolution width="1280" height="720"/>
      <property name="layer_index" value="0"/>
      <bands>
        <band label="Red"/>
        <band label="Green"/>
        <band label="Blue"/>
      </bands>
      <rotation fixed="true"/>
      <covariance>
        <params>f p1 p2</params>
        <coeffs>1.3422372042672341e+001 6.2609253038427325e-005 -3.3423951573481961e-004 6.2609253038427325e-005 2.6080855042578181e-007 7.1223599425377383e-008 -3.3423951573481961e-004 7.1223599425377383e-008 4.6306664140780456e-007</coeffs>
      </covariance>
    </sensor>
    <sensor id="4" label="unknown" type="frame">
      <resolution width="1280" height="720"/>
      <property name="layer_index" value="0"/>
      <bands>
        <band label="Red"/>
        <band label="Green"/>
        <band label="Blue"/>
      </bands>
      <rotation fixed="true"/>
      <covariance>
        <params>f</params>
        <coeffs>7.9501910008585601e+003</coeffs>
      </covariance>
    </sensor>
    <sensor id="5" label="unknown" type="frame">
      <resolution width="1280" height="720"/>
      <property name="layer_index" value="0"/>
      <bands>
        <band label="Red"/>
        <band label="Green"/>
        <band label="Blue"/>
      </bands>
      <rotation fixed="true"/>
      <covariance>
        <params>f k1 p1 p2</params>
        <coeffs>1.2171832323034982e+008 8.6293299969294734e+004 2.4264918555088730e+003 2.9427583231391633e+001 8.6293299969294734e+004 8.1351262816510513e+001 1.5540880041646616e+000 1.3287818988228059e-001 2.4264918555088730e+003 1.5540880041646616e+000 5.2043643118922740e-002 -6.7980912208286917e-005 2.9427583231391633e+001 1.3287818988228059e-001 -6.7980912208286917e-005 1.5125248214573526e-003</coeffs>
      </covariance>
    </sensor>
    <sensor id="6" label="unknown" type="frame">
      <resolution width="1280" height="720"/>
      <property name="layer_index" value="0"/>
      <bands>
        <band label="Red"/>
        <band label="Green"/>
        <band label="Blue"/>
      </bands>
      <rotation fixed="true"/>
      <covariance>
        <params>f</params>
        <coeffs>1.7261795439160574e+002</coeffs>
      </covariance>
    </sensor>
    <sensor id="7" label="unknown" type="frame">
      <resolution width="1280" height="720"/>
      <property name="layer_index" value="0"/>
      <bands>
        <band label="Red"/>
        <band label="Green"/>
        <band label="Blue"/>
      </bands>
      <rotation fixed="true"/>
      <covariance>
        <params>f</params>
        <coeffs>5.7171378425876014e+001</coeffs>
      </covariance>
    </sensor>
    <sensor id="8" label="unknown" type="frame">
      <resolution width="1280" height="720"/>
      <property name="layer_index" value="0"/>
      <bands>
        <band label="Red"/>
        <band label="Green"/>
        <band label="Blue"/>
      </bands>
      <rotation fixed="true"/>
      <covariance>
        <params>f b2 p1 p2</params>
        <coeffs>1.1146418901913203e+001 9.9104747618909106e-001 -2.6363746487376779e-004 3.2869888265843033e-004 9.9104747618909106e-001 8.4368861720477273e-001 -1.9632221802029945e-004 2.3298214764790135e-004 -2.6363746487376779e-004 -1.9632221802029945e-004 3.5450290773555623e-007 -1.4452271084327250e-007 3.2869888265843033e-004 2.3298214764790135e-004 -1.4452271084327250e-007 6.3572394984724964e-007</coeffs>
      </covariance>
    </sensor>
    <sensor id="9" label="unknown" type="frame">
      <resolution width="1280" height="720"/>
      <property name="layer_index" value="0"/>
      <bands>
        <band label="Red"/>
        <band label="Green"/>
        <band label="Blue"/>
      </bands>
      <rotation fixed="true"/>
      <covariance>
        <params>f p1 p2</params>
        <coeffs>5.5693946073484080e+000 -4.3999303328332798e-005 4.6684206515762796e-004 -4.3999303328332798e-005 1.2345706917668171e-007 1.7109775669125188e-008 4.6684206515762796e-004 1.7109775669125188e-008 3.8287444911617589e-007</coeffs>
      </covariance>
    </sensor>
    <sensor id="10" label="unknown" type="frame">
      <resolution width="1280" height="720"/>
      <property name="layer_index" value="0"/>
      <bands>
        <band label="Red"/>
        <band label="Green"/>
        <band label="Blue"/>
      </bands>
      <rotation fixed="true"/>
      <covariance>
        <params>f b1 p1 p2</params>
        <coeffs>1.5647344399897365e+001 -8.8527457514785957e-001 4.7143552985196843e-004 3.4503238025331863e-004 -8.8527457514785957e-001 1.4206532546136956e+000 -1.0291975560273962e-004 -1.6201928600233361e-004 4.7143552985196843e-004 -1.0291975560273962e-004 2.9737608251332236e-007 3.2887948118378333e-008 3.4503238025331863e-004 -1.6201928600233361e-004 3.2887948118378333e-008 4.5084872879334110e-007</coeffs>
      </covariance>
    </sensor>
    <sensor id="11" label="unknown" type="frame">
      <resolution width="1280" height="720"/>
      <property name="layer_index" value="0"/>
      <bands>
        <band label="Red"/>
        <band label="Green"/>
        <band label="Blue"/>
      </bands>
      <rotation fixed="true"/>
      <covariance>
        <params>f p1 p2</params>
        <coeffs>5.5641397747233299e+000 3.4231784836005841e-005 5.7663263185642801e-005 3.4231784836005841e-005 1.0406068064567946e-007 -7.5684650440953901e-009 5.7663263185642801e-005 -7.5684650440953901e-009 2.0270237823864622e-007</coeffs>
      </covariance>
    </sensor>
    <sensor id="12" label="unknown" type="frame">
      <resolution width="1280" height="720"/>
      <property name="layer_index" value="0"/>
      <bands>
        <band label="Red"/>
        <band label="Green"/>
        <band label="Blue"/>
      </bands>
      <rotation fixed="true"/>
      <covariance>
        <params>f</params>
        <coeffs>8.1902199867357925e+000</coeffs>
      </covariance>
    </sensor>
    <sensor id="13" label="unknown" type="frame">
      <resolution width="1280" height="720"/>
      <property name="layer_index" value="0"/>
      <bands>
        <band label="Red"/>
        <band label="Green"/>
        <band label="Blue"/>
      </bands>
      <rotation fixed="true"/>
      <covariance>
        <params>f p1 p2</params>
        <coeffs>1.2408794508558030e+001 2.7930119343946779e-005 3.4656394071307914e-006 2.7930119343946779e-005 1.5033304049004928e-007 1.6601743627666951e-008 3.4656394071307914e-006 1.6601743627666951e-008 5.8999715081314691e-008</coeffs>
      </covariance>
    </sensor>
    <sensor id="14" label="unknown" type="frame">
      <resolution width="1280" height="720"/>
      <property name="layer_index" value="0"/>
      <bands>
        <band label="Red"/>
        <band label="Green"/>
        <band label="Blue"/>
      </bands>
      <rotation fixed="true"/>
      <covariance>
        <params>f</params>
        <coeffs>7.2918852547734032e+003</coeffs>
      </covariance>
    </sensor>
    <sensor id="15" label="unknown" type="frame">
      <resolution width="1280" height="720"/>
      <property name="layer_index" value="0"/>
      <bands>
        <band label="Red"/>
        <band label="Green"/>
        <band label="Blue"/>
      </bands>
      <rotation fixed="true"/>
      <covariance>
        <params>f b1 k1 p1 p2</params>
        <coeffs>3.2375771367105888e+010 -9.0710346147565961e+007 8.3839532585458994e+007 6.2779712973872584e+005 3.9428481053131700e+003 -9.0710346147565961e+007 2.6795534212512412e+005 -2.3483465644160841e+005 -1.7567947908757419e+003 -1.1878713590857476e+001 8.3839532585458994e+007 -2.3483465644160841e+005 2.2039142632256099e+005 1.6182174922588517e+003 1.3241467595889752e+001 6.2779712973872584e+005 -1.7567947908757419e+003 1.6182174922588517e+003 1.2226422872118849e+001 7.2776329232753664e-002 3.9428481053131700e+003 -1.1878713590857476e+001 1.3241467595889752e+001 7.2776329232753664e-002 1.1475906872038621e-002</coeffs>
      </covariance>
    </sensor>
    <sensor id="16" label="unknown" type="frame">
      <resolution width="1280" height="720"/>
      <property name="layer_index" value="0"/>
      <bands>
        <band label="Red"/>
        <band label="Green"/>
        <band label="Blue"/>
      </bands>
      <rotation fixed="true"/>
      <covariance>
        <params>f</params>
        <coeffs>1.6726242422931008e+002</coeffs>
      </covariance>
    </sensor>
    <sensor id="17" label="unknown" type="frame">
      <resolution width="1280" height="720"/>
      <property name="layer_index" value="0"/>
      <bands>
        <band label="Red"/>
        <band label="Green"/>
        <band label="Blue"/>
      </bands>
      <rotation fixed="true"/>
      <covariance>
        <params>f</params>
        <coeffs>5.6237534858417419e+001</coeffs>
      </covariance>
    </sensor>
    <sensor id="18" label="unknown" type="frame">
      <resolution width="1280" height="720"/>
      <property name="layer_index" value="0"/>
      <bands>
        <band label="Red"/>
        <band label="Green"/>
        <band label="Blue"/>
      </bands>
      <rotation fixed="true"/>
      <covariance>
        <params>f b1 p1 p2</params>
        <coeffs>6.9600321438517385e+000 -4.4296839854753195e-001 -2.1259199117715062e-004 3.1093323398193257e-004 -4.4296839854753195e-001 3.2305870175860185e-001 1.0525294705439642e-006 -6.6855258661222510e-005 -2.1259199117715062e-004 1.0525294705439642e-006 2.5690339040428194e-007 -9.8198954694405204e-008 3.1093323398193257e-004 -6.6855258661222510e-005 -9.8198954694405204e-008 6.9714434514103140e-007</coeffs>
      </covariance>
    </sensor>
    <sensor id="19" label="unknown" type="frame">
      <resolution width="1280" height="720"/>
      <property name="layer_index" value="0"/>
      <bands>
        <band label="Red"/>
        <band label="Green"/>
        <band label="Blue"/>
      </bands>
      <rotation fixed="true"/>
      <covariance>
        <params>f p1 p2</params>
        <coeffs>4.9189297580037445e+000 -5.1398045161208659e-006 4.5846659524920359e-004 -5.1398045161208659e-006 1.0058060344036000e-007 2.7361181634552070e-008 4.5846659524920359e-004 2.7361181634552070e-008 3.2998043736174616e-007</coeffs>
      </covariance>
    </sensor>
    <sensor id="20" label="unknown" type="frame">
      <resolution width="1280" height="720"/>
      <property name="layer_index" value="0"/>
      <bands>
        <band label="Red"/>
        <band label="Green"/>
        <band label="Blue"/>
      </bands>
      <rotation fixed="true"/>
      <covariance>
        <params>f b1 p1 p2</params>
        <coeffs>1.5158708846930908e+001 -9.5962257231635284e-001 3.9651780867398534e-004 2.9468541719507307e-004 -9.5962257231635284e-001 1.4691555286187639e+000 -6.0898625633904247e-005 -2.0091358044443025e-004 3.9651780867398534e-004 -6.0898625633904247e-005 3.2583048425770009e-007 2.3294244392537020e-008 2.9468541719507307e-004 -2.0091358044443025e-004 2.3294244392537020e-008 4.5783282135951750e-007</coeffs>
      </covariance>
    </sensor>
    <sensor id="21" label="unknown" type="frame">
      <resolution width="1280" height="720"/>
      <property name="layer_index" value="0"/>
      <bands>
        <band label="Red"/>
        <band label="Green"/>
        <band label="Blue"/>
      </bands>
      <rotation fixed="true"/>
      <covariance>
        <params>f p1 p2</params>
        <coeffs>5.6263395796251041e+000 -3.2476215981319265e-006 5.7359017837577516e-005 -3.2476215981319265e-006 1.0146104787479642e-007 -5.1257855058566134e-009 5.7359017837577516e-005 -5.1257855058566134e-009 1.9948152800182956e-007</coeffs>
      </covariance>
    </sensor>
    <sensor id="22" label="unknown" type="frame">
      <resolution width="1280" height="720"/>
      <property name="layer_index" value="0"/>
      <bands>
        <band label="Red"/>
        <band label="Green"/>
        <band label="Blue"/>
      </bands>
      <rotation fixed="true"/>
      <covariance>
        <params>f b1 p1 p2</params>
        <coeffs>7.9089895647761681e+000 -1.1949862488282560e-001 -5.3791348210848956e-005 4.8205538203495615e-005 -1.1949862488282560e-001 2.1113043458970521e-001 -8.2678136805030049e-006 -4.4273410956763385e-005 -5.3791348210848956e-005 -8.2678136805030049e-006 6.8763514213228464e-008 1.8835098496768523e-008 4.8205538203495615e-005 -4.4273410956763385e-005 1.8835098496768523e-008 1.1330527583648883e-007</coeffs>
      </covariance>
    </sensor>
    <sensor id="23" label="unknown" type="frame">
      <resolution width="1280" height="720"/>
      <property name="layer_index" value="0"/>
      <bands>
        <band label="Red"/>
        <band label="Green"/>
        <band label="Blue"/>
      </bands>
      <rotation fixed="true"/>
      <covariance>
        <params>f</params>
        <coeffs>1.2259984291542313e+001</coeffs>
      </covariance>
    </sensor>
    <sensor id="24" label="unknown" type="frame">
      <resolution width="1280" height="720"/>
      <property name="layer_index" value="0"/>
      <bands>
        <band label="Red"/>
        <band label="Green"/>
        <band label="Blue"/>
      </bands>
      <rotation fixed="true"/>
      <covariance>
        <params>f</params>
        <coeffs>7.2496568115039918e+003</coeffs>
      </covariance>
    </sensor>
    <sensor id="25" label="unknown" type="frame">
      <resolution width="1280" height="720"/>
      <property name="layer_index" value="0"/>
      <bands>
        <band label="Red"/>
        <band label="Green"/>
        <band label="Blue"/>
      </bands>
      <rotation fixed="true"/>
      <covariance>
        <params>f</params>
        <coeffs>2.7113152863076417e+005</coeffs>
      </covariance>
    </sensor>
    <sensor id="26" label="unknown" type="frame">
      <resolution width="1280" height="720"/>
      <property name="layer_index" value="0"/>
      <bands>
        <band label="Red"/>
        <band label="Green"/>
        <band label="Blue"/>
      </bands>
      <rotation fixed="true"/>
      <covariance>
        <params>f</params>
        <coeffs>1.6695317258890728e+002</coeffs>
      </covariance>
    </sensor>
    <sensor id="27" label="unknown" type="frame">
      <resolution width="1280" height="720"/>
      <property name="layer_index" value="0"/>
      <bands>
        <band label="Red"/>
        <band label="Green"/>
        <band label="Blue"/>
      </bands>
      <rotation fixed="true"/>
      <covariance>
        <params>f</params>
        <coeffs>5.5822532620369572e+001</coeffs>
      </covariance>
    </sensor>
    <sensor id="28" label="unknown" type="frame">
      <resolution width="1280" height="720"/>
      <property name="layer_index" value="0"/>
      <bands>
        <band label="Red"/>
        <band label="Green"/>
        <band label="Blue"/>
      </bands>
      <rotation fixed="true"/>
      <covariance>
        <params>f p1 p2</params>
        <coeffs>6.2612598809225988e+000 -2.4236216985440198e-004 1.6038068527423499e-004 -2.4236216985440198e-004 2.6474582343736057e-007 -9.8651014043179264e-008 1.6038068527423499e-004 -9.8651014043179264e-008 6.6990625481631494e-007</coeffs>
      </covariance>
    </sensor>
    <sensor id="29" label="unknown" type="frame">
      <resolution width="1280" height="720"/>
      <property name="layer_index" value="0"/>
      <bands>
        <band label="Red"/>
        <band label="Green"/>
        <band label="Blue"/>
      </bands>
      <rotation fixed="true"/>
      <covariance>
        <params>f p1 p2</params>
        <coeffs>4.8566778601890972e+000 -4.4403106934728367e-005 4.4727912209495689e-004 -4.4403106934728367e-005 1.0132642329489043e-007 1.7365639628553387e-008 4.4727912209495689e-004 1.7365639628553387e-008 3.2524574937642151e-007</coeffs>
      </covariance>
    </sensor>
    <sensor id="30" label="unknown" type="frame">
      <resolution width="1280" height="720"/>
      <property name="layer_index" value="0"/>
      <bands>
        <band label="Red"/>
        <band label="Green"/>
        <band label="Blue"/>
      </bands>
      <data_type>uint8</data_type>
      <calibration type="frame" class="adjusted">
        <resolution width="1280" height="720"/>
        <f>932.685538061445</f>
        <cx>1.72708972536746</cx>
        <cy>-4.51378836158358</cy>
        <b1>11.3527109146336</b1>
        <b2>-1.30962738417605</b2>
        <p1>0.00360384268635951</p1>
        <p2>0.0009277853821748</p2>
      </calibration>
      <covariance>
        <params>f cx cy b1 b2 p1 p2</params>
        <coeffs>4.9154671036896563e-001 -3.2557906101334633e-002 9.3196614475105952e-002 -4.4001196356358535e-001 -1.8805313467301049e-002 -1.2322797755530108e-005 -1.7497007170098349e-005 -3.2557906101334633e-002 2.0705940336138096e-001 4.4459327338955742e-003 2.7213448516758346e-002 -4.1496788614193121e-003 6.5813840331334955e-005 -1.8843175877624517e-006 9.3196614475105952e-002 4.4459327338955742e-003 7.6255128548276441e-001 -1.0894985259760455e-001 2.4306308734548987e-003 4.8151472592868692e-006 1.5921282224737700e-004 -4.4001196356358535e-001 2.7213448516758346e-002 -1.0894985259760455e-001 4.5386091924511091e-001 7.8064649631183498e-003 1.1250263438677415e-005 1.8434893480792851e-005 -1.8805313467301049e-002 -4.1496788614193121e-003 2.4306308734548987e-003 7.8064649631183498e-003 9.1659049575741530e-002 -9.8387971169141618e-006 2.1857347089563004e-006 -1.2322797755530108e-005 6.5813840331334955e-005 4.8151472592868692e-006 1.1250263438677415e-005 -9.8387971169141618e-006 2.4372100548149547e-008 5.2362821882046779e-011 -1.7497007170098349e-005 -1.8843175877624517e-006 1.5921282224737700e-004 1.8434893480792851e-005 2.1857347089563004e-006 5.2362821882046779e-011 4.3398462305425944e-008</coeffs>
      </covariance>
    </sensor>
  </sensors>
  <cameras next_id="80" next_group_id="0">
    <camera id="40" sensor_id="30" label="colorImage_cam1_1">
      <transform>6.9590328519621814e-001 -9.0077247838339064e-002 7.1246382860814883e-001 -9.1661821304843893e-001 -2.6946222912378002e-002 -9.9467883677880498e-001 -9.9437984367746174e-002 6.5567016757827806e-002 7.1762979224936563e-001 5.0001010852123412e-002 -6.9462751182910865e-001 -3.2930844696353523e-001 0 0 0 1</transform>
    </camera>
    <camera id="41" sensor_id="30" label="colorImage_cam2_1">
      <transform>9.9982126883781763e-001 2.8181305938342928e-004 -1.8903728757468780e-002 -6.8571294423414040e-003 -6.5791301684778010e-004 -9.9876464578267177e-001 -4.9686512104157365e-002 4.2145102346247090e-002 -1.8894378264411184e-002 4.9690068585321046e-002 -9.9858595000830408e-001 5.0468898153742899e-002 0 0 0 1</transform>
      <rotation_covariance>8.6993885652681606e-008 -5.0903931570645261e-008 1.3985058605305910e-007 -5.0903931570645261e-008 4.7791643189560680e-007 -6.1581057722568492e-008 1.3985058605305913e-007 -6.1581057722568479e-008 3.6724399157073495e-007</rotation_covariance>
      <location_covariance>1.0922749649429992e-006 -3.2711135975950258e-008 3.1348835197777464e-008 -3.2711135975950258e-008 1.7564408519714022e-007 -4.0102040162455516e-008 3.1348835197777464e-008 -4.0102040162455516e-008 5.7407441477068137e-007</location_covariance>
    </camera>
    <camera id="42" sensor_id="30" label="colorImage_cam3_1">
      <transform>6.9681836296967292e-001 1.2657770958241357e-001 -7.0599026371837081e-001 8.3842892388106249e-001 8.3375387084977257e-002 -9.9192665535193303e-001 -9.5551322496120417e-002 6.7245632033622049e-002 -7.1238522855032216e-001 7.7197046055895724e-003 -7.0174617370108083e-001 -2.7169092039222226e-001 0 0 0 1</transform>
      <rotation_covariance>6.3524486946451890e-007 -1.8654295202975943e-007 5.7140058047875386e-007 -1.8654295202975941e-007 8.6953492446474691e-007 -4.4248200663748330e-008 5.7140058047875375e-007 -4.4248200663748343e-008 6.1300751388946425e-007</rotation_covariance>
      <location_covariance>2.2714507602522548e-006 4.3201931753338743e-007 -1.1581690389990283e-006 4.3201931753338743e-007 8.8832690565372119e-007 -1.0211490979474060e-007 -1.1581690389990283e-006 -1.0211490979474060e-007 2.6003003170667819e-006</location_covariance>
    </camera>
    <camera id="43" sensor_id="30" label="colorImage_cam4_1">
      <transform>1.2513296948972519e-002 1.5984939000635962e-001 -9.8706210033313591e-001 1.2405515378253291e+000 1.7281380194534499e-003 -9.8714137076346264e-001 -1.5984031927588588e-001 1.2008888188540083e-001 -9.9992021228618677e-001 2.9434983637041407e-004 -1.2628634911235000e-002 -1.1539547222631752e+000 0 0 0 1</transform>
      <rotation_covariance>1.7113750262635779e-006 -2.2543943305363216e-007 6.7298805868897611e-007 -2.2543943305363216e-007 8.2856422893205127e-007 1.1762661920590895e-008 6.7298805868897622e-007 1.1762661920590885e-008 3.4154147494002189e-007</rotation_covariance>
      <location_covariance>2.8114240297432825e-006 1.0692320163561434e-006 -5.7196408336914959e-007 1.0692320163561434e-006 2.6728037825269007e-006 -4.1020692320892430e-007 -5.7196408336914959e-007 -4.1020692320892430e-007 3.9620945053540687e-006</location_covariance>
    </camera>
    <camera id="44" sensor_id="30" label="colorImage_cam5_1">
      <transform>-6.9952712715111032e-001 1.0735015797386921e-001 -7.0649680959131023e-001 8.8215754255235035e-001 3.6864643085745941e-002 -9.8191469963632183e-001 -1.8570008273631133e-001 1.6924752204576970e-001 -7.1365453580137461e-001 -1.5594699811505713e-001 6.8291854368513594e-001 -2.0501363280096379e+000 0 0 0 1</transform>
      <rotation_covariance>2.3360445649371967e-006 -6.9638032132710516e-008 -3.8359057602241221e-008 -6.9638032132710530e-008 9.4233514562960983e-007 1.5424902012742466e-007 -3.8359057602241128e-008 1.5424902012742469e-007 7.4413346639654457e-008</rotation_covariance>
      <location_covariance>4.8490447648350464e-006 8.7854350003524236e-007 -8.0847145762830400e-008 8.7854350003524236e-007 3.7036017570939321e-006 -1.2078928799225819e-006 -8.0847145762830400e-008 -1.2078928799225819e-006 5.8574152734206152e-006</location_covariance>
    </camera>
    <camera id="45" sensor_id="30" label="colorImage_cam6_1">
      <transform>-9.9884680370903323e-001 4.3191471413136340e-002 -2.0965674742685739e-002 -6.2165256967864225e-003 -3.7941682341449554e-002 -9.7770069254713921e-001 -2.0654729369794253e-001 1.8669661707896715e-001 -2.9419236246857279e-002 -2.0551363115377952e-001 9.7821196882303574e-001 -2.4210158780784514e+000 0 0 0 1</transform>
      <rotation_covariance>1.6864966926960467e-006 4.0640285994661671e-008 -6.6399896504877932e-007 4.0640285994661618e-008 7.5078494386718724e-007 1.3222224788668150e-007 -6.6399896504877932e-007 1.3222224788668153e-007 3.5724205666026296e-007</rotation_covariance>
      <location_covariance>5.6352347751474950e-006 4.5341226479080408e-007 -1.1607118787426237e-006 4.5341226479080408e-007 2.6422425932104044e-006 -1.1439774921477171e-006 -1.1607118787426237e-006 -1.1439774921477171e-006 6.8301187922072449e-006</location_covariance>
    </camera>
    <camera id="46" sensor_id="30" label="colorImage_cam7_1">
      <transform>-6.8360546584626802e-001 -1.0455625135101658e-001 7.2232372061876071e-001 -8.8455602447266579e-001 -5.5806252579802040e-002 -9.7930014694470713e-001 -1.9456845676284446e-001 1.5552823473486682e-001 7.2771507421387505e-001 -1.7331824052158676e-001 6.6362004058376312e-001 -2.0572944984480972e+000 0 0 0 1</transform>
      <rotation_covariance>5.8193080212457771e-007 1.1057397499424050e-007 -5.3637513131803912e-007 1.1057397499424050e-007 1.1862849815324830e-006 1.2167558103918777e-007 -5.3637513131803912e-007 1.2167558103918777e-007 6.4129413940496034e-007</rotation_covariance>
      <location_covariance>3.2335612781891914e-006 2.4268901699285042e-008 -1.8870869952721469e-006 2.4268901699285042e-008 1.1841815569604831e-006 -9.2867386578013170e-007 -1.8870869952721469e-006 -9.2867386578013170e-007 1.0651930708420399e-005</location_covariance>
    </camera>
    <camera id="47" sensor_id="30" label="colorImage_cam8_1">
      <transform>-3.0840427435596396e-002 -1.6805530704552182e-001 9.8529502272640390e-001 -1.2266774343192233e+000 -7.1323189379392221e-002 -9.8288103817459094e-001 -1.6987603554824821e-001 1.1492727029737954e-001 9.9697636415932189e-001 -7.5513433047860512e-002 1.8326230845027880e-002 -1.2279175171370817e+000 0 0 0 1</transform>
      <rotation_covariance>1.5065843450031278e-007 1.2266421181014950e-007 -9.0474722521584299e-008 1.2266421181014952e-007 1.0754739126254408e-006 3.0233010172941318e-008 -9.0474722521584286e-008 3.0233010172941278e-008 3.2263431560140282e-007</rotation_covariance>
      <location_covariance>1.5448877525226992e-006 -3.3697600751236949e-008 1.7775574992298138e-006 -3.3697600751236949e-008 5.2291441134171699e-007 -5.9203693967552339e-008 1.7775574992298138e-006 -5.9203693967552339e-008 8.7149449135596744e-006</location_covariance>
    </camera>
    <camera id="48" sensor_id="30" label="colorImage_cam9_1">
      <transform>6.9960579367050069e-001 -1.5256779109407431e-001 6.9805071634039806e-001 -8.9669487348784294e-001 -1.0599142357022107e-002 -9.7904661425644601e-001 -2.0336023528282401e-001 1.0137999064123495e+000 7.1445041230582518e-001 1.3487325989114682e-001 -6.8656377134420044e-001 -2.5802090437811631e-001 0 0 0 1</transform>
      <rotation_covariance>7.3746989383653083e-008 6.1543602235697107e-009 4.3211171523465819e-009 6.1543602235697099e-009 4.2261112134943824e-007 4.6525373218396895e-008 4.3211171523465852e-009 4.6525373218396888e-008 5.0505855507681074e-008</rotation_covariance>
      <location_covariance>2.0431884859479483e-006 -8.3227084057271291e-007 1.1688456411505582e-006 -8.3227084057271291e-007 9.6872485756389609e-007 -9.5060553109632480e-007 1.1688456411505582e-006 -9.5060553109632480e-007 1.5456096065129735e-006</location_covariance>
    </camera>
    <camera id="49" sensor_id="30" label="colorImage_cam10_1">
      <transform>9.9920185658389027e-001 3.7067888310394800e-002 1.4886955884761065e-002 -3.3011928935219433e-002 3.9542800714802907e-002 -9.7066007432945178e-001 -2.3718218106420186e-001 9.9675794516358518e-001 5.6583311087377757e-003 2.3758154759776873e-001 -9.7135111650222172e-001 1.0055037186526834e-001 0 0 0 1</transform>
      <rotation_covariance>9.8663559091855605e-008 -7.9233498382704638e-008 7.2732008279567057e-008 -7.9233498382704612e-008 4.8378522823906363e-007 -6.9906660636868882e-008 7.2732008279567057e-008 -6.9906660636868856e-008 3.5453237467249241e-007</rotation_covariance>
      <location_covariance>1.2186498313084207e-006 -8.9605532393873752e-007 -1.7015530282541893e-007 -8.9605532393873752e-007 1.0157099062505151e-006 -1.9654651788937529e-007 -1.7015530282541893e-007 -1.9654651788937529e-007 8.2252459120675737e-007</location_covariance>
    </camera>
    <camera id="60" sensor_id="30" label="inferredImage1_cam1_1">
      <transform>6.9317927640466015e-001 -9.6864979558576592e-002 7.1422662124722558e-001 -8.4751405933474377e-001 -2.8949301851190656e-002 -9.9387030651178188e-001 -1.0669466601712368e-001 5.3556685319446073e-002 7.2018360762061251e-001 5.3282169337344920e-002 -6.9173447343996575e-001 -3.3341267523243701e-001 0 0 0 1</transform>
      <rotation_covariance>3.9308254373151450e-008 9.1784686483429943e-009 -4.5698538811030509e-011 9.1784686483429893e-009 3.9642152213401402e-007 1.4585886688414757e-009 -4.5698538811028028e-011 1.4585886688414793e-009 1.0609524095309157e-008</rotation_covariance>
      <location_covariance>1.2762817411666354e-006 -3.7726375081729898e-008 1.1250523196593217e-006 -3.7726375081729898e-008 1.5611770553385748e-007 -6.0009966918349973e-008 1.1250523196593217e-006 -6.0009966918349973e-008 1.1798542765820206e-006</location_covariance>
    </camera>
    <camera id="61" sensor_id="30" label="inferredImage1_cam2_1">
      <transform>9.9991312449979342e-001 3.3760325802297724e-004 -1.3176853839246125e-002 -1.0799216290711547e-002 -3.9167140717519331e-004 -9.9846952275957024e-001 -5.5303333658875103e-002 3.9016492315109202e-002 -1.3175357549967457e-002 5.5303690150985636e-002 -9.9838264799079635e-001 1.2109509936205227e-002 0 0 0 1</transform>
      <rotation_covariance>7.1146211453393779e-008 -5.4044407734363554e-008 1.0600567655053540e-007 -5.4044407734363548e-008 4.2350652003217078e-007 -7.1279086049320935e-008 1.0600567655053538e-007 -7.1279086049320909e-008 3.5115512777661887e-007</rotation_covariance>
      <location_covariance>6.7514749589445305e-007 -7.8951799540229385e-008 4.4477521567287696e-008 -7.8951799540229385e-008 1.7992266906010102e-007 -4.8074990493240701e-008 4.4477521567287696e-008 -4.8074990493240701e-008 5.0013566275413193e-007</location_covariance>
    </camera>
    <camera id="62" sensor_id="30" label="inferredImage1_cam3_1">
      <transform>6.9714695148250161e-001 1.2934828068094961e-001 -7.0516320828836199e-001 8.3222481250937241e-001 8.2744817973962340e-002 -9.9153349586668116e-001 -1.0007308165962481e-001 6.2370730213200810e-002 -7.1213722212584107e-001 1.1417042492710971e-002 -7.0194745387643465e-001 -3.3985348643771462e-001 0 0 0 1</transform>
      <rotation_covariance>6.2390222590096554e-007 -1.8477165254159132e-007 5.7323791836690543e-007 -1.8477165254159132e-007 5.6982251016610650e-007 -6.0208809834922602e-008 5.7323791836690543e-007 -6.0208809834922615e-008 6.2053045183433810e-007</rotation_covariance>
      <location_covariance>1.2952359545079494e-006 3.8316077076685835e-007 -2.7271144453581309e-007 3.8316077076685835e-007 9.3140449119144266e-007 -3.8319166932892873e-008 -2.7271144453581309e-007 -3.8319166932892873e-008 1.4452978436397109e-006</location_covariance>
    </camera>
    <camera id="63" sensor_id="30" label="inferredImage1_cam4_1">
      <transform>2.3664764182006803e-002 1.5619646656524208e-001 -9.8744247567579535e-001 1.2195197154969557e+000 2.5049057081920345e-003 -9.8772524986867682e-001 -1.5618116473906962e-001 1.1320510308445493e-001 -9.9971681209410668e-001 1.2225401393896052e-003 -2.3765542535454258e-002 -1.1841337606608076e+000 0 0 0 1</transform>
      <rotation_covariance>1.6738072716602164e-006 -2.1528783645782658e-007 6.8666519669754940e-007 -2.1528783645782658e-007 6.8832051070763177e-007 3.3615284048276059e-008 6.8666519669754940e-007 3.3615284048276039e-008 3.4166878500434528e-007</rotation_covariance>
      <location_covariance>2.7181471560252147e-006 1.0655691587545519e-006 -5.7689793022597192e-007 1.0655691587545519e-006 2.6398748836463111e-006 -4.0125827131832807e-007 -5.7689793022597192e-007 -4.0125827131832807e-007 3.3896365625460715e-006</location_covariance>
    </camera>
    <camera id="64" sensor_id="30" label="inferredImage1_cam5_1">
      <transform>-6.9923394303043196e-001 1.1346470753540311e-001 -7.0583117886504487e-001 8.4433638920781839e-001 3.5502954788976138e-002 -9.8059460936565834e-001 -1.9280495917964302e-001 1.5907281808770965e-001 -7.1401080742196454e-001 -1.5987486427489897e-001 6.8163670283936173e-001 -2.0302967905873244e+000 0 0 0 1</transform>
      <rotation_covariance>2.3144655120655729e-006 -5.8612516142760774e-008 -3.5008094736970983e-008 -5.8612516142760787e-008 8.6068452211209543e-007 1.6054258441876436e-007 -3.5008094736970871e-008 1.6054258441876434e-007 6.8273515242249776e-008</rotation_covariance>
      <location_covariance>4.6563187563332326e-006 8.4320271411355909e-007 -1.7147309184949694e-007 8.4320271411355909e-007 3.5621106841527801e-006 -1.1852195421312376e-006 -1.7147309184949694e-007 -1.1852195421312376e-006 5.3787815294604787e-006</location_covariance>
    </camera>
    <camera id="65" sensor_id="30" label="inferredImage1_cam6_1">
      <transform>-9.9886807662236698e-001 4.2758732924216364e-002 -2.0838816267943153e-002 -1.5332944044208608e-002 -3.7514695171461832e-002 -9.7750807597608058e-001 -2.0753459723075907e-001 1.7861756695917266e-001 -2.9244027611221010e-002 -2.0651792212845982e-001 9.7800569256462788e-001 -2.4034033511428334e+000 0 0 0 1</transform>
      <rotation_covariance>1.6808106836743640e-006 4.4059213559759780e-008 -6.6571589932618594e-007 4.4059213559759780e-008 6.7595792935650180e-007 1.3756441154930905e-007 -6.6571589932618594e-007 1.3756441154930903e-007 3.4580928440651133e-007</rotation_covariance>
      <location_covariance>5.1387982169995575e-006 4.4953608969141281e-007 -1.2088192825416225e-006 4.4953608969141281e-007 2.5999712425456495e-006 -1.1420222469781865e-006 -1.2088192825416225e-006 -1.1420222469781865e-006 6.6270147318759494e-006</location_covariance>
    </camera>
    <camera id="66" sensor_id="30" label="inferredImage1_cam7_1">
      <transform>-6.9253728978848705e-001 -1.0563863647605752e-001 7.1360533962120576e-001 -8.5170975141658833e-001 -5.3419782186287131e-002 -9.7899369301316241e-001 -1.9676807645453956e-001 1.5694541955225358e-001 7.1940143808835033e-001 -1.7438987219425695e-001 6.7234644592835047e-001 -2.0877856476934418e+000 0 0 0 1</transform>
      <rotation_covariance>5.9125410227168297e-007 1.1166316385369659e-007 -5.4123474044221168e-007 1.1166316385369658e-007 1.1008703084116834e-006 1.0390249803809521e-007 -5.4123474044221168e-007 1.0390249803809517e-007 6.4300081659063334e-007</rotation_covariance>
      <location_covariance>3.2339988062717150e-006 2.5935034615523918e-008 -1.8512447753662325e-006 2.5935034615523918e-008 1.2633698249965356e-006 -8.8394797727628647e-007 -1.8512447753662325e-006 -8.8394797727628647e-007 9.9265786418922339e-006</location_covariance>
    </camera>
    <camera id="67" sensor_id="30" label="inferredImage1_cam8_1">
      <transform>-3.6126177976520291e-002 -1.7163138313233867e-001 9.8449863767751822e-001 -1.2239744521914033e+000 -6.7329188226499123e-002 -9.8248529681944763e-001 -1.7375103437494566e-001 1.1658171782947832e-001 9.9707656660738420e-001 -7.2562454876355376e-002 2.3937636991721967e-002 -1.1885865611004502e+000 0 0 0 1</transform>
      <rotation_covariance>8.1034606654095026e-008 8.3485971100098791e-008 -7.8813477394687590e-008 8.3485971100098778e-008 7.4229608081826278e-007 4.0434900888441535e-008 -7.8813477394687577e-008 4.0434900888441535e-008 3.1688952781636215e-007</rotation_covariance>
      <location_covariance>1.3888978202508108e-006 -1.7197313106211859e-007 1.7917405044070090e-006 -1.7197313106211859e-007 2.2522846853646365e-007 -1.0824706966105304e-007 1.7917405044070090e-006 -1.0824706966105304e-007 6.4697049043070631e-006</location_covariance>
    </camera>
    <camera id="68" sensor_id="30" label="inferredImage1_cam9_1">
      <transform>7.0715200424233826e-001 -1.4775898255674413e-001 6.9145016159506389e-001 -8.4655002442918637e-001 -1.3967173947078502e-002 -9.8064910474712630e-001 -1.9527480997453767e-001 1.0005018737579807e+000 7.0692358918625431e-001 1.2843136856880227e-001 -6.9553175529199840e-001 -2.9697978159345045e-001 0 0 0 1</transform>
      <rotation_covariance>5.8081579148474935e-008 6.0985186912553122e-009 1.8002242902769782e-009 6.0985186912553122e-009 3.9650296296174432e-007 3.5889296468623784e-008 1.8002242902769716e-009 3.5889296468623770e-008 4.0476842943103393e-008</rotation_covariance>
      <location_covariance>1.7709133878899216e-006 -8.3704242088144517e-007 1.0527769811165788e-006 -8.3704242088144517e-007 8.7548475668380673e-007 -9.1152318475339696e-007 1.0527769811165788e-006 -9.1152318475339696e-007 1.3764942951789084e-006</location_covariance>
    </camera>
    <camera id="69" sensor_id="30" label="inferredImage1_cam10_1">
      <transform>9.9907040106414580e-001 3.8147163671103983e-002 2.0078038285072503e-002 -1.9777060327522172e-002 4.1854349925732857e-002 -9.6989541887007213e-001 -2.3989808220813655e-001 9.9169331606817868e-001 1.0322165946211994e-002 2.4051542644640822e-001 -9.7059042985776522e-001 6.7250449076443605e-002 0 0 0 1</transform>
      <rotation_covariance>8.2728670255834516e-008 -8.1958774514925887e-008 7.2068500455444462e-008 -8.1958774514925901e-008 4.6058389797191325e-007 -7.1371714994936051e-008 7.2068500455444488e-008 -7.1371714994936037e-008 3.4642563765722543e-007</rotation_covariance>
      <location_covariance>9.9937778570989271e-007 -8.8876870619587928e-007 -1.4877407265298255e-007 -8.8876870619587928e-007 9.4065885284848643e-007 -1.8541790800770081e-007 -1.4877407265298255e-007 -1.8541790800770081e-007 7.6250238640945052e-007</location_covariance>
    </camera>
    <camera id="70" sensor_id="30" label="inferredImage2_cam1_1">
      <transform>6.9330729090123411e-001 -9.6985428954965938e-002 7.1408600809259115e-001 -8.1607424653534189e-001 -2.8978049075491022e-002 -9.9385301010506732e-001 -1.0684786837778124e-001 5.2211900627992851e-002 7.2005921496427605e-001 5.3385586776942502e-002 -6.9185598650984581e-001 -3.0100909185827174e-001 0 0 0 1</transform>
      <rotation_covariance>3.9388491784223439e-008 9.1297278968105361e-009 -5.6902655875799744e-010 9.1297278968105361e-009 3.9622614573162994e-007 1.1398049086180586e-009 -5.6902655875799578e-010 1.1398049086180609e-009 1.1062361700239202e-008</rotation_covariance>
      <location_covariance>1.2648072119396659e-006 -4.2198104008695745e-008 1.0702173196725028e-006 -4.2198104008695745e-008 1.5684934401255634e-007 -6.2125526263562995e-008 1.0702173196725028e-006 -6.2125526263562995e-008 1.0900416753544869e-006</location_covariance>
    </camera>
    <camera id="71" sensor_id="30" label="inferredImage2_cam2_1">
      <transform>9.9991180480253128e-001 5.0722082478341524e-004 -1.3271222384509373e-002 3.4311906766431102e-002 -2.2549009236351496e-004 -9.9847800884676041e-001 -5.5150838648440392e-002 3.8746332447270215e-002 -1.3278997355314239e-002 5.5148967138496485e-002 -9.9838983350833166e-001 1.1379798692451063e-002 0 0 0 1</transform>
      <rotation_covariance>7.1296041740021354e-008 -5.4238115089356443e-008 1.0772492100577159e-007 -5.4238115089356456e-008 4.2452107005099865e-007 -7.2794721748493851e-008 1.0772492100577159e-007 -7.2794721748493837e-008 3.6052184641841959e-007</rotation_covariance>
      <location_covariance>6.3714486111965347e-007 -7.4026191409629258e-008 2.0594596879779566e-008 -7.4026191409629258e-008 1.9041206251171726e-007 -4.3602060456045392e-008 2.0594596879779566e-008 -4.3602060456045392e-008 5.0116689538988878e-007</location_covariance>
    </camera>
    <camera id="72" sensor_id="30" label="inferredImage2_cam3_1">
      <transform>6.9702735251826908e-001 1.2955873212858834e-001 -7.0524279845355753e-001 8.6387760429475180e-001 8.2633809768287964e-002 -9.9150204194005942e-001 -1.0047564039044757e-001 6.5929321042027617e-002 -7.1226717130901862e-001 1.1757370366065008e-002 -7.0180997493447206e-001 -3.7228681464286795e-001 0 0 0 1</transform>
      <rotation_covariance>6.2465737647636126e-007 -1.8464877350859506e-007 5.7975500973258461e-007 -1.8464877350859503e-007 5.6815588332932638e-007 -6.0949286373895435e-008 5.7975500973258471e-007 -6.0949286373895435e-008 6.3267301353032165e-007</rotation_covariance>
      <location_covariance>1.3214503834496467e-006 4.1389384984275850e-007 -2.7516292178310869e-007 4.1389384984275850e-007 9.9859162547948022e-007 -4.3739733149704753e-008 -2.7516292178310869e-007 -4.3739733149704753e-008 1.4680519533263532e-006</location_covariance>
    </camera>
    <camera id="73" sensor_id="30" label="inferredImage2_cam4_1">
      <transform>2.2915224966245790e-002 1.5594343245403042e-001 -9.8750014599452129e-001 1.2208299981352788e+000 2.4467219958969571e-003 -9.8776530979163146e-001 -1.5592852953746725e-001 1.1329783044216615e-001 -9.9973441774114225e-001 1.1569990048507055e-003 -2.3016414514029665e-002 -1.2305628316687511e+000 0 0 0 1</transform>
      <rotation_covariance>1.6747928660017102e-006 -2.1377794822984455e-007 6.9677077007263678e-007 -2.1377794822984453e-007 6.9544697954125087e-007 3.4057064506572427e-008 6.9677077007263678e-007 3.4057064506572407e-008 3.4969249817357114e-007</rotation_covariance>
      <location_covariance>2.7799068094729471e-006 1.0855816001459959e-006 -6.0079492378968907e-007 1.0855816001459959e-006 2.7209820449091865e-006 -4.3686554889109562e-007 -6.0079492378968907e-007 -4.3686554889109562e-007 3.4943237790153763e-006</location_covariance>
    </camera>
    <camera id="74" sensor_id="30" label="inferredImage2_cam5_1">
      <transform>-6.9936071279821932e-001 1.1294583966558758e-001 -7.0578880034795244e-001 8.1236219500795792e-001 3.5706340270866048e-002 -9.8068290820101089e-001 -1.9231768204423866e-001 1.6061033069467190e-001 -7.1387649538195874e-001 -1.5970056626275039e-001 6.8181821512521157e-001 -2.0628866522650200e+000 0 0 0 1</transform>
      <rotation_covariance>2.3147696069337263e-006 -5.9423469156677930e-008 -2.2819750012421826e-008 -5.9423469156677983e-008 8.5948063108167116e-007 1.5949963163182030e-007 -2.2819750012421614e-008 1.5949963163182028e-007 6.7493906565251223e-008</rotation_covariance>
      <location_covariance>4.7096957733816932e-006 8.2397864746528739e-007 -2.0436391684518123e-007 8.2397864746528739e-007 3.5592743196770826e-006 -1.1994538369172975e-006 -2.0436391684518123e-007 -1.1994538369172975e-006 5.4421746944015886e-006</location_covariance>
    </camera>
    <camera id="75" sensor_id="30" label="inferredImage2_cam6_1">
      <transform>-9.9888838534258317e-001 4.2426268213693559e-002 -2.0542769850912961e-002 -6.1544444807945096e-002 -3.7255529663571263e-002 -9.7755397939875111e-001 -2.0736499914680090e-001 1.7674849668743467e-001 -2.8879389487567169e-002 -2.0636915740276141e-001 9.7804792916078487e-001 -2.4045327351400676e+000 0 0 0 1</transform>
      <rotation_covariance>1.6794978498130099e-006 4.2830265117042684e-008 -6.5546727078847478e-007 4.2830265117042657e-008 6.8685441372941634e-007 1.3722495375643904e-007 -6.5546727078847478e-007 1.3722495375643904e-007 3.3742146435744608e-007</rotation_covariance>
      <location_covariance>5.2186135250163140e-006 4.3051704411508096e-007 -1.1984725110965058e-006 4.3051704411508096e-007 2.5203695088711056e-006 -1.1280371705170901e-006 -1.1984725110965058e-006 -1.1280371705170901e-006 6.7358216413522564e-006</location_covariance>
    </camera>
    <camera id="76" sensor_id="30" label="inferredImage2_cam7_1">
      <transform>-6.9177126511639098e-001 -1.0570725298040075e-001 7.1433780064238916e-001 -8.8486970946787569e-001 -5.3515419307259893e-002 -9.7900274776701379e-001 -1.9669702529780259e-001 1.5423448485486529e-001 7.2013097187639208e-001 -1.7429743696329458e-001 6.7158900140814515e-001 -2.0530484647631178e+000 0 0 0 1</transform>
      <rotation_covariance>5.8986761531335286e-007 1.1206181170352541e-007 -5.3462471063456362e-007 1.1206181170352540e-007 1.0950593125547510e-006 1.0455749721704459e-007 -5.3462471063456362e-007 1.0455749721704457e-007 6.3022939529752977e-007</rotation_covariance>
      <location_covariance>3.1200112514707793e-006 1.5251876666312168e-008 -1.7014900330936824e-006 1.5251876666312168e-008 1.1892924968034189e-006 -8.5509007592041350e-007 -1.7014900330936824e-006 -8.5509007592041350e-007 9.9559458368570428e-006</location_covariance>
    </camera>
    <camera id="77" sensor_id="30" label="inferredImage2_cam8_1">
      <transform>-3.5703355116576629e-002 -1.7125947371544570e-001 9.8457882523245877e-001 -1.2258311461469169e+000 -6.7340485889134855e-002 -9.8255545510759701e-001 -1.7334946379645455e-001 1.1336781055018794e-001 9.9709103365421703e-001 -7.2491173952500265e-002 2.3547830162320319e-002 -1.1428704678529367e+000 0 0 0 1</transform>
      <rotation_covariance>8.0698223414763699e-008 8.3426956885123194e-008 -7.6873773482161555e-008 8.3426956885123207e-008 7.3027315441612828e-007 3.9172251230164076e-008 -7.6873773482161568e-008 3.9172251230164050e-008 3.0792819327081844e-007</rotation_covariance>
      <location_covariance>1.4335207458829989e-006 -1.6299273870478190e-007 1.8458538986497821e-006 -1.6299273870478190e-007 2.1577489237417669e-007 -9.2179949596891064e-008 1.8458538986497821e-006 -9.2179949596891064e-008 6.2472096171633619e-006</location_covariance>
    </camera>
    <camera id="78" sensor_id="30" label="inferredImage2_cam9_1">
      <transform>7.0732012839662950e-001 -1.4760224915938330e-001 6.9131166054686632e-001 -8.1455959518974841e-001 -1.3914107985919131e-002 -9.8067509257096563e-001 -1.9514804741499109e-001 9.9965845927563934e-001 7.0675641741970108e-001 1.2841315685714910e-001 -6.9570498602644082e-001 -2.6467801146065090e-001 0 0 0 1</transform>
      <rotation_covariance>5.8109684201630834e-008 6.5752584539167430e-009 1.3110645819389034e-009 6.5752584539167447e-009 3.9690198565764465e-007 3.5553716778909135e-008 1.3110645819389034e-009 3.5553716778909162e-008 4.0774851088507804e-008</rotation_covariance>
      <location_covariance>1.7566750648662644e-006 -8.3971442273263278e-007 9.9292452621111479e-007 -8.3971442273263278e-007 8.7682313613712434e-007 -8.8363777623321413e-007 9.9292452621111479e-007 -8.8363777623321413e-007 1.2894472429064821e-006</location_covariance>
    </camera>
    <camera id="79" sensor_id="30" label="inferredImage2_cam10_1">
      <transform>9.9908079669645722e-001 3.8125376207731196e-002 1.9596360922172578e-002 2.6039523532466191e-002 4.1717828163365341e-002 -9.6988914243608848e-001 -2.3994723211139685e-001 9.9366504953275758e-001 9.8582191954232363e-003 2.4054418944054268e-001 -9.7058812502558856e-001 6.8219823302284488e-002 0 0 0 1</transform>
      <rotation_covariance>8.2790177826350940e-008 -8.1364609794362982e-008 7.3910251672643953e-008 -8.1364609794362982e-008 4.6113689499960271e-007 -7.3045060465768868e-008 7.3910251672643953e-008 -7.3045060465768855e-008 3.5488171657263111e-007</rotation_covariance>
      <location_covariance>9.4096650615702182e-007 -8.7975357974571869e-007 -1.7737553647836620e-007 -8.7975357974571858e-007 9.5748560193877393e-007 -1.4925727243995064e-007 -1.7737553647836620e-007 -1.4925727243995061e-007 7.6907688216980022e-007</location_covariance>
    </camera>
  </cameras>
  <frames next_id="1">
    <frame id="0" path="0/frame.zip"/>
  </frames>
  <reference>LOCAL_CS["Local Coordinates (m)",LOCAL_DATUM["Local Datum",0],UNIT["metre",1,AUTHORITY["EPSG","9001"]]]</reference>
  <region>
    <center>9.3544784568683495e-002 6.2516812893462045e-002 -1.3433942647258199e+000</center>
    <size>4.4061206860111941e+000 4.1183218326172879e+000 2.1489982356307764e+000</size>
    <R>-6.1225584899316432e-001 1.3143644364678608e-001 -7.7965841023819182e-001 -7.8849813260857848e-001 -1.7436668244926326e-001 5.8980247110742301e-001 -5.8424911180454321e-002 9.7586921323152864e-001 2.1039441157129898e-001</R>
  </region>
  <settings>
    <property name="accuracy_tiepoints" value="1"/>
    <property name="accuracy_cameras" value="10"/>
    <property name="accuracy_cameras_ypr" value="10"/>
    <property name="accuracy_markers" value="0.005"/>
    <property name="accuracy_scalebars" value="0.001"/>
    <property name="accuracy_projections" value="0.5"/>
  </settings>
  <meta>
    <property name="AlignCameras/adaptive_fitting" value="true"/>
    <property name="AlignCameras/duration" value="14.562"/>
    <property name="AlignCameras/network_distribute" value="true"/>
    <property name="AlignCameras/reset_alignment" value="true"/>
    <property name="OptimizeCameras/adaptive_fitting" value="false"/>
    <property name="OptimizeCameras/duration" value="0.705"/>
    <property name="OptimizeCameras/fit_flags" value="f cx cy b1 b2 p1 p2"/>
    <property name="OptimizeCameras/sigma0" value="0.131015887855308"/>
  </meta>
</chunk>
