<?xml version="1.0" encoding="UTF-8"?>
<chunk version="1.2.0" label="243" enabled="true">
  <sensors next_id="1">
    <sensor id="0" label="unknown" type="frame">
      <resolution width="324" height="243"/>
      <property name="layer_index" value="0"/>
      <bands>
        <band label="Red"/>
        <band label="Green"/>
        <band label="Blue"/>
      </bands>
      <data_type>uint8</data_type>
      <calibration type="frame" class="adjusted">
        <resolution width="324" height="243"/>
        <f>316.539255941909</f>
        <cx>-1.66868396022569</cx>
        <cy>2.82086259918599</cy>
        <k1>0.0215810168363168</k1>
        <k2>-0.23526109342279</k2>
        <k3>-0.0811436069623533</k3>
        <p1>-0.00125405511167944</p1>
        <p2>0.0058282894558296</p2>
      </calibration>
      <covariance>
        <params>f cx cy k1 k2 k3 p1 p2</params>
        <coeffs>9.1024606859157487e+001 2.4893740143949716e+000 1.1239257021029534e+001 1.2215513145615201e-001 1.1879748833144960e-001 -9.9265402717411133e-001 7.7196424033067227e-003 3.9326689667009427e-003 2.4893740143949716e+000 1.7919634609280838e+001 4.6116004933021291e+000 3.5755203422962144e-002 -2.4060145561846946e-001 3.9242592196084064e-001 5.5415518041600715e-003 -9.9578804005311927e-005 1.1239257021029534e+001 4.6116004933021291e+000 1.8551023080499242e+001 3.2361306245917959e-002 -1.0887937167787197e-001 2.7105398352230612e-002 4.1158942437415713e-003 6.6804311152032659e-003 1.2215513145615201e-001 3.5755203422962144e-002 3.2361306245917959e-002 5.3572910315615565e-003 -2.5152248034804779e-002 3.8489944634417760e-002 2.6894092148223128e-005 2.1974581897111682e-005 1.1879748833144960e-001 -2.4060145561846946e-001 -1.0887937167787197e-001 -2.5152248034804779e-002 1.3440186257459105e-001 -2.2329154241089944e-001 -1.6155910626594003e-004 -3.7155965438865245e-005 -9.9265402717411133e-001 3.9242592196084064e-001 2.7105398352230612e-002 3.8489944634417760e-002 -2.2329154241089944e-001 3.9214015294583193e-001 2.4290037530250733e-004 -3.8088376232681699e-005 7.7196424033067227e-003 5.5415518041600715e-003 4.1158942437415713e-003 2.6894092148223128e-005 -1.6155910626594003e-004 2.4290037530250733e-004 9.9573226225978516e-006 -3.6330344067873514e-007 3.9326689667009427e-003 -9.9578804005311927e-005 6.6804311152032659e-003 2.1974581897111682e-005 -3.7155965438865245e-005 -3.8088376232681699e-005 -3.6330344067873514e-007 1.0884777407791446e-005</coeffs>
      </covariance>
    </sensor>
  </sensors>
  <cameras next_id="116" next_group_id="0">
    <camera id="0" sensor_id="0" label="101"/>
    <camera id="1" sensor_id="0" label="102"/>
    <camera id="2" sensor_id="0" label="103"/>
    <camera id="3" sensor_id="0" label="104"/>
    <camera id="4" sensor_id="0" label="105"/>
    <camera id="5" sensor_id="0" label="106"/>
    <camera id="6" sensor_id="0" label="107"/>
    <camera id="7" sensor_id="0" label="108"/>
    <camera id="8" sensor_id="0" label="109"/>
    <camera id="9" sensor_id="0" label="110"/>
    <camera id="10" sensor_id="0" label="111"/>
    <camera id="11" sensor_id="0" label="112"/>
    <camera id="12" sensor_id="0" label="113"/>
    <camera id="13" sensor_id="0" label="114"/>
    <camera id="14" sensor_id="0" label="115"/>
    <camera id="15" sensor_id="0" label="116"/>
    <camera id="16" sensor_id="0" label="117"/>
    <camera id="17" sensor_id="0" label="118"/>
    <camera id="18" sensor_id="0" label="119"/>
    <camera id="19" sensor_id="0" label="121"/>
    <camera id="20" sensor_id="0" label="122"/>
    <camera id="21" sensor_id="0" label="123"/>
    <camera id="22" sensor_id="0" label="124"/>
    <camera id="23" sensor_id="0" label="125"/>
    <camera id="24" sensor_id="0" label="126"/>
    <camera id="25" sensor_id="0" label="127"/>
    <camera id="26" sensor_id="0" label="128"/>
    <camera id="27" sensor_id="0" label="129"/>
    <camera id="28" sensor_id="0" label="130"/>
    <camera id="29" sensor_id="0" label="131"/>
    <camera id="30" sensor_id="0" label="132"/>
    <camera id="31" sensor_id="0" label="133"/>
    <camera id="32" sensor_id="0" label="134"/>
    <camera id="33" sensor_id="0" label="135"/>
    <camera id="34" sensor_id="0" label="136"/>
    <camera id="35" sensor_id="0" label="137"/>
    <camera id="36" sensor_id="0" label="138"/>
    <camera id="37" sensor_id="0" label="139"/>
    <camera id="38" sensor_id="0" label="141"/>
    <camera id="39" sensor_id="0" label="142"/>
    <camera id="40" sensor_id="0" label="143"/>
    <camera id="41" sensor_id="0" label="144"/>
    <camera id="42" sensor_id="0" label="145"/>
    <camera id="43" sensor_id="0" label="146"/>
    <camera id="44" sensor_id="0" label="147"/>
    <camera id="45" sensor_id="0" label="148"/>
    <camera id="46" sensor_id="0" label="149"/>
    <camera id="47" sensor_id="0" label="150"/>
    <camera id="48" sensor_id="0" label="151"/>
    <camera id="49" sensor_id="0" label="152"/>
    <camera id="50" sensor_id="0" label="153"/>
    <camera id="51" sensor_id="0" label="154"/>
    <camera id="52" sensor_id="0" label="155"/>
    <camera id="53" sensor_id="0" label="156"/>
    <camera id="54" sensor_id="0" label="157"/>
    <camera id="55" sensor_id="0" label="158"/>
    <camera id="56" sensor_id="0" label="159"/>
    <camera id="57" sensor_id="0" label="160"/>
    <camera id="58" sensor_id="0" label="161"/>
    <camera id="59" sensor_id="0" label="162"/>
    <camera id="60" sensor_id="0" label="163"/>
    <camera id="61" sensor_id="0" label="164"/>
    <camera id="62" sensor_id="0" label="165"/>
    <camera id="63" sensor_id="0" label="166"/>
    <camera id="64" sensor_id="0" label="167"/>
    <camera id="65" sensor_id="0" label="168"/>
    <camera id="66" sensor_id="0" label="169"/>
    <camera id="67" sensor_id="0" label="170"/>
    <camera id="68" sensor_id="0" label="171"/>
    <camera id="69" sensor_id="0" label="172"/>
    <camera id="70" sensor_id="0" label="173"/>
    <camera id="71" sensor_id="0" label="174"/>
    <camera id="72" sensor_id="0" label="175"/>
    <camera id="73" sensor_id="0" label="176"/>
    <camera id="74" sensor_id="0" label="177"/>
    <camera id="75" sensor_id="0" label="178"/>
    <camera id="76" sensor_id="0" label="179">
      <transform>9.9057369593656985e-001 1.0688266539370761e-001 8.5672917289540670e-002 -1.6029421621074796e-001 5.7054118180303842e-002 -8.9053388560187929e-001 4.5132496739432348e-001 -1.3470497046955963e+000 1.2453345139853651e-001 -4.4218264827235804e-001 -8.8823753864020671e-001 -1.3754176496434550e-001 0 0 0 1</transform>
    </camera>
    <camera id="77" sensor_id="0" label="181"/>
    <camera id="78" sensor_id="0" label="182"/>
    <camera id="79" sensor_id="0" label="183"/>
    <camera id="80" sensor_id="0" label="184">
      <transform>9.9573813961390756e-001 7.3815320563490397e-002 5.5288839455565453e-002 -3.0054274429904465e-001 5.7355800695062860e-002 -9.6509927409830643e-001 2.5552632596574221e-001 -6.6585878370014373e-001 7.2220976487876204e-002 -2.5126617278303015e-001 -9.6521989254786211e-001 1.6343463290640330e-002 0 0 0 1</transform>
      <rotation_covariance>2.1011155582284309e-005 -2.0705318734613702e-006 9.9838503875111153e-007 -2.0705318734613702e-006 8.6865144805510667e-006 1.5160619750146583e-007 9.9838503875111132e-007 1.5160619750146541e-007 1.1047581517990399e-005</rotation_covariance>
      <location_covariance>1.1599939877905775e-004 -5.3136517680593279e-005 -1.6350460803441004e-004 -5.3136517680593279e-005 5.6491514715991461e-004 7.9419832921545367e-005 -1.6350460803441004e-004 7.9419832921545367e-005 4.2909109955806838e-004</location_covariance>
    </camera>
    <camera id="81" sensor_id="0" label="185">
      <transform>9.7761752174591066e-001 8.9660758873411434e-002 -1.9032847788396764e-001 6.7288849881494850e-001 1.2226184676081163e-001 -9.7832648556332424e-001 1.6712070030954196e-001 -6.0083260132541449e-001 -1.7121922205762935e-001 -1.8665003606632355e-001 -9.6739120423664193e-001 1.5919570882206244e-001 0 0 0 1</transform>
      <rotation_covariance>2.6406776491620830e-005 6.9225740191727891e-006 -1.1859094544632344e-006 6.9225740191727900e-006 1.4820104461475889e-005 -6.4046540841346017e-006 -1.1859094544632336e-006 -6.4046540841346017e-006 2.6817774636857695e-005</rotation_covariance>
      <location_covariance>5.7756521426673569e-004 -1.7680404562489863e-004 -3.6426637441367462e-004 -1.7680404562489863e-004 5.7806549181644283e-004 -5.5730646089529509e-005 -3.6426637441367462e-004 -5.5730646089529509e-005 9.1520285967469986e-004</location_covariance>
    </camera>
    <camera id="82" sensor_id="0" label="186">
      <transform>9.8281203119166782e-001 1.2046620378758897e-002 -1.8421560813991456e-001 -3.9707907752598687e-001 -5.8668178357482725e-003 -9.9532648045670458e-001 -9.6388680612150779e-002 1.7503333329088619e-001 -1.8451583073923664e-001 9.5812714391771414e-002 -9.7814816462920906e-001 5.0923740128956640e-001 0 0 0 1</transform>
      <rotation_covariance>5.9139306880584953e-005 2.2009081572817158e-005 3.1714872304907833e-006 2.2009081572817154e-005 1.1496046514077617e-004 -2.6330997495807301e-005 3.1714872304907833e-006 -2.6330997495807298e-005 5.2752513067150952e-005</rotation_covariance>
      <location_covariance>1.5968438924946413e-003 -3.3291034631290458e-004 -1.6789432846730434e-003 -3.3291034631290458e-004 1.0239535490685714e-003 6.2944047247839700e-004 -1.6789432846730434e-003 6.2944047247839700e-004 4.9315313012235299e-003</location_covariance>
    </camera>
    <camera id="83" sensor_id="0" label="187"/>
    <camera id="84" sensor_id="0" label="188">
      <transform>9.9805811044279280e-001 5.9434997714577983e-002 1.8641062899674654e-002 -1.1788575879933243e+000 5.9923151483526553e-002 -9.9784253012161983e-001 -2.6823515742079529e-002 -2.4979049466579514e-002 1.7006589771140185e-002 2.7888458672923833e-002 -9.9946636250411380e-001 6.3368141642801308e-003 0 0 0 1</transform>
      <rotation_covariance>4.7069233615642056e-005 2.4095358173942842e-005 2.7885472807066216e-006 2.4095358173942842e-005 9.5990483843636198e-005 2.8296841750579668e-006 2.7885472807066216e-006 2.8296841750579664e-006 2.7856873647727379e-005</rotation_covariance>
      <location_covariance>2.5774499168139346e-003 8.6783896336483022e-005 2.1996256492467158e-004 8.6783896336483022e-005 4.3848116076043573e-004 -2.9237746449724944e-004 2.1996256492467158e-004 -2.9237746449724944e-004 1.6224294260400963e-003</location_covariance>
    </camera>
    <camera id="85" sensor_id="0" label="189">
      <transform>9.9826699402261254e-001 4.6220797115035309e-002 3.6423159652994003e-002 -4.1834374186447493e-001 4.7043835257844849e-002 -9.9864892327025323e-001 -2.2072734660593132e-002 4.1364011604110136e-002 3.5353729779041693e-002 2.3747967601774896e-002 -9.9909266228188043e-001 1.4924306458631653e-001 0 0 0 1</transform>
      <rotation_covariance>4.5392162612915356e-005 2.0210585152360617e-006 5.0906436889640617e-006 2.0210585152360617e-006 2.3781590512161570e-005 -5.3417391155965684e-006 5.0906436889640617e-006 -5.3417391155965684e-006 2.8345151131932639e-005</rotation_covariance>
      <location_covariance>2.8551519378859814e-004 8.7772751575395492e-005 -4.6942394941538069e-004 8.7772751575395492e-005 4.3618755242559050e-004 -2.9535165323893095e-004 -4.6942394941538069e-004 -2.9535165323893095e-004 1.2167444131927325e-003</location_covariance>
    </camera>
    <camera id="86" sensor_id="0" label="190">
      <transform>9.8866334463753958e-001 5.9249512405310401e-002 -1.3796480076398598e-001 6.3451983869135842e-001 4.3593672126599911e-002 -9.9254042019236244e-001 -1.1385563681648289e-001 1.2739548437198744e-001 -1.4368153228801492e-001 1.0655050241130423e-001 -9.8387123533278831e-001 2.9802351017739953e-001 0 0 0 1</transform>
      <rotation_covariance>6.3599360628717317e-005 6.2246108489586381e-006 2.7033993715709914e-006 6.2246108489586372e-006 1.4807056029220067e-005 -1.2583611656595747e-005 2.7033993715709906e-006 -1.2583611656595745e-005 4.2922839001495781e-005</rotation_covariance>
      <location_covariance>6.0052214600701446e-004 -8.1354708854199155e-005 -5.0175029619916060e-004 -8.1354708854199155e-005 3.9073389290947053e-004 -3.7409579953653232e-004 -5.0175029619916060e-004 -3.7409579953653232e-004 1.8162088161446405e-003</location_covariance>
    </camera>
    <camera id="87" sensor_id="0" label="191"/>
    <camera id="88" sensor_id="0" label="192"/>
    <camera id="89" sensor_id="0" label="193"/>
    <camera id="90" sensor_id="0" label="194">
      <transform>9.9411398573436660e-001 -6.9306364783292260e-002 8.3270710143827711e-002 -3.9756682572917384e-001 -4.7461297558439593e-002 -9.6952969260653077e-001 -2.4033227080097982e-001 5.1539836663357419e-001 9.7389982038202469e-002 2.3496553567451400e-001 -9.6711239700656682e-001 1.9480894547797406e-001 0 0 0 1</transform>
      <rotation_covariance>8.1043775175181778e-005 -1.3368372446619662e-005 2.5329174631301635e-005 -1.3368372446619662e-005 2.4559366490904783e-005 -3.2755021850774148e-005 2.5329174631301635e-005 -3.2755021850774141e-005 8.2509238723031840e-005</rotation_covariance>
      <location_covariance>4.5111124659307991e-004 6.7692608148729646e-005 -6.1593211441640313e-004 6.7692608148729646e-005 3.3193102828334262e-004 -2.2184399263900701e-004 -6.1593211441640313e-004 -2.2184399263900701e-004 2.0999292954361117e-003</location_covariance>
    </camera>
    <camera id="91" sensor_id="0" label="195">
      <transform>9.7159916808820612e-001 4.2363173478118452e-002 -2.3280983248816683e-001 8.0304026475685464e-001 3.0644136808613727e-005 -9.8386704519954304e-001 -1.7890119181061215e-001 7.7550693764144363e-002 -2.3663274420764835e-001 1.7381311487682219e-001 -9.5592570080816142e-001 2.2642813843295234e-001 0 0 0 1</transform>
      <rotation_covariance>9.2816426552553994e-005 3.5123061874035561e-006 -1.1654225155271225e-006 3.5123061874035569e-006 4.8077044613074960e-005 -2.6416039568898477e-006 -1.1654225155271208e-006 -2.6416039568898486e-006 6.1249380232175345e-005</rotation_covariance>
      <location_covariance>1.6113890817384719e-003 -9.3526735964143918e-004 -6.0423790381850884e-004 -9.3526735964143918e-004 6.9475139074625378e-004 -2.4388777971169289e-004 -6.0423790381850884e-004 -2.4388777971169297e-004 2.5538535657385220e-003</location_covariance>
    </camera>
    <camera id="92" sensor_id="0" label="196"/>
    <camera id="93" sensor_id="0" label="198"/>
    <camera id="94" sensor_id="0" label="199"/>
    <camera id="95" sensor_id="0" label="201"/>
    <camera id="96" sensor_id="0" label="202"/>
    <camera id="97" sensor_id="0" label="203"/>
    <camera id="98" sensor_id="0" label="204"/>
    <camera id="99" sensor_id="0" label="205"/>
    <camera id="100" sensor_id="0" label="206"/>
    <camera id="101" sensor_id="0" label="207"/>
    <camera id="102" sensor_id="0" label="208"/>
    <camera id="103" sensor_id="0" label="209"/>
    <camera id="104" sensor_id="0" label="210"/>
    <camera id="105" sensor_id="0" label="211"/>
    <camera id="106" sensor_id="0" label="212"/>
    <camera id="107" sensor_id="0" label="213"/>
    <camera id="108" sensor_id="0" label="214"/>
    <camera id="109" sensor_id="0" label="216"/>
    <camera id="110" sensor_id="0" label="218"/>
    <camera id="111" sensor_id="0" label="219"/>
    <camera id="112" sensor_id="0" label="220"/>
    <camera id="113" sensor_id="0" label="221"/>
    <camera id="114" sensor_id="0" label="222"/>
    <camera id="115" sensor_id="0" label="223"/>
  </cameras>
  <frames next_id="1">
    <frame id="0" path="0/frame.zip"/>
  </frames>
  <reference>LOCAL_CS["Local Coordinates (m)",LOCAL_DATUM["Local Datum",0],UNIT["metre",1,AUTHORITY["EPSG","9001"]]]</reference>
  <region>
    <center>-2.6980805372385386e-001 -3.2083757477866293e-001 -6.7052733053112821e+000</center>
    <size>1.1571841716766357e+001 1.1011120796203613e+001 7.9296913146972656e+000</size>
    <R>4.7284799386509385e-001 -1.6640445247301111e-001 -8.6528858359215244e-001 7.2337111066044080e-001 6.3404036741759717e-001 2.7336248599037671e-001 5.0313915665513076e-001 -7.5518366685337956e-001 4.2017688936714243e-001</R>
  </region>
  <settings>
    <property name="accuracy_tiepoints" value="1"/>
    <property name="accuracy_cameras" value="10"/>
    <property name="accuracy_cameras_ypr" value="10"/>
    <property name="accuracy_markers" value="0.005"/>
    <property name="accuracy_scalebars" value="0.001"/>
    <property name="accuracy_projections" value="0.5"/>
  </settings>
  <meta>
    <property name="AlignCameras/adaptive_fitting" value="false"/>
    <property name="AlignCameras/cameras" value=""/>
    <property name="AlignCameras/duration" value="1.868"/>
    <property name="AlignCameras/network_distribute" value="true"/>
    <property name="AlignCameras/reset_alignment" value="true"/>
    <property name="OptimizeCameras/sigma0" value="0.258469779769774"/>
  </meta>
</chunk>
