<?xml version="1.0" encoding="UTF-8"?>
<point_cloud version="1.2.0">
  <params>
    <dataType>uint8</dataType>
    <bands>
      <band label="Red"/>
      <band label="Green"/>
      <band label="Blue"/>
    </bands>
  </params>
  <tracks path="tracks.ply" count="29822"/>
  <points path="points.ply" count="24548"/>
  <projections camera_id="0" path="p0.ply" count="813"/>
  <projections camera_id="1" path="p1.ply" count="896"/>
  <projections camera_id="2" path="p2.ply" count="1048"/>
  <projections camera_id="3" path="p3.ply" count="1004"/>
  <projections camera_id="4" path="p4.ply" count="1076"/>
  <projections camera_id="5" path="p5.ply" count="1244"/>
  <projections camera_id="6" path="p6.ply" count="1323"/>
  <projections camera_id="7" path="p7.ply" count="1126"/>
  <projections camera_id="8" path="p8.ply" count="1047"/>
  <projections camera_id="9" path="p9.ply" count="1009"/>
  <projections camera_id="10" path="p10.ply" count="1121"/>
  <projections camera_id="11" path="p11.ply" count="1063"/>
  <projections camera_id="12" path="p12.ply" count="1083"/>
  <projections camera_id="13" path="p13.ply" count="1104"/>
  <projections camera_id="14" path="p14.ply" count="966"/>
  <projections camera_id="15" path="p15.ply" count="817"/>
  <projections camera_id="16" path="p16.ply" count="1029"/>
  <projections camera_id="17" path="p17.ply" count="928"/>
  <projections camera_id="18" path="p18.ply" count="1118"/>
  <projections camera_id="19" path="p19.ply" count="1204"/>
  <projections camera_id="20" path="p20.ply" count="1078"/>
  <projections camera_id="21" path="p21.ply" count="1095"/>
  <projections camera_id="22" path="p22.ply" count="1216"/>
  <projections camera_id="23" path="p23.ply" count="1251"/>
  <projections camera_id="24" path="p24.ply" count="1051"/>
  <projections camera_id="25" path="p25.ply" count="1183"/>
  <projections camera_id="26" path="p26.ply" count="1069"/>
  <projections camera_id="27" path="p27.ply" count="998"/>
  <projections camera_id="28" path="p28.ply" count="1179"/>
  <projections camera_id="29" path="p29.ply" count="1186"/>
  <projections camera_id="30" path="p30.ply" count="1024"/>
  <projections camera_id="31" path="p31.ply" count="833"/>
  <projections camera_id="32" path="p32.ply" count="942"/>
  <projections camera_id="33" path="p33.ply" count="892"/>
  <projections camera_id="34" path="p34.ply" count="859"/>
  <projections camera_id="35" path="p35.ply" count="991"/>
  <projections camera_id="36" path="p36.ply" count="622"/>
  <projections camera_id="37" path="p37.ply" count="861"/>
  <projections camera_id="38" path="p38.ply" count="1026"/>
  <projections camera_id="39" path="p39.ply" count="1078"/>
  <projections camera_id="40" path="p40.ply" count="1036"/>
  <projections camera_id="41" path="p41.ply" count="912"/>
  <projections camera_id="42" path="p42.ply" count="746"/>
  <projections camera_id="43" path="p43.ply" count="825"/>
  <projections camera_id="44" path="p44.ply" count="987"/>
  <projections camera_id="45" path="p45.ply" count="1006"/>
  <projections camera_id="46" path="p46.ply" count="1035"/>
  <projections camera_id="47" path="p47.ply" count="556"/>
  <projections camera_id="48" path="p48.ply" count="1014"/>
  <projections camera_id="49" path="p49.ply" count="1039"/>
  <projections camera_id="50" path="p50.ply" count="1210"/>
  <projections camera_id="51" path="p51.ply" count="1211"/>
  <projections camera_id="52" path="p52.ply" count="1066"/>
  <projections camera_id="53" path="p53.ply" count="1259"/>
  <projections camera_id="54" path="p54.ply" count="1451"/>
  <projections camera_id="55" path="p55.ply" count="1088"/>
  <projections camera_id="56" path="p56.ply" count="1142"/>
  <projections camera_id="57" path="p57.ply" count="901"/>
  <projections camera_id="58" path="p58.ply" count="1092"/>
  <projections camera_id="59" path="p59.ply" count="1105"/>
  <projections camera_id="60" path="p60.ply" count="1077"/>
  <projections camera_id="61" path="p61.ply" count="1176"/>
  <projections camera_id="62" path="p62.ply" count="1197"/>
  <projections camera_id="63" path="p63.ply" count="1075"/>
  <projections camera_id="64" path="p64.ply" count="778"/>
  <projections camera_id="65" path="p65.ply" count="966"/>
  <projections camera_id="66" path="p66.ply" count="999"/>
  <projections camera_id="67" path="p67.ply" count="1015"/>
  <projections camera_id="68" path="p68.ply" count="745"/>
  <projections camera_id="69" path="p69.ply" count="869"/>
  <projections camera_id="70" path="p70.ply" count="1132"/>
  <projections camera_id="71" path="p71.ply" count="980"/>
  <projections camera_id="72" path="p72.ply" count="762"/>
  <projections camera_id="73" path="p73.ply" count="748"/>
  <projections camera_id="74" path="p74.ply" count="710"/>
  <projections camera_id="75" path="p75.ply" count="872"/>
  <projections camera_id="76" path="p76.ply" count="793"/>
  <projections camera_id="77" path="p77.ply" count="722"/>
  <projections camera_id="78" path="p78.ply" count="835"/>
  <projections camera_id="79" path="p79.ply" count="858"/>
  <projections camera_id="80" path="p80.ply" count="514"/>
  <projections camera_id="81" path="p81.ply" count="334"/>
  <projections camera_id="82" path="p82.ply" count="694"/>
  <projections camera_id="83" path="p83.ply" count="612"/>
  <projections camera_id="84" path="p84.ply" count="784"/>
  <projections camera_id="85" path="p85.ply" count="716"/>
  <projections camera_id="86" path="p86.ply" count="726"/>
  <projections camera_id="87" path="p87.ply" count="578"/>
  <meta>
    <property name="Info/LastSavedDateTime" value="2019:12:02 22:35:55"/>
    <property name="Info/LastSavedSoftwareVersion" value="1.5.5.9097"/>
    <property name="Info/OriginalDateTime" value="2019:12:02 22:19:57"/>
    <property name="Info/OriginalSoftwareVersion" value="1.5.5.9097"/>
    <property name="MatchPhotos/downscale" value="0"/>
    <property name="MatchPhotos/duration" value="86.993"/>
    <property name="MatchPhotos/keypoint_limit" value="40000"/>
    <property name="MatchPhotos/max_workgroup_size" value="100"/>
    <property name="MatchPhotos/network_distribute" value="true"/>
    <property name="MatchPhotos/preselection_generic" value="true"/>
    <property name="MatchPhotos/reset_matches" value="false"/>
    <property name="MatchPhotos/store_keypoints" value="false"/>
    <property name="MatchPhotos/tiepoint_limit" value="4000"/>
    <property name="MatchPhotos/workitem_size_cameras" value="20"/>
    <property name="MatchPhotos/workitem_size_pairs" value="80"/>
  </meta>
</point_cloud>
