<?xml version="1.0" encoding="UTF-8"?>
<frame version="1.2.0">
  <cameras>
    <camera camera_id="16">
      <photo path="../../../486_16_view/102.jpg">
        <meta>
          <property name="File/ImageHeight" value="486"/>
          <property name="File/ImageWidth" value="648"/>
          <property name="System/FileModifyDate" value="2019:12:02 14:31:32"/>
          <property name="System/FileSize" value="64370"/>
        </meta>
      </photo>
    </camera>
    <camera camera_id="17">
      <photo path="../../../486_16_view/104.jpg">
        <meta>
          <property name="File/ImageHeight" value="486"/>
          <property name="File/ImageWidth" value="648"/>
          <property name="System/FileModifyDate" value="2019:12:02 14:31:32"/>
          <property name="System/FileSize" value="56499"/>
        </meta>
      </photo>
    </camera>
    <camera camera_id="18">
      <photo path="../../../486_16_view/117.jpg">
        <meta>
          <property name="File/ImageHeight" value="486"/>
          <property name="File/ImageWidth" value="648"/>
          <property name="System/FileModifyDate" value="2019:12:02 14:31:34"/>
          <property name="System/FileSize" value="55951"/>
        </meta>
      </photo>
    </camera>
    <camera camera_id="19">
      <photo path="../../../486_16_view/119.jpg">
        <meta>
          <property name="File/ImageHeight" value="486"/>
          <property name="File/ImageWidth" value="648"/>
          <property name="System/FileModifyDate" value="2019:12:02 14:31:34"/>
          <property name="System/FileSize" value="56562"/>
        </meta>
      </photo>
    </camera>
    <camera camera_id="20">
      <photo path="../../../486_16_view/137.jpg">
        <meta>
          <property name="File/ImageHeight" value="486"/>
          <property name="File/ImageWidth" value="648"/>
          <property name="System/FileModifyDate" value="2019:12:02 14:31:37"/>
          <property name="System/FileSize" value="57966"/>
        </meta>
      </photo>
    </camera>
    <camera camera_id="21">
      <photo path="../../../486_16_view/139.jpg">
        <meta>
          <property name="File/ImageHeight" value="486"/>
          <property name="File/ImageWidth" value="648"/>
          <property name="System/FileModifyDate" value="2019:12:02 14:31:37"/>
          <property name="System/FileSize" value="50646"/>
        </meta>
      </photo>
    </camera>
    <camera camera_id="22">
      <photo path="../../../486_16_view/147.jpg">
        <meta>
          <property name="File/ImageHeight" value="486"/>
          <property name="File/ImageWidth" value="648"/>
          <property name="System/FileModifyDate" value="2019:12:02 14:31:38"/>
          <property name="System/FileSize" value="62786"/>
        </meta>
      </photo>
    </camera>
    <camera camera_id="23">
      <photo path="../../../486_16_view/149.jpg">
        <meta>
          <property name="File/ImageHeight" value="486"/>
          <property name="File/ImageWidth" value="648"/>
          <property name="System/FileModifyDate" value="2019:12:02 14:31:38"/>
          <property name="System/FileSize" value="56043"/>
        </meta>
      </photo>
    </camera>
    <camera camera_id="24">
      <photo path="../../../486_16_view/162.jpg">
        <meta>
          <property name="File/ImageHeight" value="486"/>
          <property name="File/ImageWidth" value="648"/>
          <property name="System/FileModifyDate" value="2019:12:02 14:31:40"/>
          <property name="System/FileSize" value="59877"/>
        </meta>
      </photo>
    </camera>
    <camera camera_id="25">
      <photo path="../../../486_16_view/164.jpg">
        <meta>
          <property name="File/ImageHeight" value="486"/>
          <property name="File/ImageWidth" value="648"/>
          <property name="System/FileModifyDate" value="2019:12:02 14:31:41"/>
          <property name="System/FileSize" value="51410"/>
        </meta>
      </photo>
    </camera>
    <camera camera_id="26">
      <photo path="../../../486_16_view/177.jpg">
        <meta>
          <property name="File/ImageHeight" value="486"/>
          <property name="File/ImageWidth" value="648"/>
          <property name="System/FileModifyDate" value="2019:12:02 14:31:42"/>
          <property name="System/FileSize" value="60022"/>
        </meta>
      </photo>
    </camera>
    <camera camera_id="27">
      <photo path="../../../486_16_view/179.jpg">
        <meta>
          <property name="File/ImageHeight" value="486"/>
          <property name="File/ImageWidth" value="648"/>
          <property name="System/FileModifyDate" value="2019:12:02 14:31:43"/>
          <property name="System/FileSize" value="49187"/>
        </meta>
      </photo>
    </camera>
    <camera camera_id="28">
      <photo path="../../../486_16_view/192.jpg">
        <meta>
          <property name="File/ImageHeight" value="486"/>
          <property name="File/ImageWidth" value="648"/>
          <property name="System/FileModifyDate" value="2019:12:02 14:31:44"/>
          <property name="System/FileSize" value="51255"/>
        </meta>
      </photo>
    </camera>
    <camera camera_id="29">
      <photo path="../../../486_16_view/194.jpg">
        <meta>
          <property name="File/ImageHeight" value="486"/>
          <property name="File/ImageWidth" value="648"/>
          <property name="System/FileModifyDate" value="2019:12:02 14:31:44"/>
          <property name="System/FileSize" value="49231"/>
        </meta>
      </photo>
    </camera>
    <camera camera_id="30">
      <photo path="../../../486_16_view/207.jpg">
        <meta>
          <property name="File/ImageHeight" value="486"/>
          <property name="File/ImageWidth" value="648"/>
          <property name="System/FileModifyDate" value="2019:12:02 14:31:46"/>
          <property name="System/FileSize" value="58366"/>
        </meta>
      </photo>
    </camera>
    <camera camera_id="31">
      <photo path="../../../486_16_view/209.jpg">
        <meta>
          <property name="File/ImageHeight" value="486"/>
          <property name="File/ImageWidth" value="648"/>
          <property name="System/FileModifyDate" value="2019:12:02 14:31:46"/>
          <property name="System/FileSize" value="53675"/>
        </meta>
      </photo>
    </camera>
  </cameras>
  <thumbnails path="thumbnails/thumbnails.zip"/>
  <point_cloud path="point_cloud.1/point_cloud.zip"/>
</frame>
