<?xml version="1.0" encoding="UTF-8"?>
<point_cloud version="1.2.0">
  <params>
    <dataType>uint8</dataType>
    <bands>
      <band label="Red"/>
      <band label="Green"/>
      <band label="Blue"/>
    </bands>
  </params>
  <tracks path="tracks.ply" count="11994"/>
  <points path="points.ply" count="4739"/>
  <projections camera_id="88" path="p88.ply" count="367"/>
  <projections camera_id="89" path="p89.ply" count="406"/>
  <projections camera_id="90" path="p90.ply" count="412"/>
  <projections camera_id="91" path="p91.ply" count="389"/>
  <projections camera_id="92" path="p92.ply" count="462"/>
  <projections camera_id="93" path="p93.ply" count="515"/>
  <projections camera_id="94" path="p94.ply" count="508"/>
  <projections camera_id="95" path="p95.ply" count="435"/>
  <projections camera_id="96" path="p96.ply" count="418"/>
  <projections camera_id="97" path="p97.ply" count="432"/>
  <projections camera_id="98" path="p98.ply" count="449"/>
  <projections camera_id="99" path="p99.ply" count="442"/>
  <projections camera_id="100" path="p100.ply" count="517"/>
  <projections camera_id="101" path="p101.ply" count="502"/>
  <projections camera_id="102" path="p102.ply" count="414"/>
  <projections camera_id="103" path="p103.ply" count="383"/>
  <projections camera_id="104" path="p104.ply" count="413"/>
  <projections camera_id="105" path="p105.ply" count="450"/>
  <projections camera_id="106" path="p106.ply" count="467"/>
  <projections camera_id="107" path="p107.ply" count="421"/>
  <projections camera_id="108" path="p108.ply" count="475"/>
  <projections camera_id="109" path="p109.ply" count="520"/>
  <projections camera_id="110" path="p110.ply" count="558"/>
  <projections camera_id="111" path="p111.ply" count="492"/>
  <projections camera_id="112" path="p112.ply" count="462"/>
  <projections camera_id="113" path="p113.ply" count="483"/>
  <projections camera_id="114" path="p114.ply" count="404"/>
  <projections camera_id="115" path="p115.ply" count="441"/>
  <projections camera_id="116" path="p116.ply" count="493"/>
  <projections camera_id="117" path="p117.ply" count="505"/>
  <projections camera_id="118" path="p118.ply" count="466"/>
  <projections camera_id="119" path="p119.ply" count="311"/>
  <projections camera_id="120" path="p120.ply" count="389"/>
  <projections camera_id="121" path="p121.ply" count="355"/>
  <projections camera_id="122" path="p122.ply" count="404"/>
  <projections camera_id="123" path="p123.ply" count="372"/>
  <projections camera_id="124" path="p124.ply" count="294"/>
  <projections camera_id="125" path="p125.ply" count="382"/>
  <projections camera_id="126" path="p126.ply" count="467"/>
  <projections camera_id="127" path="p127.ply" count="433"/>
  <projections camera_id="128" path="p128.ply" count="439"/>
  <projections camera_id="129" path="p129.ply" count="400"/>
  <projections camera_id="130" path="p130.ply" count="410"/>
  <projections camera_id="131" path="p131.ply" count="363"/>
  <projections camera_id="132" path="p132.ply" count="408"/>
  <projections camera_id="133" path="p133.ply" count="441"/>
  <projections camera_id="134" path="p134.ply" count="457"/>
  <projections camera_id="135" path="p135.ply" count="236"/>
  <projections camera_id="136" path="p136.ply" count="402"/>
  <projections camera_id="137" path="p137.ply" count="405"/>
  <projections camera_id="138" path="p138.ply" count="500"/>
  <projections camera_id="139" path="p139.ply" count="454"/>
  <projections camera_id="140" path="p140.ply" count="484"/>
  <projections camera_id="141" path="p141.ply" count="521"/>
  <projections camera_id="142" path="p142.ply" count="579"/>
  <projections camera_id="143" path="p143.ply" count="466"/>
  <projections camera_id="144" path="p144.ply" count="411"/>
  <projections camera_id="145" path="p145.ply" count="365"/>
  <projections camera_id="146" path="p146.ply" count="462"/>
  <projections camera_id="147" path="p147.ply" count="422"/>
  <projections camera_id="148" path="p148.ply" count="488"/>
  <projections camera_id="149" path="p149.ply" count="530"/>
  <projections camera_id="150" path="p150.ply" count="423"/>
  <projections camera_id="151" path="p151.ply" count="392"/>
  <projections camera_id="152" path="p152.ply" count="282"/>
  <projections camera_id="153" path="p153.ply" count="321"/>
  <projections camera_id="154" path="p154.ply" count="374"/>
  <projections camera_id="155" path="p155.ply" count="374"/>
  <projections camera_id="156" path="p156.ply" count="384"/>
  <projections camera_id="157" path="p157.ply" count="350"/>
  <projections camera_id="158" path="p158.ply" count="458"/>
  <projections camera_id="159" path="p159.ply" count="378"/>
  <projections camera_id="160" path="p160.ply" count="303"/>
  <projections camera_id="161" path="p161.ply" count="298"/>
  <projections camera_id="162" path="p162.ply" count="341"/>
  <projections camera_id="163" path="p163.ply" count="366"/>
  <projections camera_id="164" path="p164.ply" count="358"/>
  <projections camera_id="165" path="p165.ply" count="266"/>
  <projections camera_id="166" path="p166.ply" count="322"/>
  <projections camera_id="167" path="p167.ply" count="272"/>
  <projections camera_id="168" path="p168.ply" count="196"/>
  <projections camera_id="169" path="p169.ply" count="121"/>
  <projections camera_id="170" path="p170.ply" count="324"/>
  <projections camera_id="171" path="p171.ply" count="265"/>
  <projections camera_id="172" path="p172.ply" count="318"/>
  <projections camera_id="173" path="p173.ply" count="326"/>
  <projections camera_id="174" path="p174.ply" count="324"/>
  <projections camera_id="175" path="p175.ply" count="211"/>
  <meta>
    <property name="Info/LastSavedDateTime" value="2019:12:02 22:35:55"/>
    <property name="Info/LastSavedSoftwareVersion" value="1.5.5.9097"/>
    <property name="Info/OriginalDateTime" value="2019:12:02 22:21:34"/>
    <property name="Info/OriginalSoftwareVersion" value="1.5.5.9097"/>
    <property name="MatchPhotos/downscale" value="0"/>
    <property name="MatchPhotos/duration" value="59.578"/>
    <property name="MatchPhotos/keypoint_limit" value="40000"/>
    <property name="MatchPhotos/max_workgroup_size" value="100"/>
    <property name="MatchPhotos/network_distribute" value="true"/>
    <property name="MatchPhotos/preselection_generic" value="true"/>
    <property name="MatchPhotos/reset_matches" value="false"/>
    <property name="MatchPhotos/store_keypoints" value="false"/>
    <property name="MatchPhotos/tiepoint_limit" value="4000"/>
    <property name="MatchPhotos/workitem_size_cameras" value="20"/>
    <property name="MatchPhotos/workitem_size_pairs" value="80"/>
  </meta>
</point_cloud>
