<?xml version="1.0" encoding="UTF-8"?>
<thumbnails version="1.2.0">
  <thumbnail camera_id="16" path="c16.jpg"/>
  <thumbnail camera_id="17" path="c17.jpg"/>
  <thumbnail camera_id="18" path="c18.jpg"/>
  <thumbnail camera_id="19" path="c19.jpg"/>
  <thumbnail camera_id="20" path="c20.jpg"/>
  <thumbnail camera_id="21" path="c21.jpg"/>
  <thumbnail camera_id="22" path="c22.jpg"/>
  <thumbnail camera_id="23" path="c23.jpg"/>
  <thumbnail camera_id="24" path="c24.jpg"/>
  <thumbnail camera_id="25" path="c25.jpg"/>
  <thumbnail camera_id="26" path="c26.jpg"/>
  <thumbnail camera_id="27" path="c27.jpg"/>
  <thumbnail camera_id="28" path="c28.jpg"/>
  <thumbnail camera_id="29" path="c29.jpg"/>
  <thumbnail camera_id="30" path="c30.jpg"/>
  <thumbnail camera_id="31" path="c31.jpg"/>
</thumbnails>
