<?xml version="1.0" encoding="UTF-8"?>
<point_cloud version="1.2.0">
  <params>
    <dataType>uint8</dataType>
    <bands>
      <band label="Red"/>
      <band label="Green"/>
      <band label="Blue"/>
    </bands>
  </params>
  <tracks path="tracks.ply" count="43168"/>
  <points path="points.ply" count="31628"/>
  <projections camera_id="0" path="p0.ply" count="269"/>
  <projections camera_id="1" path="p1.ply" count="350"/>
  <projections camera_id="2" path="p2.ply" count="321"/>
  <projections camera_id="3" path="p3.ply" count="331"/>
  <projections camera_id="4" path="p4.ply" count="329"/>
  <projections camera_id="5" path="p5.ply" count="298"/>
  <projections camera_id="6" path="p6.ply" count="303"/>
  <projections camera_id="7" path="p7.ply" count="265"/>
  <projections camera_id="8" path="p8.ply" count="481"/>
  <projections camera_id="9" path="p9.ply" count="549"/>
  <projections camera_id="20" path="p20.ply" count="5454"/>
  <projections camera_id="21" path="p21.ply" count="4663"/>
  <projections camera_id="22" path="p22.ply" count="4277"/>
  <projections camera_id="23" path="p23.ply" count="3979"/>
  <projections camera_id="24" path="p24.ply" count="4701"/>
  <projections camera_id="25" path="p25.ply" count="4594"/>
  <projections camera_id="26" path="p26.ply" count="2979"/>
  <projections camera_id="27" path="p27.ply" count="4373"/>
  <projections camera_id="28" path="p28.ply" count="4693"/>
  <projections camera_id="29" path="p29.ply" count="5304"/>
  <projections camera_id="30" path="p30.ply" count="5544"/>
  <projections camera_id="31" path="p31.ply" count="4439"/>
  <projections camera_id="32" path="p32.ply" count="4229"/>
  <projections camera_id="33" path="p33.ply" count="4112"/>
  <projections camera_id="34" path="p34.ply" count="4639"/>
  <projections camera_id="35" path="p35.ply" count="4506"/>
  <projections camera_id="36" path="p36.ply" count="3089"/>
  <projections camera_id="37" path="p37.ply" count="4351"/>
  <projections camera_id="38" path="p38.ply" count="4654"/>
  <projections camera_id="39" path="p39.ply" count="5278"/>
  <meta>
    <property name="Info/LastSavedDateTime" value="2019:12:22 03:32:35"/>
    <property name="Info/LastSavedSoftwareVersion" value="1.5.5.9097"/>
    <property name="Info/OriginalDateTime" value="2019:12:20 20:25:15"/>
    <property name="Info/OriginalSoftwareVersion" value="1.5.5.9097"/>
    <property name="MatchPhotos/downscale" value="0"/>
    <property name="MatchPhotos/duration" value="25.431"/>
    <property name="MatchPhotos/keypoint_limit" value="80000"/>
    <property name="MatchPhotos/max_workgroup_size" value="100"/>
    <property name="MatchPhotos/network_distribute" value="true"/>
    <property name="MatchPhotos/preselection_generic" value="true"/>
    <property name="MatchPhotos/reset_matches" value="false"/>
    <property name="MatchPhotos/store_keypoints" value="false"/>
    <property name="MatchPhotos/tiepoint_limit" value="8000"/>
    <property name="MatchPhotos/workitem_size_cameras" value="20"/>
    <property name="MatchPhotos/workitem_size_pairs" value="80"/>
  </meta>
</point_cloud>
