<?xml version="1.0" encoding="UTF-8"?>
<frame version="1.2.0">
  <cameras>
    <camera camera_id="0">
      <photo path="../../../972/101.jpg">
        <meta>
          <property name="File/ImageHeight" value="972"/>
          <property name="File/ImageWidth" value="1296"/>
          <property name="System/FileModifyDate" value="2019:12:02 14:30:44"/>
          <property name="System/FileSize" value="170269"/>
        </meta>
      </photo>
    </camera>
    <camera camera_id="1">
      <photo path="../../../972/102.jpg">
        <meta>
          <property name="File/ImageHeight" value="972"/>
          <property name="File/ImageWidth" value="1296"/>
          <property name="System/FileModifyDate" value="2019:12:02 14:30:45"/>
          <property name="System/FileSize" value="197541"/>
        </meta>
      </photo>
    </camera>
    <camera camera_id="2">
      <photo path="../../../972/103.jpg">
        <meta>
          <property name="File/ImageHeight" value="972"/>
          <property name="File/ImageWidth" value="1296"/>
          <property name="System/FileModifyDate" value="2019:12:02 14:30:45"/>
          <property name="System/FileSize" value="215804"/>
        </meta>
      </photo>
    </camera>
    <camera camera_id="3">
      <photo path="../../../972/104.jpg">
        <meta>
          <property name="File/ImageHeight" value="972"/>
          <property name="File/ImageWidth" value="1296"/>
          <property name="System/FileModifyDate" value="2019:12:02 14:30:45"/>
          <property name="System/FileSize" value="166513"/>
        </meta>
      </photo>
    </camera>
    <camera camera_id="4">
      <photo path="../../../972/105.jpg">
        <meta>
          <property name="File/ImageHeight" value="972"/>
          <property name="File/ImageWidth" value="1296"/>
          <property name="System/FileModifyDate" value="2019:12:02 14:30:45"/>
          <property name="System/FileSize" value="191666"/>
        </meta>
      </photo>
    </camera>
    <camera camera_id="5">
      <photo path="../../../972/106.jpg">
        <meta>
          <property name="File/ImageHeight" value="972"/>
          <property name="File/ImageWidth" value="1296"/>
          <property name="System/FileModifyDate" value="2019:12:02 14:30:45"/>
          <property name="System/FileSize" value="170976"/>
        </meta>
      </photo>
    </camera>
    <camera camera_id="6">
      <photo path="../../../972/107.jpg">
        <meta>
          <property name="File/ImageHeight" value="972"/>
          <property name="File/ImageWidth" value="1296"/>
          <property name="System/FileModifyDate" value="2019:12:02 14:30:46"/>
          <property name="System/FileSize" value="207538"/>
        </meta>
      </photo>
    </camera>
    <camera camera_id="7">
      <photo path="../../../972/108.jpg">
        <meta>
          <property name="File/ImageHeight" value="972"/>
          <property name="File/ImageWidth" value="1296"/>
          <property name="System/FileModifyDate" value="2019:12:02 14:30:46"/>
          <property name="System/FileSize" value="216732"/>
        </meta>
      </photo>
    </camera>
    <camera camera_id="8">
      <photo path="../../../972/109.jpg">
        <meta>
          <property name="File/ImageHeight" value="972"/>
          <property name="File/ImageWidth" value="1296"/>
          <property name="System/FileModifyDate" value="2019:12:02 14:30:46"/>
          <property name="System/FileSize" value="169916"/>
        </meta>
      </photo>
    </camera>
    <camera camera_id="9">
      <photo path="../../../972/110.jpg">
        <meta>
          <property name="File/ImageHeight" value="972"/>
          <property name="File/ImageWidth" value="1296"/>
          <property name="System/FileModifyDate" value="2019:12:02 14:30:46"/>
          <property name="System/FileSize" value="191342"/>
        </meta>
      </photo>
    </camera>
    <camera camera_id="10">
      <photo path="../../../972/111.jpg">
        <meta>
          <property name="File/ImageHeight" value="972"/>
          <property name="File/ImageWidth" value="1296"/>
          <property name="System/FileModifyDate" value="2019:12:02 14:30:46"/>
          <property name="System/FileSize" value="185676"/>
        </meta>
      </photo>
    </camera>
    <camera camera_id="11">
      <photo path="../../../972/112.jpg">
        <meta>
          <property name="File/ImageHeight" value="972"/>
          <property name="File/ImageWidth" value="1296"/>
          <property name="System/FileModifyDate" value="2019:12:02 14:30:47"/>
          <property name="System/FileSize" value="171991"/>
        </meta>
      </photo>
    </camera>
    <camera camera_id="12">
      <photo path="../../../972/113.jpg">
        <meta>
          <property name="File/ImageHeight" value="972"/>
          <property name="File/ImageWidth" value="1296"/>
          <property name="System/FileModifyDate" value="2019:12:02 14:30:47"/>
          <property name="System/FileSize" value="177922"/>
        </meta>
      </photo>
    </camera>
    <camera camera_id="13">
      <photo path="../../../972/114.jpg">
        <meta>
          <property name="File/ImageHeight" value="972"/>
          <property name="File/ImageWidth" value="1296"/>
          <property name="System/FileModifyDate" value="2019:12:02 14:30:47"/>
          <property name="System/FileSize" value="158920"/>
        </meta>
      </photo>
    </camera>
    <camera camera_id="14">
      <photo path="../../../972/115.jpg">
        <meta>
          <property name="File/ImageHeight" value="972"/>
          <property name="File/ImageWidth" value="1296"/>
          <property name="System/FileModifyDate" value="2019:12:02 14:30:47"/>
          <property name="System/FileSize" value="192570"/>
        </meta>
      </photo>
    </camera>
    <camera camera_id="15">
      <photo path="../../../972/116.jpg">
        <meta>
          <property name="File/ImageHeight" value="972"/>
          <property name="File/ImageWidth" value="1296"/>
          <property name="System/FileModifyDate" value="2019:12:02 14:30:47"/>
          <property name="System/FileSize" value="158659"/>
        </meta>
      </photo>
    </camera>
    <camera camera_id="16">
      <photo path="../../../972/117.jpg">
        <meta>
          <property name="File/ImageHeight" value="972"/>
          <property name="File/ImageWidth" value="1296"/>
          <property name="System/FileModifyDate" value="2019:12:02 14:30:47"/>
          <property name="System/FileSize" value="163311"/>
        </meta>
      </photo>
    </camera>
    <camera camera_id="17">
      <photo path="../../../972/118.jpg">
        <meta>
          <property name="File/ImageHeight" value="972"/>
          <property name="File/ImageWidth" value="1296"/>
          <property name="System/FileModifyDate" value="2019:12:02 14:30:48"/>
          <property name="System/FileSize" value="168585"/>
        </meta>
      </photo>
    </camera>
    <camera camera_id="18">
      <photo path="../../../972/119.jpg">
        <meta>
          <property name="File/ImageHeight" value="972"/>
          <property name="File/ImageWidth" value="1296"/>
          <property name="System/FileModifyDate" value="2019:12:02 14:30:48"/>
          <property name="System/FileSize" value="171347"/>
        </meta>
      </photo>
    </camera>
    <camera camera_id="19">
      <photo path="../../../972/121.jpg">
        <meta>
          <property name="File/ImageHeight" value="972"/>
          <property name="File/ImageWidth" value="1296"/>
          <property name="System/FileModifyDate" value="2019:12:02 14:30:48"/>
          <property name="System/FileSize" value="147003"/>
        </meta>
      </photo>
    </camera>
    <camera camera_id="20">
      <photo path="../../../972/122.jpg">
        <meta>
          <property name="File/ImageHeight" value="972"/>
          <property name="File/ImageWidth" value="1296"/>
          <property name="System/FileModifyDate" value="2019:12:02 14:30:48"/>
          <property name="System/FileSize" value="148861"/>
        </meta>
      </photo>
    </camera>
    <camera camera_id="21">
      <photo path="../../../972/123.jpg">
        <meta>
          <property name="File/ImageHeight" value="972"/>
          <property name="File/ImageWidth" value="1296"/>
          <property name="System/FileModifyDate" value="2019:12:02 14:30:48"/>
          <property name="System/FileSize" value="158263"/>
        </meta>
      </photo>
    </camera>
    <camera camera_id="22">
      <photo path="../../../972/124.jpg">
        <meta>
          <property name="File/ImageHeight" value="972"/>
          <property name="File/ImageWidth" value="1296"/>
          <property name="System/FileModifyDate" value="2019:12:02 14:30:48"/>
          <property name="System/FileSize" value="140281"/>
        </meta>
      </photo>
    </camera>
    <camera camera_id="23">
      <photo path="../../../972/125.jpg">
        <meta>
          <property name="File/ImageHeight" value="972"/>
          <property name="File/ImageWidth" value="1296"/>
          <property name="System/FileModifyDate" value="2019:12:02 14:30:49"/>
          <property name="System/FileSize" value="158670"/>
        </meta>
      </photo>
    </camera>
    <camera camera_id="24">
      <photo path="../../../972/126.jpg">
        <meta>
          <property name="File/ImageHeight" value="972"/>
          <property name="File/ImageWidth" value="1296"/>
          <property name="System/FileModifyDate" value="2019:12:02 14:30:49"/>
          <property name="System/FileSize" value="159001"/>
        </meta>
      </photo>
    </camera>
    <camera camera_id="25">
      <photo path="../../../972/127.jpg">
        <meta>
          <property name="File/ImageHeight" value="972"/>
          <property name="File/ImageWidth" value="1296"/>
          <property name="System/FileModifyDate" value="2019:12:02 14:30:49"/>
          <property name="System/FileSize" value="168451"/>
        </meta>
      </photo>
    </camera>
    <camera camera_id="26">
      <photo path="../../../972/128.jpg">
        <meta>
          <property name="File/ImageHeight" value="972"/>
          <property name="File/ImageWidth" value="1296"/>
          <property name="System/FileModifyDate" value="2019:12:02 14:30:49"/>
          <property name="System/FileSize" value="162099"/>
        </meta>
      </photo>
    </camera>
    <camera camera_id="27">
      <photo path="../../../972/129.jpg">
        <meta>
          <property name="File/ImageHeight" value="972"/>
          <property name="File/ImageWidth" value="1296"/>
          <property name="System/FileModifyDate" value="2019:12:02 14:30:49"/>
          <property name="System/FileSize" value="151992"/>
        </meta>
      </photo>
    </camera>
    <camera camera_id="28">
      <photo path="../../../972/130.jpg">
        <meta>
          <property name="File/ImageHeight" value="972"/>
          <property name="File/ImageWidth" value="1296"/>
          <property name="System/FileModifyDate" value="2019:12:02 14:30:49"/>
          <property name="System/FileSize" value="159217"/>
        </meta>
      </photo>
    </camera>
    <camera camera_id="29">
      <photo path="../../../972/131.jpg">
        <meta>
          <property name="File/ImageHeight" value="972"/>
          <property name="File/ImageWidth" value="1296"/>
          <property name="System/FileModifyDate" value="2019:12:02 14:30:50"/>
          <property name="System/FileSize" value="172048"/>
        </meta>
      </photo>
    </camera>
    <camera camera_id="30">
      <photo path="../../../972/132.jpg">
        <meta>
          <property name="File/ImageHeight" value="972"/>
          <property name="File/ImageWidth" value="1296"/>
          <property name="System/FileModifyDate" value="2019:12:02 14:30:50"/>
          <property name="System/FileSize" value="177419"/>
        </meta>
      </photo>
    </camera>
    <camera camera_id="31">
      <photo path="../../../972/133.jpg">
        <meta>
          <property name="File/ImageHeight" value="972"/>
          <property name="File/ImageWidth" value="1296"/>
          <property name="System/FileModifyDate" value="2019:12:02 14:30:50"/>
          <property name="System/FileSize" value="163575"/>
        </meta>
      </photo>
    </camera>
    <camera camera_id="32">
      <photo path="../../../972/134.jpg">
        <meta>
          <property name="File/ImageHeight" value="972"/>
          <property name="File/ImageWidth" value="1296"/>
          <property name="System/FileModifyDate" value="2019:12:02 14:30:50"/>
          <property name="System/FileSize" value="153634"/>
        </meta>
      </photo>
    </camera>
    <camera camera_id="33">
      <photo path="../../../972/135.jpg">
        <meta>
          <property name="File/ImageHeight" value="972"/>
          <property name="File/ImageWidth" value="1296"/>
          <property name="System/FileModifyDate" value="2019:12:02 14:30:50"/>
          <property name="System/FileSize" value="174416"/>
        </meta>
      </photo>
    </camera>
    <camera camera_id="34">
      <photo path="../../../972/136.jpg">
        <meta>
          <property name="File/ImageHeight" value="972"/>
          <property name="File/ImageWidth" value="1296"/>
          <property name="System/FileModifyDate" value="2019:12:02 14:30:50"/>
          <property name="System/FileSize" value="163267"/>
        </meta>
      </photo>
    </camera>
    <camera camera_id="35">
      <photo path="../../../972/137.jpg">
        <meta>
          <property name="File/ImageHeight" value="972"/>
          <property name="File/ImageWidth" value="1296"/>
          <property name="System/FileModifyDate" value="2019:12:02 14:30:51"/>
          <property name="System/FileSize" value="170767"/>
        </meta>
      </photo>
    </camera>
    <camera camera_id="36">
      <photo path="../../../972/138.jpg">
        <meta>
          <property name="File/ImageHeight" value="972"/>
          <property name="File/ImageWidth" value="1296"/>
          <property name="System/FileModifyDate" value="2019:12:02 14:30:51"/>
          <property name="System/FileSize" value="173816"/>
        </meta>
      </photo>
    </camera>
    <camera camera_id="37">
      <photo path="../../../972/139.jpg">
        <meta>
          <property name="File/ImageHeight" value="972"/>
          <property name="File/ImageWidth" value="1296"/>
          <property name="System/FileModifyDate" value="2019:12:02 14:30:51"/>
          <property name="System/FileSize" value="147894"/>
        </meta>
      </photo>
    </camera>
    <camera camera_id="38">
      <photo path="../../../972/141.jpg">
        <meta>
          <property name="File/ImageHeight" value="972"/>
          <property name="File/ImageWidth" value="1296"/>
          <property name="System/FileModifyDate" value="2019:12:02 14:30:51"/>
          <property name="System/FileSize" value="159678"/>
        </meta>
      </photo>
    </camera>
    <camera camera_id="39">
      <photo path="../../../972/142.jpg">
        <meta>
          <property name="File/ImageHeight" value="972"/>
          <property name="File/ImageWidth" value="1296"/>
          <property name="System/FileModifyDate" value="2019:12:02 14:30:51"/>
          <property name="System/FileSize" value="152506"/>
        </meta>
      </photo>
    </camera>
    <camera camera_id="40">
      <photo path="../../../972/143.jpg">
        <meta>
          <property name="File/ImageHeight" value="972"/>
          <property name="File/ImageWidth" value="1296"/>
          <property name="System/FileModifyDate" value="2019:12:02 14:30:51"/>
          <property name="System/FileSize" value="168288"/>
        </meta>
      </photo>
    </camera>
    <camera camera_id="41">
      <photo path="../../../972/144.jpg">
        <meta>
          <property name="File/ImageHeight" value="972"/>
          <property name="File/ImageWidth" value="1296"/>
          <property name="System/FileModifyDate" value="2019:12:02 14:30:52"/>
          <property name="System/FileSize" value="158664"/>
        </meta>
      </photo>
    </camera>
    <camera camera_id="42">
      <photo path="../../../972/145.jpg">
        <meta>
          <property name="File/ImageHeight" value="972"/>
          <property name="File/ImageWidth" value="1296"/>
          <property name="System/FileModifyDate" value="2019:12:02 14:30:52"/>
          <property name="System/FileSize" value="161895"/>
        </meta>
      </photo>
    </camera>
    <camera camera_id="43">
      <photo path="../../../972/146.jpg">
        <meta>
          <property name="File/ImageHeight" value="972"/>
          <property name="File/ImageWidth" value="1296"/>
          <property name="System/FileModifyDate" value="2019:12:02 14:30:52"/>
          <property name="System/FileSize" value="150771"/>
        </meta>
      </photo>
    </camera>
    <camera camera_id="44">
      <photo path="../../../972/147.jpg">
        <meta>
          <property name="File/ImageHeight" value="972"/>
          <property name="File/ImageWidth" value="1296"/>
          <property name="System/FileModifyDate" value="2019:12:02 14:30:52"/>
          <property name="System/FileSize" value="191479"/>
        </meta>
      </photo>
    </camera>
    <camera camera_id="45">
      <photo path="../../../972/148.jpg">
        <meta>
          <property name="File/ImageHeight" value="972"/>
          <property name="File/ImageWidth" value="1296"/>
          <property name="System/FileModifyDate" value="2019:12:02 14:30:52"/>
          <property name="System/FileSize" value="192065"/>
        </meta>
      </photo>
    </camera>
    <camera camera_id="46">
      <photo path="../../../972/149.jpg">
        <meta>
          <property name="File/ImageHeight" value="972"/>
          <property name="File/ImageWidth" value="1296"/>
          <property name="System/FileModifyDate" value="2019:12:02 14:30:52"/>
          <property name="System/FileSize" value="168157"/>
        </meta>
      </photo>
    </camera>
    <camera camera_id="47">
      <photo path="../../../972/150.jpg">
        <meta>
          <property name="File/ImageHeight" value="972"/>
          <property name="File/ImageWidth" value="1296"/>
          <property name="System/FileModifyDate" value="2019:12:02 14:30:53"/>
          <property name="System/FileSize" value="172320"/>
        </meta>
      </photo>
    </camera>
    <camera camera_id="48">
      <photo path="../../../972/151.jpg">
        <meta>
          <property name="File/ImageHeight" value="972"/>
          <property name="File/ImageWidth" value="1296"/>
          <property name="System/FileModifyDate" value="2019:12:02 14:30:53"/>
          <property name="System/FileSize" value="160476"/>
        </meta>
      </photo>
    </camera>
    <camera camera_id="49">
      <photo path="../../../972/152.jpg">
        <meta>
          <property name="File/ImageHeight" value="972"/>
          <property name="File/ImageWidth" value="1296"/>
          <property name="System/FileModifyDate" value="2019:12:02 14:30:53"/>
          <property name="System/FileSize" value="194207"/>
        </meta>
      </photo>
    </camera>
    <camera camera_id="50">
      <photo path="../../../972/153.jpg">
        <meta>
          <property name="File/ImageHeight" value="972"/>
          <property name="File/ImageWidth" value="1296"/>
          <property name="System/FileModifyDate" value="2019:12:02 14:30:53"/>
          <property name="System/FileSize" value="206495"/>
        </meta>
      </photo>
    </camera>
    <camera camera_id="51">
      <photo path="../../../972/154.jpg">
        <meta>
          <property name="File/ImageHeight" value="972"/>
          <property name="File/ImageWidth" value="1296"/>
          <property name="System/FileModifyDate" value="2019:12:02 14:30:53"/>
          <property name="System/FileSize" value="182189"/>
        </meta>
      </photo>
    </camera>
    <camera camera_id="52">
      <photo path="../../../972/155.jpg">
        <meta>
          <property name="File/ImageHeight" value="972"/>
          <property name="File/ImageWidth" value="1296"/>
          <property name="System/FileModifyDate" value="2019:12:02 14:30:53"/>
          <property name="System/FileSize" value="182191"/>
        </meta>
      </photo>
    </camera>
    <camera camera_id="53">
      <photo path="../../../972/156.jpg">
        <meta>
          <property name="File/ImageHeight" value="972"/>
          <property name="File/ImageWidth" value="1296"/>
          <property name="System/FileModifyDate" value="2019:12:02 14:30:54"/>
          <property name="System/FileSize" value="165482"/>
        </meta>
      </photo>
    </camera>
    <camera camera_id="54">
      <photo path="../../../972/157.jpg">
        <meta>
          <property name="File/ImageHeight" value="972"/>
          <property name="File/ImageWidth" value="1296"/>
          <property name="System/FileModifyDate" value="2019:12:02 14:30:54"/>
          <property name="System/FileSize" value="175497"/>
        </meta>
      </photo>
    </camera>
    <camera camera_id="55">
      <photo path="../../../972/158.jpg">
        <meta>
          <property name="File/ImageHeight" value="972"/>
          <property name="File/ImageWidth" value="1296"/>
          <property name="System/FileModifyDate" value="2019:12:02 14:30:54"/>
          <property name="System/FileSize" value="197613"/>
        </meta>
      </photo>
    </camera>
    <camera camera_id="56">
      <photo path="../../../972/159.jpg">
        <meta>
          <property name="File/ImageHeight" value="972"/>
          <property name="File/ImageWidth" value="1296"/>
          <property name="System/FileModifyDate" value="2019:12:02 14:30:54"/>
          <property name="System/FileSize" value="159704"/>
        </meta>
      </photo>
    </camera>
    <camera camera_id="57">
      <photo path="../../../972/160.jpg">
        <meta>
          <property name="File/ImageHeight" value="972"/>
          <property name="File/ImageWidth" value="1296"/>
          <property name="System/FileModifyDate" value="2019:12:02 14:30:54"/>
          <property name="System/FileSize" value="162401"/>
        </meta>
      </photo>
    </camera>
    <camera camera_id="58">
      <photo path="../../../972/161.jpg">
        <meta>
          <property name="File/ImageHeight" value="972"/>
          <property name="File/ImageWidth" value="1296"/>
          <property name="System/FileModifyDate" value="2019:12:02 14:30:54"/>
          <property name="System/FileSize" value="163547"/>
        </meta>
      </photo>
    </camera>
    <camera camera_id="59">
      <photo path="../../../972/162.jpg">
        <meta>
          <property name="File/ImageHeight" value="972"/>
          <property name="File/ImageWidth" value="1296"/>
          <property name="System/FileModifyDate" value="2019:12:02 14:30:55"/>
          <property name="System/FileSize" value="180102"/>
        </meta>
      </photo>
    </camera>
    <camera camera_id="60">
      <photo path="../../../972/163.jpg">
        <meta>
          <property name="File/ImageHeight" value="972"/>
          <property name="File/ImageWidth" value="1296"/>
          <property name="System/FileModifyDate" value="2019:12:02 14:30:55"/>
          <property name="System/FileSize" value="193050"/>
        </meta>
      </photo>
    </camera>
    <camera camera_id="61">
      <photo path="../../../972/164.jpg">
        <meta>
          <property name="File/ImageHeight" value="972"/>
          <property name="File/ImageWidth" value="1296"/>
          <property name="System/FileModifyDate" value="2019:12:02 14:30:55"/>
          <property name="System/FileSize" value="151328"/>
        </meta>
      </photo>
    </camera>
    <camera camera_id="62">
      <photo path="../../../972/165.jpg">
        <meta>
          <property name="File/ImageHeight" value="972"/>
          <property name="File/ImageWidth" value="1296"/>
          <property name="System/FileModifyDate" value="2019:12:02 14:30:55"/>
          <property name="System/FileSize" value="175467"/>
        </meta>
      </photo>
    </camera>
    <camera camera_id="63">
      <photo path="../../../972/166.jpg">
        <meta>
          <property name="File/ImageHeight" value="972"/>
          <property name="File/ImageWidth" value="1296"/>
          <property name="System/FileModifyDate" value="2019:12:02 14:30:55"/>
          <property name="System/FileSize" value="157554"/>
        </meta>
      </photo>
    </camera>
    <camera camera_id="64">
      <photo path="../../../972/167.jpg">
        <meta>
          <property name="File/ImageHeight" value="972"/>
          <property name="File/ImageWidth" value="1296"/>
          <property name="System/FileModifyDate" value="2019:12:02 14:30:56"/>
          <property name="System/FileSize" value="175945"/>
        </meta>
      </photo>
    </camera>
    <camera camera_id="65">
      <photo path="../../../972/168.jpg">
        <meta>
          <property name="File/ImageHeight" value="972"/>
          <property name="File/ImageWidth" value="1296"/>
          <property name="System/FileModifyDate" value="2019:12:02 14:30:56"/>
          <property name="System/FileSize" value="178967"/>
        </meta>
      </photo>
    </camera>
    <camera camera_id="66">
      <photo path="../../../972/169.jpg">
        <meta>
          <property name="File/ImageHeight" value="972"/>
          <property name="File/ImageWidth" value="1296"/>
          <property name="System/FileModifyDate" value="2019:12:02 14:30:56"/>
          <property name="System/FileSize" value="147422"/>
        </meta>
      </photo>
    </camera>
    <camera camera_id="67">
      <photo path="../../../972/170.jpg">
        <meta>
          <property name="File/ImageHeight" value="972"/>
          <property name="File/ImageWidth" value="1296"/>
          <property name="System/FileModifyDate" value="2019:12:02 14:30:56"/>
          <property name="System/FileSize" value="146848"/>
        </meta>
      </photo>
    </camera>
    <camera camera_id="68">
      <photo path="../../../972/171.jpg">
        <meta>
          <property name="File/ImageHeight" value="972"/>
          <property name="File/ImageWidth" value="1296"/>
          <property name="System/FileModifyDate" value="2019:12:02 14:30:56"/>
          <property name="System/FileSize" value="167661"/>
        </meta>
      </photo>
    </camera>
    <camera camera_id="69">
      <photo path="../../../972/172.jpg">
        <meta>
          <property name="File/ImageHeight" value="972"/>
          <property name="File/ImageWidth" value="1296"/>
          <property name="System/FileModifyDate" value="2019:12:02 14:30:56"/>
          <property name="System/FileSize" value="163775"/>
        </meta>
      </photo>
    </camera>
    <camera camera_id="70">
      <photo path="../../../972/173.jpg">
        <meta>
          <property name="File/ImageHeight" value="972"/>
          <property name="File/ImageWidth" value="1296"/>
          <property name="System/FileModifyDate" value="2019:12:02 14:30:57"/>
          <property name="System/FileSize" value="170840"/>
        </meta>
      </photo>
    </camera>
    <camera camera_id="71">
      <photo path="../../../972/174.jpg">
        <meta>
          <property name="File/ImageHeight" value="972"/>
          <property name="File/ImageWidth" value="1296"/>
          <property name="System/FileModifyDate" value="2019:12:02 14:30:57"/>
          <property name="System/FileSize" value="158806"/>
        </meta>
      </photo>
    </camera>
    <camera camera_id="72">
      <photo path="../../../972/175.jpg">
        <meta>
          <property name="File/ImageHeight" value="972"/>
          <property name="File/ImageWidth" value="1296"/>
          <property name="System/FileModifyDate" value="2019:12:02 14:30:57"/>
          <property name="System/FileSize" value="139873"/>
        </meta>
      </photo>
    </camera>
    <camera camera_id="73">
      <photo path="../../../972/176.jpg">
        <meta>
          <property name="File/ImageHeight" value="972"/>
          <property name="File/ImageWidth" value="1296"/>
          <property name="System/FileModifyDate" value="2019:12:02 14:30:57"/>
          <property name="System/FileSize" value="166279"/>
        </meta>
      </photo>
    </camera>
    <camera camera_id="74">
      <photo path="../../../972/177.jpg">
        <meta>
          <property name="File/ImageHeight" value="972"/>
          <property name="File/ImageWidth" value="1296"/>
          <property name="System/FileModifyDate" value="2019:12:02 14:30:57"/>
          <property name="System/FileSize" value="177971"/>
        </meta>
      </photo>
    </camera>
    <camera camera_id="75">
      <photo path="../../../972/178.jpg">
        <meta>
          <property name="File/ImageHeight" value="972"/>
          <property name="File/ImageWidth" value="1296"/>
          <property name="System/FileModifyDate" value="2019:12:02 14:30:57"/>
          <property name="System/FileSize" value="177016"/>
        </meta>
      </photo>
    </camera>
    <camera camera_id="76">
      <photo path="../../../972/179.jpg">
        <meta>
          <property name="File/ImageHeight" value="972"/>
          <property name="File/ImageWidth" value="1296"/>
          <property name="System/FileModifyDate" value="2019:12:02 14:30:57"/>
          <property name="System/FileSize" value="141255"/>
        </meta>
      </photo>
    </camera>
    <camera camera_id="77">
      <photo path="../../../972/181.jpg">
        <meta>
          <property name="File/ImageHeight" value="972"/>
          <property name="File/ImageWidth" value="1296"/>
          <property name="System/FileModifyDate" value="2019:12:02 14:30:58"/>
          <property name="System/FileSize" value="168741"/>
        </meta>
      </photo>
    </camera>
    <camera camera_id="78">
      <photo path="../../../972/182.jpg">
        <meta>
          <property name="File/ImageHeight" value="972"/>
          <property name="File/ImageWidth" value="1296"/>
          <property name="System/FileModifyDate" value="2019:12:02 14:30:58"/>
          <property name="System/FileSize" value="159595"/>
        </meta>
      </photo>
    </camera>
    <camera camera_id="79">
      <photo path="../../../972/183.jpg">
        <meta>
          <property name="File/ImageHeight" value="972"/>
          <property name="File/ImageWidth" value="1296"/>
          <property name="System/FileModifyDate" value="2019:12:02 14:30:58"/>
          <property name="System/FileSize" value="174967"/>
        </meta>
      </photo>
    </camera>
    <camera camera_id="80">
      <photo path="../../../972/184.jpg">
        <meta>
          <property name="File/ImageHeight" value="972"/>
          <property name="File/ImageWidth" value="1296"/>
          <property name="System/FileModifyDate" value="2019:12:02 14:30:58"/>
          <property name="System/FileSize" value="154353"/>
        </meta>
      </photo>
    </camera>
    <camera camera_id="81">
      <photo path="../../../972/185.jpg">
        <meta>
          <property name="File/ImageHeight" value="972"/>
          <property name="File/ImageWidth" value="1296"/>
          <property name="System/FileModifyDate" value="2019:12:02 14:30:58"/>
          <property name="System/FileSize" value="169938"/>
        </meta>
      </photo>
    </camera>
    <camera camera_id="82">
      <photo path="../../../972/186.jpg">
        <meta>
          <property name="File/ImageHeight" value="972"/>
          <property name="File/ImageWidth" value="1296"/>
          <property name="System/FileModifyDate" value="2019:12:02 14:30:58"/>
          <property name="System/FileSize" value="134783"/>
        </meta>
      </photo>
    </camera>
    <camera camera_id="83">
      <photo path="../../../972/187.jpg">
        <meta>
          <property name="File/ImageHeight" value="972"/>
          <property name="File/ImageWidth" value="1296"/>
          <property name="System/FileModifyDate" value="2019:12:02 14:30:59"/>
          <property name="System/FileSize" value="163710"/>
        </meta>
      </photo>
    </camera>
    <camera camera_id="84">
      <photo path="../../../972/188.jpg">
        <meta>
          <property name="File/ImageHeight" value="972"/>
          <property name="File/ImageWidth" value="1296"/>
          <property name="System/FileModifyDate" value="2019:12:02 14:30:59"/>
          <property name="System/FileSize" value="162233"/>
        </meta>
      </photo>
    </camera>
    <camera camera_id="85">
      <photo path="../../../972/189.jpg">
        <meta>
          <property name="File/ImageHeight" value="972"/>
          <property name="File/ImageWidth" value="1296"/>
          <property name="System/FileModifyDate" value="2019:12:02 14:30:59"/>
          <property name="System/FileSize" value="151579"/>
        </meta>
      </photo>
    </camera>
    <camera camera_id="86">
      <photo path="../../../972/190.jpg">
        <meta>
          <property name="File/ImageHeight" value="972"/>
          <property name="File/ImageWidth" value="1296"/>
          <property name="System/FileModifyDate" value="2019:12:02 14:30:59"/>
          <property name="System/FileSize" value="165612"/>
        </meta>
      </photo>
    </camera>
    <camera camera_id="87">
      <photo path="../../../972/191.jpg">
        <meta>
          <property name="File/ImageHeight" value="972"/>
          <property name="File/ImageWidth" value="1296"/>
          <property name="System/FileModifyDate" value="2019:12:02 14:30:59"/>
          <property name="System/FileSize" value="150853"/>
        </meta>
      </photo>
    </camera>
    <camera camera_id="88">
      <photo path="../../../972/192.jpg">
        <meta>
          <property name="File/ImageHeight" value="972"/>
          <property name="File/ImageWidth" value="1296"/>
          <property name="System/FileModifyDate" value="2019:12:02 14:30:59"/>
          <property name="System/FileSize" value="151280"/>
        </meta>
      </photo>
    </camera>
    <camera camera_id="89">
      <photo path="../../../972/193.jpg">
        <meta>
          <property name="File/ImageHeight" value="972"/>
          <property name="File/ImageWidth" value="1296"/>
          <property name="System/FileModifyDate" value="2019:12:02 14:31:00"/>
          <property name="System/FileSize" value="157819"/>
        </meta>
      </photo>
    </camera>
    <camera camera_id="90">
      <photo path="../../../972/194.jpg">
        <meta>
          <property name="File/ImageHeight" value="972"/>
          <property name="File/ImageWidth" value="1296"/>
          <property name="System/FileModifyDate" value="2019:12:02 14:31:00"/>
          <property name="System/FileSize" value="142712"/>
        </meta>
      </photo>
    </camera>
    <camera camera_id="91">
      <photo path="../../../972/195.jpg">
        <meta>
          <property name="File/ImageHeight" value="972"/>
          <property name="File/ImageWidth" value="1296"/>
          <property name="System/FileModifyDate" value="2019:12:02 14:31:00"/>
          <property name="System/FileSize" value="149726"/>
        </meta>
      </photo>
    </camera>
    <camera camera_id="92">
      <photo path="../../../972/196.jpg">
        <meta>
          <property name="File/ImageHeight" value="972"/>
          <property name="File/ImageWidth" value="1296"/>
          <property name="System/FileModifyDate" value="2019:12:02 14:31:00"/>
          <property name="System/FileSize" value="159877"/>
        </meta>
      </photo>
    </camera>
    <camera camera_id="93">
      <photo path="../../../972/198.jpg">
        <meta>
          <property name="File/ImageHeight" value="972"/>
          <property name="File/ImageWidth" value="1296"/>
          <property name="System/FileModifyDate" value="2019:12:02 14:31:00"/>
          <property name="System/FileSize" value="178021"/>
        </meta>
      </photo>
    </camera>
    <camera camera_id="94">
      <photo path="../../../972/199.jpg">
        <meta>
          <property name="File/ImageHeight" value="972"/>
          <property name="File/ImageWidth" value="1296"/>
          <property name="System/FileModifyDate" value="2019:12:02 14:31:00"/>
          <property name="System/FileSize" value="159403"/>
        </meta>
      </photo>
    </camera>
    <camera camera_id="95">
      <photo path="../../../972/201.jpg">
        <meta>
          <property name="File/ImageHeight" value="972"/>
          <property name="File/ImageWidth" value="1296"/>
          <property name="System/FileModifyDate" value="2019:12:02 14:31:01"/>
          <property name="System/FileSize" value="162251"/>
        </meta>
      </photo>
    </camera>
    <camera camera_id="96">
      <photo path="../../../972/202.jpg">
        <meta>
          <property name="File/ImageHeight" value="972"/>
          <property name="File/ImageWidth" value="1296"/>
          <property name="System/FileModifyDate" value="2019:12:02 14:31:01"/>
          <property name="System/FileSize" value="169822"/>
        </meta>
      </photo>
    </camera>
    <camera camera_id="97">
      <photo path="../../../972/203.jpg">
        <meta>
          <property name="File/ImageHeight" value="972"/>
          <property name="File/ImageWidth" value="1296"/>
          <property name="System/FileModifyDate" value="2019:12:02 14:31:01"/>
          <property name="System/FileSize" value="180485"/>
        </meta>
      </photo>
    </camera>
    <camera camera_id="98">
      <photo path="../../../972/204.jpg">
        <meta>
          <property name="File/ImageHeight" value="972"/>
          <property name="File/ImageWidth" value="1296"/>
          <property name="System/FileModifyDate" value="2019:12:02 14:31:01"/>
          <property name="System/FileSize" value="167163"/>
        </meta>
      </photo>
    </camera>
    <camera camera_id="99">
      <photo path="../../../972/205.jpg">
        <meta>
          <property name="File/ImageHeight" value="972"/>
          <property name="File/ImageWidth" value="1296"/>
          <property name="System/FileModifyDate" value="2019:12:02 14:31:01"/>
          <property name="System/FileSize" value="172771"/>
        </meta>
      </photo>
    </camera>
    <camera camera_id="100">
      <photo path="../../../972/206.jpg">
        <meta>
          <property name="File/ImageHeight" value="972"/>
          <property name="File/ImageWidth" value="1296"/>
          <property name="System/FileModifyDate" value="2019:12:02 14:31:02"/>
          <property name="System/FileSize" value="153519"/>
        </meta>
      </photo>
    </camera>
    <camera camera_id="101">
      <photo path="../../../972/207.jpg">
        <meta>
          <property name="File/ImageHeight" value="972"/>
          <property name="File/ImageWidth" value="1296"/>
          <property name="System/FileModifyDate" value="2019:12:02 14:31:02"/>
          <property name="System/FileSize" value="173869"/>
        </meta>
      </photo>
    </camera>
    <camera camera_id="102">
      <photo path="../../../972/208.jpg">
        <meta>
          <property name="File/ImageHeight" value="972"/>
          <property name="File/ImageWidth" value="1296"/>
          <property name="System/FileModifyDate" value="2019:12:02 14:31:02"/>
          <property name="System/FileSize" value="208103"/>
        </meta>
      </photo>
    </camera>
    <camera camera_id="103">
      <photo path="../../../972/209.jpg">
        <meta>
          <property name="File/ImageHeight" value="972"/>
          <property name="File/ImageWidth" value="1296"/>
          <property name="System/FileModifyDate" value="2019:12:02 14:31:02"/>
          <property name="System/FileSize" value="159309"/>
        </meta>
      </photo>
    </camera>
    <camera camera_id="104">
      <photo path="../../../972/210.jpg">
        <meta>
          <property name="File/ImageHeight" value="972"/>
          <property name="File/ImageWidth" value="1296"/>
          <property name="System/FileModifyDate" value="2019:12:02 14:31:02"/>
          <property name="System/FileSize" value="200274"/>
        </meta>
      </photo>
    </camera>
    <camera camera_id="105">
      <photo path="../../../972/211.jpg">
        <meta>
          <property name="File/ImageHeight" value="972"/>
          <property name="File/ImageWidth" value="1296"/>
          <property name="System/FileModifyDate" value="2019:12:02 14:31:03"/>
          <property name="System/FileSize" value="161029"/>
        </meta>
      </photo>
    </camera>
    <camera camera_id="106">
      <photo path="../../../972/212.jpg">
        <meta>
          <property name="File/ImageHeight" value="972"/>
          <property name="File/ImageWidth" value="1296"/>
          <property name="System/FileModifyDate" value="2019:12:02 14:31:03"/>
          <property name="System/FileSize" value="170044"/>
        </meta>
      </photo>
    </camera>
    <camera camera_id="107">
      <photo path="../../../972/213.jpg">
        <meta>
          <property name="File/ImageHeight" value="972"/>
          <property name="File/ImageWidth" value="1296"/>
          <property name="System/FileModifyDate" value="2019:12:02 14:31:03"/>
          <property name="System/FileSize" value="220705"/>
        </meta>
      </photo>
    </camera>
    <camera camera_id="108">
      <photo path="../../../972/214.jpg">
        <meta>
          <property name="File/ImageHeight" value="972"/>
          <property name="File/ImageWidth" value="1296"/>
          <property name="System/FileModifyDate" value="2019:12:02 14:31:03"/>
          <property name="System/FileSize" value="162978"/>
        </meta>
      </photo>
    </camera>
    <camera camera_id="109">
      <photo path="../../../972/216.jpg">
        <meta>
          <property name="File/ImageHeight" value="972"/>
          <property name="File/ImageWidth" value="1296"/>
          <property name="System/FileModifyDate" value="2019:12:02 14:31:03"/>
          <property name="System/FileSize" value="187249"/>
        </meta>
      </photo>
    </camera>
    <camera camera_id="110">
      <photo path="../../../972/218.jpg">
        <meta>
          <property name="File/ImageHeight" value="972"/>
          <property name="File/ImageWidth" value="1296"/>
          <property name="System/FileModifyDate" value="2019:12:02 14:31:03"/>
          <property name="System/FileSize" value="174907"/>
        </meta>
      </photo>
    </camera>
    <camera camera_id="111">
      <photo path="../../../972/219.jpg">
        <meta>
          <property name="File/ImageHeight" value="972"/>
          <property name="File/ImageWidth" value="1296"/>
          <property name="System/FileModifyDate" value="2019:12:02 14:31:04"/>
          <property name="System/FileSize" value="162420"/>
        </meta>
      </photo>
    </camera>
    <camera camera_id="112">
      <photo path="../../../972/220.jpg">
        <meta>
          <property name="File/ImageHeight" value="972"/>
          <property name="File/ImageWidth" value="1296"/>
          <property name="System/FileModifyDate" value="2019:12:02 14:31:04"/>
          <property name="System/FileSize" value="186589"/>
        </meta>
      </photo>
    </camera>
    <camera camera_id="113">
      <photo path="../../../972/221.jpg">
        <meta>
          <property name="File/ImageHeight" value="972"/>
          <property name="File/ImageWidth" value="1296"/>
          <property name="System/FileModifyDate" value="2019:12:02 14:31:04"/>
          <property name="System/FileSize" value="171696"/>
        </meta>
      </photo>
    </camera>
    <camera camera_id="114">
      <photo path="../../../972/222.jpg">
        <meta>
          <property name="File/ImageHeight" value="972"/>
          <property name="File/ImageWidth" value="1296"/>
          <property name="System/FileModifyDate" value="2019:12:02 14:31:04"/>
          <property name="System/FileSize" value="159765"/>
        </meta>
      </photo>
    </camera>
    <camera camera_id="115">
      <photo path="../../../972/223.jpg">
        <meta>
          <property name="File/ImageHeight" value="972"/>
          <property name="File/ImageWidth" value="1296"/>
          <property name="System/FileModifyDate" value="2019:12:02 14:31:04"/>
          <property name="System/FileSize" value="167581"/>
        </meta>
      </photo>
    </camera>
  </cameras>
  <thumbnails path="thumbnails/thumbnails.zip"/>
  <point_cloud path="point_cloud/point_cloud.zip"/>
</frame>
