<?xml version="1.0" encoding="UTF-8"?>
<document version="1.2.0">
  <chunks next_id="6" active_id="5">
    <chunk id="0" path="0/chunk.zip"/>
    <chunk id="1" path="1/chunk.zip"/>
    <chunk id="5" path="5/chunk.zip"/>
    <chunk id="2" path="2/chunk.zip"/>
    <chunk id="4" path="4/chunk.zip"/>
    <chunk id="3" path="3/chunk.zip"/>
  </chunks>
  <meta>
    <property name="Info/LastSavedDateTime" value="2019:12:06 22:18:59"/>
    <property name="Info/LastSavedSoftwareVersion" value="1.5.5.9097"/>
    <property name="Info/OriginalDateTime" value="2019:12:02 22:35:05"/>
    <property name="Info/OriginalSoftwareName" value="Agisoft Metashape"/>
    <property name="Info/OriginalSoftwareVendor" value="Agisoft"/>
    <property name="Info/OriginalSoftwareVersion" value="1.5.5.9097"/>
  </meta>
</document>
