<?xml version="1.0" encoding="UTF-8"?>
<point_cloud version="1.2.0">
  <params>
    <dataType>uint8</dataType>
    <bands>
      <band label="Red"/>
      <band label="Green"/>
      <band label="Blue"/>
    </bands>
  </params>
  <tracks path="tracks.ply" count="22346"/>
  <points path="points.ply" count="19814"/>
  <projections camera_id="0" path="p0.ply" count="156"/>
  <projections camera_id="1" path="p1.ply" count="366"/>
  <projections camera_id="2" path="p2.ply" count="450"/>
  <projections camera_id="3" path="p3.ply" count="460"/>
  <projections camera_id="4" path="p4.ply" count="168"/>
  <projections camera_id="5" path="p5.ply" count="219"/>
  <projections camera_id="6" path="p6.ply" count="395"/>
  <projections camera_id="7" path="p7.ply" count="482"/>
  <projections camera_id="8" path="p8.ply" count="448"/>
  <projections camera_id="9" path="p9.ply" count="240"/>
  <projections camera_id="10" path="p10.ply" count="286"/>
  <projections camera_id="11" path="p11.ply" count="491"/>
  <projections camera_id="12" path="p12.ply" count="459"/>
  <projections camera_id="13" path="p13.ply" count="217"/>
  <projections camera_id="14" path="p14.ply" count="237"/>
  <projections camera_id="15" path="p15.ply" count="420"/>
  <projections camera_id="16" path="p16.ply" count="476"/>
  <projections camera_id="17" path="p17.ply" count="527"/>
  <projections camera_id="18" path="p18.ply" count="357"/>
  <projections camera_id="19" path="p19.ply" count="464"/>
  <projections camera_id="20" path="p20.ply" count="578"/>
  <projections camera_id="21" path="p21.ply" count="663"/>
  <projections camera_id="22" path="p22.ply" count="478"/>
  <projections camera_id="23" path="p23.ply" count="481"/>
  <projections camera_id="24" path="p24.ply" count="548"/>
  <projections camera_id="25" path="p25.ply" count="599"/>
  <projections camera_id="26" path="p26.ply" count="760"/>
  <projections camera_id="27" path="p27.ply" count="525"/>
  <projections camera_id="28" path="p28.ply" count="514"/>
  <projections camera_id="29" path="p29.ply" count="375"/>
  <projections camera_id="30" path="p30.ply" count="634"/>
  <projections camera_id="31" path="p31.ply" count="633"/>
  <projections camera_id="32" path="p32.ply" count="485"/>
  <projections camera_id="33" path="p33.ply" count="425"/>
  <projections camera_id="34" path="p34.ply" count="384"/>
  <projections camera_id="35" path="p35.ply" count="543"/>
  <projections camera_id="36" path="p36.ply" count="606"/>
  <projections camera_id="37" path="p37.ply" count="427"/>
  <projections camera_id="38" path="p38.ply" count="278"/>
  <projections camera_id="39" path="p39.ply" count="586"/>
  <projections camera_id="40" path="p40.ply" count="574"/>
  <projections camera_id="41" path="p41.ply" count="466"/>
  <projections camera_id="42" path="p42.ply" count="270"/>
  <projections camera_id="43" path="p43.ply" count="229"/>
  <projections camera_id="44" path="p44.ply" count="553"/>
  <projections camera_id="45" path="p45.ply" count="615"/>
  <projections camera_id="46" path="p46.ply" count="515"/>
  <projections camera_id="47" path="p47.ply" count="363"/>
  <projections camera_id="48" path="p48.ply" count="460"/>
  <projections camera_id="49" path="p49.ply" count="789"/>
  <projections camera_id="50" path="p50.ply" count="662"/>
  <projections camera_id="51" path="p51.ply" count="505"/>
  <projections camera_id="52" path="p52.ply" count="536"/>
  <projections camera_id="53" path="p53.ply" count="643"/>
  <projections camera_id="54" path="p54.ply" count="861"/>
  <projections camera_id="55" path="p55.ply" count="724"/>
  <projections camera_id="56" path="p56.ply" count="432"/>
  <projections camera_id="57" path="p57.ply" count="376"/>
  <projections camera_id="58" path="p58.ply" count="538"/>
  <projections camera_id="59" path="p59.ply" count="760"/>
  <projections camera_id="60" path="p60.ply" count="718"/>
  <projections camera_id="61" path="p61.ply" count="551"/>
  <projections camera_id="62" path="p62.ply" count="590"/>
  <projections camera_id="63" path="p63.ply" count="238"/>
  <projections camera_id="64" path="p64.ply" count="574"/>
  <projections camera_id="65" path="p65.ply" count="614"/>
  <projections camera_id="66" path="p66.ply" count="433"/>
  <projections camera_id="67" path="p67.ply" count="412"/>
  <projections camera_id="68" path="p68.ply" count="200"/>
  <projections camera_id="69" path="p69.ply" count="506"/>
  <projections camera_id="70" path="p70.ply" count="588"/>
  <projections camera_id="71" path="p71.ply" count="473"/>
  <projections camera_id="72" path="p72.ply" count="314"/>
  <projections camera_id="73" path="p73.ply" count="332"/>
  <projections camera_id="74" path="p74.ply" count="531"/>
  <projections camera_id="75" path="p75.ply" count="545"/>
  <projections camera_id="76" path="p76.ply" count="410"/>
  <projections camera_id="77" path="p77.ply" count="456"/>
  <projections camera_id="78" path="p78.ply" count="562"/>
  <projections camera_id="79" path="p79.ply" count="509"/>
  <projections camera_id="80" path="p80.ply" count="556"/>
  <projections camera_id="81" path="p81.ply" count="503"/>
  <projections camera_id="82" path="p82.ply" count="554"/>
  <projections camera_id="83" path="p83.ply" count="608"/>
  <projections camera_id="84" path="p84.ply" count="698"/>
  <projections camera_id="85" path="p85.ply" count="790"/>
  <projections camera_id="86" path="p86.ply" count="703"/>
  <projections camera_id="87" path="p87.ply" count="382"/>
  <projections camera_id="88" path="p88.ply" count="461"/>
  <projections camera_id="89" path="p89.ply" count="514"/>
  <projections camera_id="90" path="p90.ply" count="678"/>
  <projections camera_id="91" path="p91.ply" count="557"/>
  <projections camera_id="92" path="p92.ply" count="327"/>
  <projections camera_id="93" path="p93.ply" count="468"/>
  <projections camera_id="94" path="p94.ply" count="418"/>
  <projections camera_id="95" path="p95.ply" count="272"/>
  <projections camera_id="96" path="p96.ply" count="464"/>
  <projections camera_id="97" path="p97.ply" count="592"/>
  <projections camera_id="98" path="p98.ply" count="621"/>
  <projections camera_id="99" path="p99.ply" count="351"/>
  <projections camera_id="100" path="p100.ply" count="199"/>
  <projections camera_id="101" path="p101.ply" count="529"/>
  <projections camera_id="102" path="p102.ply" count="579"/>
  <projections camera_id="103" path="p103.ply" count="517"/>
  <projections camera_id="104" path="p104.ply" count="240"/>
  <projections camera_id="105" path="p105.ply" count="138"/>
  <projections camera_id="106" path="p106.ply" count="303"/>
  <projections camera_id="107" path="p107.ply" count="428"/>
  <projections camera_id="108" path="p108.ply" count="432"/>
  <projections camera_id="109" path="p109.ply" count="132"/>
  <projections camera_id="110" path="p110.ply" count="509"/>
  <projections camera_id="111" path="p111.ply" count="604"/>
  <projections camera_id="112" path="p112.ply" count="472"/>
  <projections camera_id="113" path="p113.ply" count="507"/>
  <projections camera_id="114" path="p114.ply" count="659"/>
  <projections camera_id="115" path="p115.ply" count="650"/>
  <meta>
    <property name="Info/LastSavedDateTime" value="2019:12:02 23:07:46"/>
    <property name="Info/LastSavedSoftwareVersion" value="1.5.5.9097"/>
    <property name="Info/OriginalDateTime" value="2019:12:02 22:43:13"/>
    <property name="Info/OriginalSoftwareVersion" value="1.5.5.9097"/>
    <property name="MatchPhotos/cameras" value=""/>
    <property name="MatchPhotos/downscale" value="0"/>
    <property name="MatchPhotos/duration" value="114.337"/>
    <property name="MatchPhotos/keypoint_limit" value="40000"/>
    <property name="MatchPhotos/max_workgroup_size" value="100"/>
    <property name="MatchPhotos/network_distribute" value="true"/>
    <property name="MatchPhotos/pairs" value=""/>
    <property name="MatchPhotos/preselection_generic" value="true"/>
    <property name="MatchPhotos/reset_matches" value="false"/>
    <property name="MatchPhotos/store_keypoints" value="false"/>
    <property name="MatchPhotos/tiepoint_limit" value="4000"/>
    <property name="MatchPhotos/workitem_size_cameras" value="20"/>
    <property name="MatchPhotos/workitem_size_pairs" value="80"/>
  </meta>
</point_cloud>
