<?xml version="1.0" encoding="UTF-8"?>
<frame version="1.2.0">
  <cameras>
    <camera camera_id="0">
      <photo path="../../../243/101.jpg">
        <meta>
          <property name="File/ImageHeight" value="243"/>
          <property name="File/ImageWidth" value="324"/>
          <property name="System/FileModifyDate" value="2019:12:02 14:34:49"/>
          <property name="System/FileSize" value="18204"/>
        </meta>
      </photo>
    </camera>
    <camera camera_id="1">
      <photo path="../../../243/102.jpg">
        <meta>
          <property name="File/ImageHeight" value="243"/>
          <property name="File/ImageWidth" value="324"/>
          <property name="System/FileModifyDate" value="2019:12:02 14:34:50"/>
          <property name="System/FileSize" value="20393"/>
        </meta>
      </photo>
    </camera>
    <camera camera_id="2">
      <photo path="../../../243/103.jpg">
        <meta>
          <property name="File/ImageHeight" value="243"/>
          <property name="File/ImageWidth" value="324"/>
          <property name="System/FileModifyDate" value="2019:12:02 14:34:50"/>
          <property name="System/FileSize" value="22626"/>
        </meta>
      </photo>
    </camera>
    <camera camera_id="3">
      <photo path="../../../243/104.jpg">
        <meta>
          <property name="File/ImageHeight" value="243"/>
          <property name="File/ImageWidth" value="324"/>
          <property name="System/FileModifyDate" value="2019:12:02 14:34:50"/>
          <property name="System/FileSize" value="18692"/>
        </meta>
      </photo>
    </camera>
    <camera camera_id="4">
      <photo path="../../../243/105.jpg">
        <meta>
          <property name="File/ImageHeight" value="243"/>
          <property name="File/ImageWidth" value="324"/>
          <property name="System/FileModifyDate" value="2019:12:02 14:34:50"/>
          <property name="System/FileSize" value="20836"/>
        </meta>
      </photo>
    </camera>
    <camera camera_id="5">
      <photo path="../../../243/106.jpg">
        <meta>
          <property name="File/ImageHeight" value="243"/>
          <property name="File/ImageWidth" value="324"/>
          <property name="System/FileModifyDate" value="2019:12:02 14:34:50"/>
          <property name="System/FileSize" value="17785"/>
        </meta>
      </photo>
    </camera>
    <camera camera_id="6">
      <photo path="../../../243/107.jpg">
        <meta>
          <property name="File/ImageHeight" value="243"/>
          <property name="File/ImageWidth" value="324"/>
          <property name="System/FileModifyDate" value="2019:12:02 14:34:50"/>
          <property name="System/FileSize" value="20546"/>
        </meta>
      </photo>
    </camera>
    <camera camera_id="7">
      <photo path="../../../243/108.jpg">
        <meta>
          <property name="File/ImageHeight" value="243"/>
          <property name="File/ImageWidth" value="324"/>
          <property name="System/FileModifyDate" value="2019:12:02 14:34:50"/>
          <property name="System/FileSize" value="22375"/>
        </meta>
      </photo>
    </camera>
    <camera camera_id="8">
      <photo path="../../../243/109.jpg">
        <meta>
          <property name="File/ImageHeight" value="243"/>
          <property name="File/ImageWidth" value="324"/>
          <property name="System/FileModifyDate" value="2019:12:02 14:34:51"/>
          <property name="System/FileSize" value="18868"/>
        </meta>
      </photo>
    </camera>
    <camera camera_id="9">
      <photo path="../../../243/110.jpg">
        <meta>
          <property name="File/ImageHeight" value="243"/>
          <property name="File/ImageWidth" value="324"/>
          <property name="System/FileModifyDate" value="2019:12:02 14:34:51"/>
          <property name="System/FileSize" value="20067"/>
        </meta>
      </photo>
    </camera>
    <camera camera_id="10">
      <photo path="../../../243/111.jpg">
        <meta>
          <property name="File/ImageHeight" value="243"/>
          <property name="File/ImageWidth" value="324"/>
          <property name="System/FileModifyDate" value="2019:12:02 14:34:51"/>
          <property name="System/FileSize" value="19189"/>
        </meta>
      </photo>
    </camera>
    <camera camera_id="11">
      <photo path="../../../243/112.jpg">
        <meta>
          <property name="File/ImageHeight" value="243"/>
          <property name="File/ImageWidth" value="324"/>
          <property name="System/FileModifyDate" value="2019:12:02 14:34:51"/>
          <property name="System/FileSize" value="19081"/>
        </meta>
      </photo>
    </camera>
    <camera camera_id="12">
      <photo path="../../../243/113.jpg">
        <meta>
          <property name="File/ImageHeight" value="243"/>
          <property name="File/ImageWidth" value="324"/>
          <property name="System/FileModifyDate" value="2019:12:02 14:34:51"/>
          <property name="System/FileSize" value="19410"/>
        </meta>
      </photo>
    </camera>
    <camera camera_id="13">
      <photo path="../../../243/114.jpg">
        <meta>
          <property name="File/ImageHeight" value="243"/>
          <property name="File/ImageWidth" value="324"/>
          <property name="System/FileModifyDate" value="2019:12:02 14:34:51"/>
          <property name="System/FileSize" value="17330"/>
        </meta>
      </photo>
    </camera>
    <camera camera_id="14">
      <photo path="../../../243/115.jpg">
        <meta>
          <property name="File/ImageHeight" value="243"/>
          <property name="File/ImageWidth" value="324"/>
          <property name="System/FileModifyDate" value="2019:12:02 14:34:51"/>
          <property name="System/FileSize" value="20444"/>
        </meta>
      </photo>
    </camera>
    <camera camera_id="15">
      <photo path="../../../243/116.jpg">
        <meta>
          <property name="File/ImageHeight" value="243"/>
          <property name="File/ImageWidth" value="324"/>
          <property name="System/FileModifyDate" value="2019:12:02 14:34:52"/>
          <property name="System/FileSize" value="17346"/>
        </meta>
      </photo>
    </camera>
    <camera camera_id="16">
      <photo path="../../../243/117.jpg">
        <meta>
          <property name="File/ImageHeight" value="243"/>
          <property name="File/ImageWidth" value="324"/>
          <property name="System/FileModifyDate" value="2019:12:02 14:34:52"/>
          <property name="System/FileSize" value="18652"/>
        </meta>
      </photo>
    </camera>
    <camera camera_id="17">
      <photo path="../../../243/118.jpg">
        <meta>
          <property name="File/ImageHeight" value="243"/>
          <property name="File/ImageWidth" value="324"/>
          <property name="System/FileModifyDate" value="2019:12:02 14:34:52"/>
          <property name="System/FileSize" value="19128"/>
        </meta>
      </photo>
    </camera>
    <camera camera_id="18">
      <photo path="../../../243/119.jpg">
        <meta>
          <property name="File/ImageHeight" value="243"/>
          <property name="File/ImageWidth" value="324"/>
          <property name="System/FileModifyDate" value="2019:12:02 14:34:52"/>
          <property name="System/FileSize" value="18372"/>
        </meta>
      </photo>
    </camera>
    <camera camera_id="19">
      <photo path="../../../243/121.jpg">
        <meta>
          <property name="File/ImageHeight" value="243"/>
          <property name="File/ImageWidth" value="324"/>
          <property name="System/FileModifyDate" value="2019:12:02 14:34:52"/>
          <property name="System/FileSize" value="15823"/>
        </meta>
      </photo>
    </camera>
    <camera camera_id="20">
      <photo path="../../../243/122.jpg">
        <meta>
          <property name="File/ImageHeight" value="243"/>
          <property name="File/ImageWidth" value="324"/>
          <property name="System/FileModifyDate" value="2019:12:02 14:34:52"/>
          <property name="System/FileSize" value="16010"/>
        </meta>
      </photo>
    </camera>
    <camera camera_id="21">
      <photo path="../../../243/123.jpg">
        <meta>
          <property name="File/ImageHeight" value="243"/>
          <property name="File/ImageWidth" value="324"/>
          <property name="System/FileModifyDate" value="2019:12:02 14:34:52"/>
          <property name="System/FileSize" value="17078"/>
        </meta>
      </photo>
    </camera>
    <camera camera_id="22">
      <photo path="../../../243/124.jpg">
        <meta>
          <property name="File/ImageHeight" value="243"/>
          <property name="File/ImageWidth" value="324"/>
          <property name="System/FileModifyDate" value="2019:12:02 14:34:53"/>
          <property name="System/FileSize" value="15108"/>
        </meta>
      </photo>
    </camera>
    <camera camera_id="23">
      <photo path="../../../243/125.jpg">
        <meta>
          <property name="File/ImageHeight" value="243"/>
          <property name="File/ImageWidth" value="324"/>
          <property name="System/FileModifyDate" value="2019:12:02 14:34:53"/>
          <property name="System/FileSize" value="17384"/>
        </meta>
      </photo>
    </camera>
    <camera camera_id="24">
      <photo path="../../../243/126.jpg">
        <meta>
          <property name="File/ImageHeight" value="243"/>
          <property name="File/ImageWidth" value="324"/>
          <property name="System/FileModifyDate" value="2019:12:02 14:34:53"/>
          <property name="System/FileSize" value="16960"/>
        </meta>
      </photo>
    </camera>
    <camera camera_id="25">
      <photo path="../../../243/127.jpg">
        <meta>
          <property name="File/ImageHeight" value="243"/>
          <property name="File/ImageWidth" value="324"/>
          <property name="System/FileModifyDate" value="2019:12:02 14:34:53"/>
          <property name="System/FileSize" value="17499"/>
        </meta>
      </photo>
    </camera>
    <camera camera_id="26">
      <photo path="../../../243/128.jpg">
        <meta>
          <property name="File/ImageHeight" value="243"/>
          <property name="File/ImageWidth" value="324"/>
          <property name="System/FileModifyDate" value="2019:12:02 14:34:53"/>
          <property name="System/FileSize" value="17712"/>
        </meta>
      </photo>
    </camera>
    <camera camera_id="27">
      <photo path="../../../243/129.jpg">
        <meta>
          <property name="File/ImageHeight" value="243"/>
          <property name="File/ImageWidth" value="324"/>
          <property name="System/FileModifyDate" value="2019:12:02 14:34:53"/>
          <property name="System/FileSize" value="15850"/>
        </meta>
      </photo>
    </camera>
    <camera camera_id="28">
      <photo path="../../../243/130.jpg">
        <meta>
          <property name="File/ImageHeight" value="243"/>
          <property name="File/ImageWidth" value="324"/>
          <property name="System/FileModifyDate" value="2019:12:02 14:34:53"/>
          <property name="System/FileSize" value="17570"/>
        </meta>
      </photo>
    </camera>
    <camera camera_id="29">
      <photo path="../../../243/131.jpg">
        <meta>
          <property name="File/ImageHeight" value="243"/>
          <property name="File/ImageWidth" value="324"/>
          <property name="System/FileModifyDate" value="2019:12:02 14:34:54"/>
          <property name="System/FileSize" value="18288"/>
        </meta>
      </photo>
    </camera>
    <camera camera_id="30">
      <photo path="../../../243/132.jpg">
        <meta>
          <property name="File/ImageHeight" value="243"/>
          <property name="File/ImageWidth" value="324"/>
          <property name="System/FileModifyDate" value="2019:12:02 14:34:54"/>
          <property name="System/FileSize" value="19036"/>
        </meta>
      </photo>
    </camera>
    <camera camera_id="31">
      <photo path="../../../243/133.jpg">
        <meta>
          <property name="File/ImageHeight" value="243"/>
          <property name="File/ImageWidth" value="324"/>
          <property name="System/FileModifyDate" value="2019:12:02 14:34:54"/>
          <property name="System/FileSize" value="17775"/>
        </meta>
      </photo>
    </camera>
    <camera camera_id="32">
      <photo path="../../../243/134.jpg">
        <meta>
          <property name="File/ImageHeight" value="243"/>
          <property name="File/ImageWidth" value="324"/>
          <property name="System/FileModifyDate" value="2019:12:02 14:34:54"/>
          <property name="System/FileSize" value="16957"/>
        </meta>
      </photo>
    </camera>
    <camera camera_id="33">
      <photo path="../../../243/135.jpg">
        <meta>
          <property name="File/ImageHeight" value="243"/>
          <property name="File/ImageWidth" value="324"/>
          <property name="System/FileModifyDate" value="2019:12:02 14:34:54"/>
          <property name="System/FileSize" value="19118"/>
        </meta>
      </photo>
    </camera>
    <camera camera_id="34">
      <photo path="../../../243/136.jpg">
        <meta>
          <property name="File/ImageHeight" value="243"/>
          <property name="File/ImageWidth" value="324"/>
          <property name="System/FileModifyDate" value="2019:12:02 14:34:54"/>
          <property name="System/FileSize" value="18046"/>
        </meta>
      </photo>
    </camera>
    <camera camera_id="35">
      <photo path="../../../243/137.jpg">
        <meta>
          <property name="File/ImageHeight" value="243"/>
          <property name="File/ImageWidth" value="324"/>
          <property name="System/FileModifyDate" value="2019:12:02 14:34:54"/>
          <property name="System/FileSize" value="19263"/>
        </meta>
      </photo>
    </camera>
    <camera camera_id="36">
      <photo path="../../../243/138.jpg">
        <meta>
          <property name="File/ImageHeight" value="243"/>
          <property name="File/ImageWidth" value="324"/>
          <property name="System/FileModifyDate" value="2019:12:02 14:34:54"/>
          <property name="System/FileSize" value="19282"/>
        </meta>
      </photo>
    </camera>
    <camera camera_id="37">
      <photo path="../../../243/139.jpg">
        <meta>
          <property name="File/ImageHeight" value="243"/>
          <property name="File/ImageWidth" value="324"/>
          <property name="System/FileModifyDate" value="2019:12:02 14:34:55"/>
          <property name="System/FileSize" value="16728"/>
        </meta>
      </photo>
    </camera>
    <camera camera_id="38">
      <photo path="../../../243/141.jpg">
        <meta>
          <property name="File/ImageHeight" value="243"/>
          <property name="File/ImageWidth" value="324"/>
          <property name="System/FileModifyDate" value="2019:12:02 14:34:55"/>
          <property name="System/FileSize" value="17152"/>
        </meta>
      </photo>
    </camera>
    <camera camera_id="39">
      <photo path="../../../243/142.jpg">
        <meta>
          <property name="File/ImageHeight" value="243"/>
          <property name="File/ImageWidth" value="324"/>
          <property name="System/FileModifyDate" value="2019:12:02 14:34:55"/>
          <property name="System/FileSize" value="16958"/>
        </meta>
      </photo>
    </camera>
    <camera camera_id="40">
      <photo path="../../../243/143.jpg">
        <meta>
          <property name="File/ImageHeight" value="243"/>
          <property name="File/ImageWidth" value="324"/>
          <property name="System/FileModifyDate" value="2019:12:02 14:34:55"/>
          <property name="System/FileSize" value="17703"/>
        </meta>
      </photo>
    </camera>
    <camera camera_id="41">
      <photo path="../../../243/144.jpg">
        <meta>
          <property name="File/ImageHeight" value="243"/>
          <property name="File/ImageWidth" value="324"/>
          <property name="System/FileModifyDate" value="2019:12:02 14:34:55"/>
          <property name="System/FileSize" value="16756"/>
        </meta>
      </photo>
    </camera>
    <camera camera_id="42">
      <photo path="../../../243/145.jpg">
        <meta>
          <property name="File/ImageHeight" value="243"/>
          <property name="File/ImageWidth" value="324"/>
          <property name="System/FileModifyDate" value="2019:12:02 14:34:55"/>
          <property name="System/FileSize" value="17744"/>
        </meta>
      </photo>
    </camera>
    <camera camera_id="43">
      <photo path="../../../243/146.jpg">
        <meta>
          <property name="File/ImageHeight" value="243"/>
          <property name="File/ImageWidth" value="324"/>
          <property name="System/FileModifyDate" value="2019:12:02 14:34:55"/>
          <property name="System/FileSize" value="16428"/>
        </meta>
      </photo>
    </camera>
    <camera camera_id="44">
      <photo path="../../../243/147.jpg">
        <meta>
          <property name="File/ImageHeight" value="243"/>
          <property name="File/ImageWidth" value="324"/>
          <property name="System/FileModifyDate" value="2019:12:02 14:34:56"/>
          <property name="System/FileSize" value="20074"/>
        </meta>
      </photo>
    </camera>
    <camera camera_id="45">
      <photo path="../../../243/148.jpg">
        <meta>
          <property name="File/ImageHeight" value="243"/>
          <property name="File/ImageWidth" value="324"/>
          <property name="System/FileModifyDate" value="2019:12:02 14:34:56"/>
          <property name="System/FileSize" value="20905"/>
        </meta>
      </photo>
    </camera>
    <camera camera_id="46">
      <photo path="../../../243/149.jpg">
        <meta>
          <property name="File/ImageHeight" value="243"/>
          <property name="File/ImageWidth" value="324"/>
          <property name="System/FileModifyDate" value="2019:12:02 14:34:56"/>
          <property name="System/FileSize" value="18086"/>
        </meta>
      </photo>
    </camera>
    <camera camera_id="47">
      <photo path="../../../243/150.jpg">
        <meta>
          <property name="File/ImageHeight" value="243"/>
          <property name="File/ImageWidth" value="324"/>
          <property name="System/FileModifyDate" value="2019:12:02 14:34:56"/>
          <property name="System/FileSize" value="19279"/>
        </meta>
      </photo>
    </camera>
    <camera camera_id="48">
      <photo path="../../../243/151.jpg">
        <meta>
          <property name="File/ImageHeight" value="243"/>
          <property name="File/ImageWidth" value="324"/>
          <property name="System/FileModifyDate" value="2019:12:02 14:34:56"/>
          <property name="System/FileSize" value="17363"/>
        </meta>
      </photo>
    </camera>
    <camera camera_id="49">
      <photo path="../../../243/152.jpg">
        <meta>
          <property name="File/ImageHeight" value="243"/>
          <property name="File/ImageWidth" value="324"/>
          <property name="System/FileModifyDate" value="2019:12:02 14:34:56"/>
          <property name="System/FileSize" value="20608"/>
        </meta>
      </photo>
    </camera>
    <camera camera_id="50">
      <photo path="../../../243/153.jpg">
        <meta>
          <property name="File/ImageHeight" value="243"/>
          <property name="File/ImageWidth" value="324"/>
          <property name="System/FileModifyDate" value="2019:12:02 14:34:56"/>
          <property name="System/FileSize" value="21759"/>
        </meta>
      </photo>
    </camera>
    <camera camera_id="51">
      <photo path="../../../243/154.jpg">
        <meta>
          <property name="File/ImageHeight" value="243"/>
          <property name="File/ImageWidth" value="324"/>
          <property name="System/FileModifyDate" value="2019:12:02 14:34:57"/>
          <property name="System/FileSize" value="19870"/>
        </meta>
      </photo>
    </camera>
    <camera camera_id="52">
      <photo path="../../../243/155.jpg">
        <meta>
          <property name="File/ImageHeight" value="243"/>
          <property name="File/ImageWidth" value="324"/>
          <property name="System/FileModifyDate" value="2019:12:02 14:34:57"/>
          <property name="System/FileSize" value="19904"/>
        </meta>
      </photo>
    </camera>
    <camera camera_id="53">
      <photo path="../../../243/156.jpg">
        <meta>
          <property name="File/ImageHeight" value="243"/>
          <property name="File/ImageWidth" value="324"/>
          <property name="System/FileModifyDate" value="2019:12:02 14:34:57"/>
          <property name="System/FileSize" value="17824"/>
        </meta>
      </photo>
    </camera>
    <camera camera_id="54">
      <photo path="../../../243/157.jpg">
        <meta>
          <property name="File/ImageHeight" value="243"/>
          <property name="File/ImageWidth" value="324"/>
          <property name="System/FileModifyDate" value="2019:12:02 14:34:57"/>
          <property name="System/FileSize" value="19367"/>
        </meta>
      </photo>
    </camera>
    <camera camera_id="55">
      <photo path="../../../243/158.jpg">
        <meta>
          <property name="File/ImageHeight" value="243"/>
          <property name="File/ImageWidth" value="324"/>
          <property name="System/FileModifyDate" value="2019:12:02 14:34:57"/>
          <property name="System/FileSize" value="21115"/>
        </meta>
      </photo>
    </camera>
    <camera camera_id="56">
      <photo path="../../../243/159.jpg">
        <meta>
          <property name="File/ImageHeight" value="243"/>
          <property name="File/ImageWidth" value="324"/>
          <property name="System/FileModifyDate" value="2019:12:02 14:34:57"/>
          <property name="System/FileSize" value="17963"/>
        </meta>
      </photo>
    </camera>
    <camera camera_id="57">
      <photo path="../../../243/160.jpg">
        <meta>
          <property name="File/ImageHeight" value="243"/>
          <property name="File/ImageWidth" value="324"/>
          <property name="System/FileModifyDate" value="2019:12:02 14:34:57"/>
          <property name="System/FileSize" value="18763"/>
        </meta>
      </photo>
    </camera>
    <camera camera_id="58">
      <photo path="../../../243/161.jpg">
        <meta>
          <property name="File/ImageHeight" value="243"/>
          <property name="File/ImageWidth" value="324"/>
          <property name="System/FileModifyDate" value="2019:12:02 14:34:58"/>
          <property name="System/FileSize" value="17909"/>
        </meta>
      </photo>
    </camera>
    <camera camera_id="59">
      <photo path="../../../243/162.jpg">
        <meta>
          <property name="File/ImageHeight" value="243"/>
          <property name="File/ImageWidth" value="324"/>
          <property name="System/FileModifyDate" value="2019:12:02 14:34:58"/>
          <property name="System/FileSize" value="19502"/>
        </meta>
      </photo>
    </camera>
    <camera camera_id="60">
      <photo path="../../../243/163.jpg">
        <meta>
          <property name="File/ImageHeight" value="243"/>
          <property name="File/ImageWidth" value="324"/>
          <property name="System/FileModifyDate" value="2019:12:02 14:34:58"/>
          <property name="System/FileSize" value="20945"/>
        </meta>
      </photo>
    </camera>
    <camera camera_id="61">
      <photo path="../../../243/164.jpg">
        <meta>
          <property name="File/ImageHeight" value="243"/>
          <property name="File/ImageWidth" value="324"/>
          <property name="System/FileModifyDate" value="2019:12:02 14:34:58"/>
          <property name="System/FileSize" value="16746"/>
        </meta>
      </photo>
    </camera>
    <camera camera_id="62">
      <photo path="../../../243/165.jpg">
        <meta>
          <property name="File/ImageHeight" value="243"/>
          <property name="File/ImageWidth" value="324"/>
          <property name="System/FileModifyDate" value="2019:12:02 14:34:58"/>
          <property name="System/FileSize" value="19409"/>
        </meta>
      </photo>
    </camera>
    <camera camera_id="63">
      <photo path="../../../243/166.jpg">
        <meta>
          <property name="File/ImageHeight" value="243"/>
          <property name="File/ImageWidth" value="324"/>
          <property name="System/FileModifyDate" value="2019:12:02 14:34:58"/>
          <property name="System/FileSize" value="17126"/>
        </meta>
      </photo>
    </camera>
    <camera camera_id="64">
      <photo path="../../../243/167.jpg">
        <meta>
          <property name="File/ImageHeight" value="243"/>
          <property name="File/ImageWidth" value="324"/>
          <property name="System/FileModifyDate" value="2019:12:02 14:34:58"/>
          <property name="System/FileSize" value="18814"/>
        </meta>
      </photo>
    </camera>
    <camera camera_id="65">
      <photo path="../../../243/168.jpg">
        <meta>
          <property name="File/ImageHeight" value="243"/>
          <property name="File/ImageWidth" value="324"/>
          <property name="System/FileModifyDate" value="2019:12:02 14:34:59"/>
          <property name="System/FileSize" value="19567"/>
        </meta>
      </photo>
    </camera>
    <camera camera_id="66">
      <photo path="../../../243/169.jpg">
        <meta>
          <property name="File/ImageHeight" value="243"/>
          <property name="File/ImageWidth" value="324"/>
          <property name="System/FileModifyDate" value="2019:12:02 14:34:59"/>
          <property name="System/FileSize" value="16616"/>
        </meta>
      </photo>
    </camera>
    <camera camera_id="67">
      <photo path="../../../243/170.jpg">
        <meta>
          <property name="File/ImageHeight" value="243"/>
          <property name="File/ImageWidth" value="324"/>
          <property name="System/FileModifyDate" value="2019:12:02 14:34:59"/>
          <property name="System/FileSize" value="16940"/>
        </meta>
      </photo>
    </camera>
    <camera camera_id="68">
      <photo path="../../../243/171.jpg">
        <meta>
          <property name="File/ImageHeight" value="243"/>
          <property name="File/ImageWidth" value="324"/>
          <property name="System/FileModifyDate" value="2019:12:02 14:34:59"/>
          <property name="System/FileSize" value="18269"/>
        </meta>
      </photo>
    </camera>
    <camera camera_id="69">
      <photo path="../../../243/172.jpg">
        <meta>
          <property name="File/ImageHeight" value="243"/>
          <property name="File/ImageWidth" value="324"/>
          <property name="System/FileModifyDate" value="2019:12:02 14:34:59"/>
          <property name="System/FileSize" value="17452"/>
        </meta>
      </photo>
    </camera>
    <camera camera_id="70">
      <photo path="../../../243/173.jpg">
        <meta>
          <property name="File/ImageHeight" value="243"/>
          <property name="File/ImageWidth" value="324"/>
          <property name="System/FileModifyDate" value="2019:12:02 14:34:59"/>
          <property name="System/FileSize" value="18234"/>
        </meta>
      </photo>
    </camera>
    <camera camera_id="71">
      <photo path="../../../243/174.jpg">
        <meta>
          <property name="File/ImageHeight" value="243"/>
          <property name="File/ImageWidth" value="324"/>
          <property name="System/FileModifyDate" value="2019:12:02 14:34:59"/>
          <property name="System/FileSize" value="17505"/>
        </meta>
      </photo>
    </camera>
    <camera camera_id="72">
      <photo path="../../../243/175.jpg">
        <meta>
          <property name="File/ImageHeight" value="243"/>
          <property name="File/ImageWidth" value="324"/>
          <property name="System/FileModifyDate" value="2019:12:02 14:35:00"/>
          <property name="System/FileSize" value="16346"/>
        </meta>
      </photo>
    </camera>
    <camera camera_id="73">
      <photo path="../../../243/176.jpg">
        <meta>
          <property name="File/ImageHeight" value="243"/>
          <property name="File/ImageWidth" value="324"/>
          <property name="System/FileModifyDate" value="2019:12:02 14:35:00"/>
          <property name="System/FileSize" value="18532"/>
        </meta>
      </photo>
    </camera>
    <camera camera_id="74">
      <photo path="../../../243/177.jpg">
        <meta>
          <property name="File/ImageHeight" value="243"/>
          <property name="File/ImageWidth" value="324"/>
          <property name="System/FileModifyDate" value="2019:12:02 14:35:00"/>
          <property name="System/FileSize" value="19846"/>
        </meta>
      </photo>
    </camera>
    <camera camera_id="75">
      <photo path="../../../243/178.jpg">
        <meta>
          <property name="File/ImageHeight" value="243"/>
          <property name="File/ImageWidth" value="324"/>
          <property name="System/FileModifyDate" value="2019:12:02 14:35:00"/>
          <property name="System/FileSize" value="20091"/>
        </meta>
      </photo>
    </camera>
    <camera camera_id="76">
      <photo path="../../../243/179.jpg">
        <meta>
          <property name="File/ImageHeight" value="243"/>
          <property name="File/ImageWidth" value="324"/>
          <property name="System/FileModifyDate" value="2019:12:02 14:35:00"/>
          <property name="System/FileSize" value="16848"/>
        </meta>
      </photo>
    </camera>
    <camera camera_id="77">
      <photo path="../../../243/181.jpg">
        <meta>
          <property name="File/ImageHeight" value="243"/>
          <property name="File/ImageWidth" value="324"/>
          <property name="System/FileModifyDate" value="2019:12:02 14:35:00"/>
          <property name="System/FileSize" value="18376"/>
        </meta>
      </photo>
    </camera>
    <camera camera_id="78">
      <photo path="../../../243/182.jpg">
        <meta>
          <property name="File/ImageHeight" value="243"/>
          <property name="File/ImageWidth" value="324"/>
          <property name="System/FileModifyDate" value="2019:12:02 14:35:00"/>
          <property name="System/FileSize" value="17612"/>
        </meta>
      </photo>
    </camera>
    <camera camera_id="79">
      <photo path="../../../243/183.jpg">
        <meta>
          <property name="File/ImageHeight" value="243"/>
          <property name="File/ImageWidth" value="324"/>
          <property name="System/FileModifyDate" value="2019:12:02 14:35:00"/>
          <property name="System/FileSize" value="19389"/>
        </meta>
      </photo>
    </camera>
    <camera camera_id="80">
      <photo path="../../../243/184.jpg">
        <meta>
          <property name="File/ImageHeight" value="243"/>
          <property name="File/ImageWidth" value="324"/>
          <property name="System/FileModifyDate" value="2019:12:02 14:35:01"/>
          <property name="System/FileSize" value="18094"/>
        </meta>
      </photo>
    </camera>
    <camera camera_id="81">
      <photo path="../../../243/185.jpg">
        <meta>
          <property name="File/ImageHeight" value="243"/>
          <property name="File/ImageWidth" value="324"/>
          <property name="System/FileModifyDate" value="2019:12:02 14:35:01"/>
          <property name="System/FileSize" value="18733"/>
        </meta>
      </photo>
    </camera>
    <camera camera_id="82">
      <photo path="../../../243/186.jpg">
        <meta>
          <property name="File/ImageHeight" value="243"/>
          <property name="File/ImageWidth" value="324"/>
          <property name="System/FileModifyDate" value="2019:12:02 14:35:01"/>
          <property name="System/FileSize" value="16225"/>
        </meta>
      </photo>
    </camera>
    <camera camera_id="83">
      <photo path="../../../243/187.jpg">
        <meta>
          <property name="File/ImageHeight" value="243"/>
          <property name="File/ImageWidth" value="324"/>
          <property name="System/FileModifyDate" value="2019:12:02 14:35:01"/>
          <property name="System/FileSize" value="18463"/>
        </meta>
      </photo>
    </camera>
    <camera camera_id="84">
      <photo path="../../../243/188.jpg">
        <meta>
          <property name="File/ImageHeight" value="243"/>
          <property name="File/ImageWidth" value="324"/>
          <property name="System/FileModifyDate" value="2019:12:02 14:35:01"/>
          <property name="System/FileSize" value="18270"/>
        </meta>
      </photo>
    </camera>
    <camera camera_id="85">
      <photo path="../../../243/189.jpg">
        <meta>
          <property name="File/ImageHeight" value="243"/>
          <property name="File/ImageWidth" value="324"/>
          <property name="System/FileModifyDate" value="2019:12:02 14:35:01"/>
          <property name="System/FileSize" value="17883"/>
        </meta>
      </photo>
    </camera>
    <camera camera_id="86">
      <photo path="../../../243/190.jpg">
        <meta>
          <property name="File/ImageHeight" value="243"/>
          <property name="File/ImageWidth" value="324"/>
          <property name="System/FileModifyDate" value="2019:12:02 14:35:02"/>
          <property name="System/FileSize" value="19036"/>
        </meta>
      </photo>
    </camera>
    <camera camera_id="87">
      <photo path="../../../243/191.jpg">
        <meta>
          <property name="File/ImageHeight" value="243"/>
          <property name="File/ImageWidth" value="324"/>
          <property name="System/FileModifyDate" value="2019:12:02 14:35:02"/>
          <property name="System/FileSize" value="17031"/>
        </meta>
      </photo>
    </camera>
    <camera camera_id="88">
      <photo path="../../../243/192.jpg">
        <meta>
          <property name="File/ImageHeight" value="243"/>
          <property name="File/ImageWidth" value="324"/>
          <property name="System/FileModifyDate" value="2019:12:02 14:35:02"/>
          <property name="System/FileSize" value="17485"/>
        </meta>
      </photo>
    </camera>
    <camera camera_id="89">
      <photo path="../../../243/193.jpg">
        <meta>
          <property name="File/ImageHeight" value="243"/>
          <property name="File/ImageWidth" value="324"/>
          <property name="System/FileModifyDate" value="2019:12:02 14:35:02"/>
          <property name="System/FileSize" value="17540"/>
        </meta>
      </photo>
    </camera>
    <camera camera_id="90">
      <photo path="../../../243/194.jpg">
        <meta>
          <property name="File/ImageHeight" value="243"/>
          <property name="File/ImageWidth" value="324"/>
          <property name="System/FileModifyDate" value="2019:12:02 14:35:02"/>
          <property name="System/FileSize" value="16924"/>
        </meta>
      </photo>
    </camera>
    <camera camera_id="91">
      <photo path="../../../243/195.jpg">
        <meta>
          <property name="File/ImageHeight" value="243"/>
          <property name="File/ImageWidth" value="324"/>
          <property name="System/FileModifyDate" value="2019:12:02 14:35:02"/>
          <property name="System/FileSize" value="17935"/>
        </meta>
      </photo>
    </camera>
    <camera camera_id="92">
      <photo path="../../../243/196.jpg">
        <meta>
          <property name="File/ImageHeight" value="243"/>
          <property name="File/ImageWidth" value="324"/>
          <property name="System/FileModifyDate" value="2019:12:02 14:35:03"/>
          <property name="System/FileSize" value="18223"/>
        </meta>
      </photo>
    </camera>
    <camera camera_id="93">
      <photo path="../../../243/198.jpg">
        <meta>
          <property name="File/ImageHeight" value="243"/>
          <property name="File/ImageWidth" value="324"/>
          <property name="System/FileModifyDate" value="2019:12:02 14:35:03"/>
          <property name="System/FileSize" value="19734"/>
        </meta>
      </photo>
    </camera>
    <camera camera_id="94">
      <photo path="../../../243/199.jpg">
        <meta>
          <property name="File/ImageHeight" value="243"/>
          <property name="File/ImageWidth" value="324"/>
          <property name="System/FileModifyDate" value="2019:12:02 14:35:03"/>
          <property name="System/FileSize" value="17920"/>
        </meta>
      </photo>
    </camera>
    <camera camera_id="95">
      <photo path="../../../243/201.jpg">
        <meta>
          <property name="File/ImageHeight" value="243"/>
          <property name="File/ImageWidth" value="324"/>
          <property name="System/FileModifyDate" value="2019:12:02 14:35:03"/>
          <property name="System/FileSize" value="17972"/>
        </meta>
      </photo>
    </camera>
    <camera camera_id="96">
      <photo path="../../../243/202.jpg">
        <meta>
          <property name="File/ImageHeight" value="243"/>
          <property name="File/ImageWidth" value="324"/>
          <property name="System/FileModifyDate" value="2019:12:02 14:35:03"/>
          <property name="System/FileSize" value="19051"/>
        </meta>
      </photo>
    </camera>
    <camera camera_id="97">
      <photo path="../../../243/203.jpg">
        <meta>
          <property name="File/ImageHeight" value="243"/>
          <property name="File/ImageWidth" value="324"/>
          <property name="System/FileModifyDate" value="2019:12:02 14:35:03"/>
          <property name="System/FileSize" value="20013"/>
        </meta>
      </photo>
    </camera>
    <camera camera_id="98">
      <photo path="../../../243/204.jpg">
        <meta>
          <property name="File/ImageHeight" value="243"/>
          <property name="File/ImageWidth" value="324"/>
          <property name="System/FileModifyDate" value="2019:12:02 14:35:04"/>
          <property name="System/FileSize" value="18796"/>
        </meta>
      </photo>
    </camera>
    <camera camera_id="99">
      <photo path="../../../243/205.jpg">
        <meta>
          <property name="File/ImageHeight" value="243"/>
          <property name="File/ImageWidth" value="324"/>
          <property name="System/FileModifyDate" value="2019:12:02 14:35:04"/>
          <property name="System/FileSize" value="19813"/>
        </meta>
      </photo>
    </camera>
    <camera camera_id="100">
      <photo path="../../../243/206.jpg">
        <meta>
          <property name="File/ImageHeight" value="243"/>
          <property name="File/ImageWidth" value="324"/>
          <property name="System/FileModifyDate" value="2019:12:02 14:35:04"/>
          <property name="System/FileSize" value="17175"/>
        </meta>
      </photo>
    </camera>
    <camera camera_id="101">
      <photo path="../../../243/207.jpg">
        <meta>
          <property name="File/ImageHeight" value="243"/>
          <property name="File/ImageWidth" value="324"/>
          <property name="System/FileModifyDate" value="2019:12:02 14:35:04"/>
          <property name="System/FileSize" value="19219"/>
        </meta>
      </photo>
    </camera>
    <camera camera_id="102">
      <photo path="../../../243/208.jpg">
        <meta>
          <property name="File/ImageHeight" value="243"/>
          <property name="File/ImageWidth" value="324"/>
          <property name="System/FileModifyDate" value="2019:12:02 14:35:04"/>
          <property name="System/FileSize" value="21720"/>
        </meta>
      </photo>
    </camera>
    <camera camera_id="103">
      <photo path="../../../243/209.jpg">
        <meta>
          <property name="File/ImageHeight" value="243"/>
          <property name="File/ImageWidth" value="324"/>
          <property name="System/FileModifyDate" value="2019:12:02 14:35:04"/>
          <property name="System/FileSize" value="17805"/>
        </meta>
      </photo>
    </camera>
    <camera camera_id="104">
      <photo path="../../../243/210.jpg">
        <meta>
          <property name="File/ImageHeight" value="243"/>
          <property name="File/ImageWidth" value="324"/>
          <property name="System/FileModifyDate" value="2019:12:02 14:35:04"/>
          <property name="System/FileSize" value="21757"/>
        </meta>
      </photo>
    </camera>
    <camera camera_id="105">
      <photo path="../../../243/211.jpg">
        <meta>
          <property name="File/ImageHeight" value="243"/>
          <property name="File/ImageWidth" value="324"/>
          <property name="System/FileModifyDate" value="2019:12:02 14:35:05"/>
          <property name="System/FileSize" value="17549"/>
        </meta>
      </photo>
    </camera>
    <camera camera_id="106">
      <photo path="../../../243/212.jpg">
        <meta>
          <property name="File/ImageHeight" value="243"/>
          <property name="File/ImageWidth" value="324"/>
          <property name="System/FileModifyDate" value="2019:12:02 14:35:05"/>
          <property name="System/FileSize" value="18390"/>
        </meta>
      </photo>
    </camera>
    <camera camera_id="107">
      <photo path="../../../243/213.jpg">
        <meta>
          <property name="File/ImageHeight" value="243"/>
          <property name="File/ImageWidth" value="324"/>
          <property name="System/FileModifyDate" value="2019:12:02 14:35:05"/>
          <property name="System/FileSize" value="22711"/>
        </meta>
      </photo>
    </camera>
    <camera camera_id="108">
      <photo path="../../../243/214.jpg">
        <meta>
          <property name="File/ImageHeight" value="243"/>
          <property name="File/ImageWidth" value="324"/>
          <property name="System/FileModifyDate" value="2019:12:02 14:35:05"/>
          <property name="System/FileSize" value="17940"/>
        </meta>
      </photo>
    </camera>
    <camera camera_id="109">
      <photo path="../../../243/216.jpg">
        <meta>
          <property name="File/ImageHeight" value="243"/>
          <property name="File/ImageWidth" value="324"/>
          <property name="System/FileModifyDate" value="2019:12:02 14:35:05"/>
          <property name="System/FileSize" value="20166"/>
        </meta>
      </photo>
    </camera>
    <camera camera_id="110">
      <photo path="../../../243/218.jpg">
        <meta>
          <property name="File/ImageHeight" value="243"/>
          <property name="File/ImageWidth" value="324"/>
          <property name="System/FileModifyDate" value="2019:12:02 14:35:05"/>
          <property name="System/FileSize" value="19326"/>
        </meta>
      </photo>
    </camera>
    <camera camera_id="111">
      <photo path="../../../243/219.jpg">
        <meta>
          <property name="File/ImageHeight" value="243"/>
          <property name="File/ImageWidth" value="324"/>
          <property name="System/FileModifyDate" value="2019:12:02 14:35:05"/>
          <property name="System/FileSize" value="18600"/>
        </meta>
      </photo>
    </camera>
    <camera camera_id="112">
      <photo path="../../../243/220.jpg">
        <meta>
          <property name="File/ImageHeight" value="243"/>
          <property name="File/ImageWidth" value="324"/>
          <property name="System/FileModifyDate" value="2019:12:02 14:35:06"/>
          <property name="System/FileSize" value="19194"/>
        </meta>
      </photo>
    </camera>
    <camera camera_id="113">
      <photo path="../../../243/221.jpg">
        <meta>
          <property name="File/ImageHeight" value="243"/>
          <property name="File/ImageWidth" value="324"/>
          <property name="System/FileModifyDate" value="2019:12:02 14:35:06"/>
          <property name="System/FileSize" value="17732"/>
        </meta>
      </photo>
    </camera>
    <camera camera_id="114">
      <photo path="../../../243/222.jpg">
        <meta>
          <property name="File/ImageHeight" value="243"/>
          <property name="File/ImageWidth" value="324"/>
          <property name="System/FileModifyDate" value="2019:12:02 14:35:06"/>
          <property name="System/FileSize" value="16910"/>
        </meta>
      </photo>
    </camera>
    <camera camera_id="115">
      <photo path="../../../243/223.jpg">
        <meta>
          <property name="File/ImageHeight" value="243"/>
          <property name="File/ImageWidth" value="324"/>
          <property name="System/FileModifyDate" value="2019:12:02 14:35:06"/>
          <property name="System/FileSize" value="17988"/>
        </meta>
      </photo>
    </camera>
  </cameras>
  <thumbnails path="thumbnails/thumbnails.zip"/>
  <point_cloud path="point_cloud.1/point_cloud.zip"/>
</frame>
