<?xml version="1.0" encoding="UTF-8"?>
<depth_maps version="1.5.0">
  <depth_map camera_id="98" level="0" path="0/d98.exr">
    <calibration type="frame">
      <resolution width="410" height="308"/>
      <f>320.792813591897</f>
      <cx>2.376398873174</cx>
      <cy>9.39435551879112</cy>
    </calibration>
  </depth_map>
  <depth_map camera_id="98" level="1" path="1/d98.exr">
    <calibration type="frame">
      <resolution width="205" height="154"/>
      <f>160.396406795949</f>
      <cx>1.188199436587</cx>
      <cy>4.69717775939556</cy>
    </calibration>
  </depth_map>
  <depth_map camera_id="99" level="0" path="0/d99.exr">
    <calibration type="frame">
      <resolution width="410" height="308"/>
      <f>320.792813591897</f>
      <cx>2.376398873174</cx>
      <cy>9.39435551879112</cy>
    </calibration>
  </depth_map>
  <depth_map camera_id="99" level="1" path="1/d99.exr">
    <calibration type="frame">
      <resolution width="205" height="154"/>
      <f>160.396406795949</f>
      <cx>1.188199436587</cx>
      <cy>4.69717775939556</cy>
    </calibration>
  </depth_map>
  <depth_map camera_id="100" level="0" path="0/d100.exr">
    <calibration type="frame">
      <resolution width="410" height="308"/>
      <f>320.792813591897</f>
      <cx>2.376398873174</cx>
      <cy>9.39435551879112</cy>
    </calibration>
  </depth_map>
  <depth_map camera_id="100" level="1" path="1/d100.exr">
    <calibration type="frame">
      <resolution width="205" height="154"/>
      <f>160.396406795949</f>
      <cx>1.188199436587</cx>
      <cy>4.69717775939556</cy>
    </calibration>
  </depth_map>
  <depth_map camera_id="101" level="0" path="0/d101.exr">
    <calibration type="frame">
      <resolution width="410" height="308"/>
      <f>320.792813591897</f>
      <cx>2.376398873174</cx>
      <cy>9.39435551879112</cy>
    </calibration>
  </depth_map>
  <depth_map camera_id="101" level="1" path="1/d101.exr">
    <calibration type="frame">
      <resolution width="205" height="154"/>
      <f>160.396406795949</f>
      <cx>1.188199436587</cx>
      <cy>4.69717775939556</cy>
    </calibration>
  </depth_map>
  <depth_map camera_id="114" level="0" path="0/d114.exr">
    <calibration type="frame">
      <resolution width="410" height="308"/>
      <f>320.792813591897</f>
      <cx>2.376398873174</cx>
      <cy>9.39435551879112</cy>
    </calibration>
  </depth_map>
  <depth_map camera_id="114" level="1" path="1/d114.exr">
    <calibration type="frame">
      <resolution width="205" height="154"/>
      <f>160.396406795949</f>
      <cx>1.188199436587</cx>
      <cy>4.69717775939556</cy>
    </calibration>
  </depth_map>
  <depth_map camera_id="115" level="0" path="0/d115.exr">
    <calibration type="frame">
      <resolution width="410" height="308"/>
      <f>320.792813591897</f>
      <cx>2.376398873174</cx>
      <cy>9.39435551879112</cy>
    </calibration>
  </depth_map>
  <depth_map camera_id="115" level="1" path="1/d115.exr">
    <calibration type="frame">
      <resolution width="205" height="154"/>
      <f>160.396406795949</f>
      <cx>1.188199436587</cx>
      <cy>4.69717775939556</cy>
    </calibration>
  </depth_map>
  <depth_map camera_id="116" level="0" path="0/d116.exr">
    <calibration type="frame">
      <resolution width="410" height="308"/>
      <f>320.792813591897</f>
      <cx>2.376398873174</cx>
      <cy>9.39435551879112</cy>
    </calibration>
  </depth_map>
  <depth_map camera_id="116" level="1" path="1/d116.exr">
    <calibration type="frame">
      <resolution width="205" height="154"/>
      <f>160.396406795949</f>
      <cx>1.188199436587</cx>
      <cy>4.69717775939556</cy>
    </calibration>
  </depth_map>
  <depth_map camera_id="117" level="0" path="0/d117.exr">
    <calibration type="frame">
      <resolution width="410" height="308"/>
      <f>320.792813591897</f>
      <cx>2.376398873174</cx>
      <cy>9.39435551879112</cy>
    </calibration>
  </depth_map>
  <depth_map camera_id="117" level="1" path="1/d117.exr">
    <calibration type="frame">
      <resolution width="205" height="154"/>
      <f>160.396406795949</f>
      <cx>1.188199436587</cx>
      <cy>4.69717775939556</cy>
    </calibration>
  </depth_map>
  <depth_map camera_id="129" level="0" path="0/d129.exr">
    <calibration type="frame">
      <resolution width="410" height="308"/>
      <f>320.792813591897</f>
      <cx>2.376398873174</cx>
      <cy>9.39435551879112</cy>
    </calibration>
  </depth_map>
  <depth_map camera_id="129" level="1" path="1/d129.exr">
    <calibration type="frame">
      <resolution width="205" height="154"/>
      <f>160.396406795949</f>
      <cx>1.188199436587</cx>
      <cy>4.69717775939556</cy>
    </calibration>
  </depth_map>
  <depth_map camera_id="130" level="0" path="0/d130.exr">
    <calibration type="frame">
      <resolution width="410" height="308"/>
      <f>320.792813591897</f>
      <cx>2.376398873174</cx>
      <cy>9.39435551879112</cy>
    </calibration>
  </depth_map>
  <depth_map camera_id="130" level="1" path="1/d130.exr">
    <calibration type="frame">
      <resolution width="205" height="154"/>
      <f>160.396406795949</f>
      <cx>1.188199436587</cx>
      <cy>4.69717775939556</cy>
    </calibration>
  </depth_map>
  <depth_map camera_id="131" level="0" path="0/d131.exr">
    <calibration type="frame">
      <resolution width="410" height="308"/>
      <f>320.792813591897</f>
      <cx>2.376398873174</cx>
      <cy>9.39435551879112</cy>
    </calibration>
  </depth_map>
  <depth_map camera_id="131" level="1" path="1/d131.exr">
    <calibration type="frame">
      <resolution width="205" height="154"/>
      <f>160.396406795949</f>
      <cx>1.188199436587</cx>
      <cy>4.69717775939556</cy>
    </calibration>
  </depth_map>
  <depth_map camera_id="133" level="0" path="0/d133.exr">
    <calibration type="frame">
      <resolution width="410" height="308"/>
      <f>320.792813591897</f>
      <cx>2.376398873174</cx>
      <cy>9.39435551879112</cy>
    </calibration>
  </depth_map>
  <depth_map camera_id="133" level="1" path="1/d133.exr">
    <calibration type="frame">
      <resolution width="205" height="154"/>
      <f>160.396406795949</f>
      <cx>1.188199436587</cx>
      <cy>4.69717775939556</cy>
    </calibration>
  </depth_map>
  <depth_map camera_id="145" level="0" path="0/d145.exr">
    <calibration type="frame">
      <resolution width="410" height="308"/>
      <f>320.792813591897</f>
      <cx>2.376398873174</cx>
      <cy>9.39435551879112</cy>
    </calibration>
  </depth_map>
  <depth_map camera_id="145" level="1" path="1/d145.exr">
    <calibration type="frame">
      <resolution width="205" height="154"/>
      <f>160.396406795949</f>
      <cx>1.188199436587</cx>
      <cy>4.69717775939556</cy>
    </calibration>
  </depth_map>
  <depth_map camera_id="146" level="0" path="0/d146.exr">
    <calibration type="frame">
      <resolution width="410" height="308"/>
      <f>320.792813591897</f>
      <cx>2.376398873174</cx>
      <cy>9.39435551879112</cy>
    </calibration>
  </depth_map>
  <depth_map camera_id="146" level="1" path="1/d146.exr">
    <calibration type="frame">
      <resolution width="205" height="154"/>
      <f>160.396406795949</f>
      <cx>1.188199436587</cx>
      <cy>4.69717775939556</cy>
    </calibration>
  </depth_map>
  <depth_map camera_id="147" level="0" path="0/d147.exr">
    <calibration type="frame">
      <resolution width="410" height="308"/>
      <f>320.792813591897</f>
      <cx>2.376398873174</cx>
      <cy>9.39435551879112</cy>
    </calibration>
  </depth_map>
  <depth_map camera_id="147" level="1" path="1/d147.exr">
    <calibration type="frame">
      <resolution width="205" height="154"/>
      <f>160.396406795949</f>
      <cx>1.188199436587</cx>
      <cy>4.69717775939556</cy>
    </calibration>
  </depth_map>
  <depth_map camera_id="149" level="0" path="0/d149.exr">
    <calibration type="frame">
      <resolution width="410" height="308"/>
      <f>320.792813591897</f>
      <cx>2.376398873174</cx>
      <cy>9.39435551879112</cy>
    </calibration>
  </depth_map>
  <depth_map camera_id="149" level="1" path="1/d149.exr">
    <calibration type="frame">
      <resolution width="205" height="154"/>
      <f>160.396406795949</f>
      <cx>1.188199436587</cx>
      <cy>4.69717775939556</cy>
    </calibration>
  </depth_map>
  <depth_map camera_id="161" level="0" path="0/d161.exr">
    <calibration type="frame">
      <resolution width="410" height="308"/>
      <f>320.792813591897</f>
      <cx>2.376398873174</cx>
      <cy>9.39435551879112</cy>
    </calibration>
  </depth_map>
  <depth_map camera_id="161" level="1" path="1/d161.exr">
    <calibration type="frame">
      <resolution width="205" height="154"/>
      <f>160.396406795949</f>
      <cx>1.188199436587</cx>
      <cy>4.69717775939556</cy>
    </calibration>
  </depth_map>
  <depth_map camera_id="162" level="0" path="0/d162.exr">
    <calibration type="frame">
      <resolution width="410" height="308"/>
      <f>320.792813591897</f>
      <cx>2.376398873174</cx>
      <cy>9.39435551879112</cy>
    </calibration>
  </depth_map>
  <depth_map camera_id="162" level="1" path="1/d162.exr">
    <calibration type="frame">
      <resolution width="205" height="154"/>
      <f>160.396406795949</f>
      <cx>1.188199436587</cx>
      <cy>4.69717775939556</cy>
    </calibration>
  </depth_map>
  <depth_map camera_id="163" level="0" path="0/d163.exr">
    <calibration type="frame">
      <resolution width="410" height="308"/>
      <f>320.792813591897</f>
      <cx>2.376398873174</cx>
      <cy>9.39435551879112</cy>
    </calibration>
  </depth_map>
  <depth_map camera_id="163" level="1" path="1/d163.exr">
    <calibration type="frame">
      <resolution width="205" height="154"/>
      <f>160.396406795949</f>
      <cx>1.188199436587</cx>
      <cy>4.69717775939556</cy>
    </calibration>
  </depth_map>
</depth_maps>
