<?xml version="1.0" encoding="UTF-8"?>
<point_cloud version="1.2.0">
  <params>
    <dataType>uint8</dataType>
    <bands>
      <band label="Red"/>
      <band label="Green"/>
      <band label="Blue"/>
    </bands>
  </params>
  <tracks path="tracks.ply" count="6812"/>
  <points path="points.ply" count="283"/>
  <projections camera_id="0" path="p0.ply" count="108"/>
  <projections camera_id="1" path="p1.ply" count="58"/>
  <projections camera_id="2" path="p2.ply" count="76"/>
  <projections camera_id="3" path="p3.ply" count="201"/>
  <projections camera_id="4" path="p4.ply" count="67"/>
  <projections camera_id="5" path="p5.ply" count="130"/>
  <projections camera_id="6" path="p6.ply" count="105"/>
  <projections camera_id="7" path="p7.ply" count="112"/>
  <projections camera_id="8" path="p8.ply" count="161"/>
  <projections camera_id="9" path="p9.ply" count="106"/>
  <projections camera_id="10" path="p10.ply" count="161"/>
  <projections camera_id="11" path="p11.ply" count="174"/>
  <projections camera_id="12" path="p12.ply" count="93"/>
  <projections camera_id="13" path="p13.ply" count="101"/>
  <projections camera_id="14" path="p14.ply" count="92"/>
  <projections camera_id="15" path="p15.ply" count="179"/>
  <projections camera_id="16" path="p16.ply" count="178"/>
  <projections camera_id="17" path="p17.ply" count="118"/>
  <projections camera_id="18" path="p18.ply" count="141"/>
  <projections camera_id="19" path="p19.ply" count="147"/>
  <projections camera_id="20" path="p20.ply" count="159"/>
  <projections camera_id="21" path="p21.ply" count="167"/>
  <projections camera_id="22" path="p22.ply" count="152"/>
  <projections camera_id="23" path="p23.ply" count="115"/>
  <projections camera_id="24" path="p24.ply" count="155"/>
  <projections camera_id="25" path="p25.ply" count="168"/>
  <projections camera_id="26" path="p26.ply" count="193"/>
  <projections camera_id="27" path="p27.ply" count="149"/>
  <projections camera_id="28" path="p28.ply" count="128"/>
  <projections camera_id="29" path="p29.ply" count="111"/>
  <projections camera_id="30" path="p30.ply" count="164"/>
  <projections camera_id="31" path="p31.ply" count="174"/>
  <projections camera_id="32" path="p32.ply" count="134"/>
  <projections camera_id="33" path="p33.ply" count="151"/>
  <projections camera_id="34" path="p34.ply" count="69"/>
  <projections camera_id="35" path="p35.ply" count="118"/>
  <projections camera_id="36" path="p36.ply" count="160"/>
  <projections camera_id="37" path="p37.ply" count="109"/>
  <projections camera_id="38" path="p38.ply" count="98"/>
  <projections camera_id="39" path="p39.ply" count="117"/>
  <projections camera_id="40" path="p40.ply" count="153"/>
  <projections camera_id="41" path="p41.ply" count="160"/>
  <projections camera_id="42" path="p42.ply" count="102"/>
  <projections camera_id="43" path="p43.ply" count="61"/>
  <projections camera_id="44" path="p44.ply" count="137"/>
  <projections camera_id="45" path="p45.ply" count="161"/>
  <projections camera_id="46" path="p46.ply" count="148"/>
  <projections camera_id="47" path="p47.ply" count="116"/>
  <projections camera_id="48" path="p48.ply" count="135"/>
  <projections camera_id="49" path="p49.ply" count="159"/>
  <projections camera_id="50" path="p50.ply" count="135"/>
  <projections camera_id="51" path="p51.ply" count="124"/>
  <projections camera_id="52" path="p52.ply" count="139"/>
  <projections camera_id="53" path="p53.ply" count="151"/>
  <projections camera_id="54" path="p54.ply" count="95"/>
  <projections camera_id="55" path="p55.ply" count="118"/>
  <projections camera_id="56" path="p56.ply" count="119"/>
  <projections camera_id="57" path="p57.ply" count="85"/>
  <projections camera_id="58" path="p58.ply" count="148"/>
  <projections camera_id="59" path="p59.ply" count="94"/>
  <projections camera_id="60" path="p60.ply" count="149"/>
  <projections camera_id="61" path="p61.ply" count="135"/>
  <projections camera_id="62" path="p62.ply" count="197"/>
  <projections camera_id="63" path="p63.ply" count="128"/>
  <projections camera_id="64" path="p64.ply" count="110"/>
  <projections camera_id="65" path="p65.ply" count="106"/>
  <projections camera_id="66" path="p66.ply" count="133"/>
  <projections camera_id="67" path="p67.ply" count="138"/>
  <projections camera_id="68" path="p68.ply" count="157"/>
  <projections camera_id="69" path="p69.ply" count="126"/>
  <projections camera_id="70" path="p70.ply" count="144"/>
  <projections camera_id="71" path="p71.ply" count="177"/>
  <projections camera_id="72" path="p72.ply" count="104"/>
  <projections camera_id="73" path="p73.ply" count="178"/>
  <projections camera_id="74" path="p74.ply" count="162"/>
  <projections camera_id="75" path="p75.ply" count="179"/>
  <projections camera_id="76" path="p76.ply" count="175"/>
  <projections camera_id="77" path="p77.ply" count="175"/>
  <projections camera_id="78" path="p78.ply" count="202"/>
  <projections camera_id="79" path="p79.ply" count="168"/>
  <projections camera_id="80" path="p80.ply" count="198"/>
  <projections camera_id="81" path="p81.ply" count="167"/>
  <projections camera_id="82" path="p82.ply" count="230"/>
  <projections camera_id="83" path="p83.ply" count="193"/>
  <projections camera_id="84" path="p84.ply" count="216"/>
  <projections camera_id="85" path="p85.ply" count="230"/>
  <projections camera_id="86" path="p86.ply" count="208"/>
  <projections camera_id="87" path="p87.ply" count="209"/>
  <projections camera_id="88" path="p88.ply" count="210"/>
  <projections camera_id="89" path="p89.ply" count="157"/>
  <projections camera_id="90" path="p90.ply" count="204"/>
  <projections camera_id="91" path="p91.ply" count="177"/>
  <projections camera_id="92" path="p92.ply" count="115"/>
  <projections camera_id="93" path="p93.ply" count="119"/>
  <projections camera_id="94" path="p94.ply" count="160"/>
  <projections camera_id="95" path="p95.ply" count="150"/>
  <projections camera_id="96" path="p96.ply" count="107"/>
  <projections camera_id="97" path="p97.ply" count="109"/>
  <projections camera_id="98" path="p98.ply" count="159"/>
  <projections camera_id="99" path="p99.ply" count="119"/>
  <projections camera_id="100" path="p100.ply" count="87"/>
  <projections camera_id="101" path="p101.ply" count="80"/>
  <projections camera_id="102" path="p102.ply" count="113"/>
  <projections camera_id="103" path="p103.ply" count="170"/>
  <projections camera_id="104" path="p104.ply" count="83"/>
  <projections camera_id="105" path="p105.ply" count="100"/>
  <projections camera_id="106" path="p106.ply" count="65"/>
  <projections camera_id="107" path="p107.ply" count="87"/>
  <projections camera_id="108" path="p108.ply" count="188"/>
  <projections camera_id="109" path="p109.ply" count="67"/>
  <projections camera_id="110" path="p110.ply" count="152"/>
  <projections camera_id="111" path="p111.ply" count="196"/>
  <projections camera_id="112" path="p112.ply" count="98"/>
  <projections camera_id="113" path="p113.ply" count="96"/>
  <projections camera_id="114" path="p114.ply" count="175"/>
  <projections camera_id="115" path="p115.ply" count="159"/>
  <meta>
    <property name="Info/LastSavedDateTime" value="2019:12:02 23:07:46"/>
    <property name="Info/LastSavedSoftwareVersion" value="1.5.5.9097"/>
    <property name="Info/OriginalDateTime" value="2019:12:02 22:38:49"/>
    <property name="Info/OriginalSoftwareVersion" value="1.5.5.9097"/>
    <property name="MatchPhotos/cameras" value=""/>
    <property name="MatchPhotos/downscale" value="0"/>
    <property name="MatchPhotos/duration" value="53.987"/>
    <property name="MatchPhotos/keypoint_limit" value="40000"/>
    <property name="MatchPhotos/max_workgroup_size" value="100"/>
    <property name="MatchPhotos/network_distribute" value="true"/>
    <property name="MatchPhotos/pairs" value=""/>
    <property name="MatchPhotos/preselection_generic" value="true"/>
    <property name="MatchPhotos/reset_matches" value="true"/>
    <property name="MatchPhotos/store_keypoints" value="false"/>
    <property name="MatchPhotos/tiepoint_limit" value="4000"/>
    <property name="MatchPhotos/workitem_size_cameras" value="20"/>
    <property name="MatchPhotos/workitem_size_pairs" value="80"/>
  </meta>
</point_cloud>
