<?xml version="1.0" encoding="UTF-8"?>
<point_cloud version="1.2.0">
  <params>
    <dataType>uint8</dataType>
    <bands>
      <band label="Red"/>
      <band label="Green"/>
      <band label="Blue"/>
    </bands>
  </params>
  <tracks path="tracks.ply" count="24142"/>
  <points path="points.ply" count="22177"/>
  <projections camera_id="0" path="p0.ply" count="541"/>
  <projections camera_id="1" path="p1.ply" count="677"/>
  <projections camera_id="2" path="p2.ply" count="498"/>
  <projections camera_id="3" path="p3.ply" count="411"/>
  <projections camera_id="4" path="p4.ply" count="313"/>
  <projections camera_id="5" path="p5.ply" count="276"/>
  <projections camera_id="6" path="p6.ply" count="320"/>
  <projections camera_id="7" path="p7.ply" count="487"/>
  <projections camera_id="8" path="p8.ply" count="559"/>
  <projections camera_id="9" path="p9.ply" count="673"/>
  <projections camera_id="20" path="p20.ply" count="3020"/>
  <projections camera_id="21" path="p21.ply" count="3299"/>
  <projections camera_id="22" path="p22.ply" count="2872"/>
  <projections camera_id="23" path="p23.ply" count="2676"/>
  <projections camera_id="24" path="p24.ply" count="2183"/>
  <projections camera_id="25" path="p25.ply" count="2271"/>
  <projections camera_id="26" path="p26.ply" count="2334"/>
  <projections camera_id="27" path="p27.ply" count="2726"/>
  <projections camera_id="28" path="p28.ply" count="2949"/>
  <projections camera_id="29" path="p29.ply" count="3102"/>
  <projections camera_id="30" path="p30.ply" count="3081"/>
  <projections camera_id="31" path="p31.ply" count="3440"/>
  <projections camera_id="32" path="p32.ply" count="2994"/>
  <projections camera_id="33" path="p33.ply" count="2523"/>
  <projections camera_id="34" path="p34.ply" count="2160"/>
  <projections camera_id="35" path="p35.ply" count="2319"/>
  <projections camera_id="36" path="p36.ply" count="2347"/>
  <projections camera_id="37" path="p37.ply" count="2669"/>
  <projections camera_id="38" path="p38.ply" count="3032"/>
  <projections camera_id="39" path="p39.ply" count="3424"/>
  <meta>
    <property name="Info/LastSavedDateTime" value="2019:12:22 03:33:11"/>
    <property name="Info/LastSavedSoftwareVersion" value="1.5.5.9097"/>
    <property name="Info/OriginalDateTime" value="2019:12:20 18:58:35"/>
    <property name="Info/OriginalSoftwareVersion" value="1.5.5.9097"/>
    <property name="MatchPhotos/downscale" value="0"/>
    <property name="MatchPhotos/duration" value="16.932"/>
    <property name="MatchPhotos/keypoint_limit" value="80000"/>
    <property name="MatchPhotos/max_workgroup_size" value="100"/>
    <property name="MatchPhotos/network_distribute" value="true"/>
    <property name="MatchPhotos/preselection_generic" value="true"/>
    <property name="MatchPhotos/reset_matches" value="false"/>
    <property name="MatchPhotos/store_keypoints" value="false"/>
    <property name="MatchPhotos/tiepoint_limit" value="16000"/>
    <property name="MatchPhotos/workitem_size_cameras" value="20"/>
    <property name="MatchPhotos/workitem_size_pairs" value="80"/>
  </meta>
</point_cloud>
