<?xml version="1.0" encoding="UTF-8"?>
<tiled_model version="1.2.0">
  <params>
    <channelCount>3</channelCount>
    <dataType>uint8</dataType>
    <channels>
      <red>0</red>
      <green>1</green>
      <blue>2</blue>
    </channels>
  </params>
  <tiles>
    <tile path="tiled_model.tls"/>
  </tiles>
  <transform>1.0000000000000000e+000 0.0000000000000000e+000 0.0000000000000000e+000 -4.0889105165791513e+000 0.0000000000000000e+000 1.0000000000000000e+000 0.0000000000000000e+000 -1.7844179339643897e+000 0.0000000000000000e+000 0.0000000000000000e+000 1.0000000000000000e+000 -6.5928704976609183e+000 0.0000000000000000e+000 0.0000000000000000e+000 0.0000000000000000e+000 1.0000000000000000e+000</transform>
  <meta>
    <property name="BuildDepthMaps/downscale" value="1"/>
    <property name="BuildDepthMaps/duration" value="182.944"/>
    <property name="BuildDepthMaps/filter_mode" value="0"/>
    <property name="BuildDepthMaps/max_neighbors" value="-1"/>
    <property name="BuildDepthMaps/max_workgroup_size" value="100"/>
    <property name="BuildDepthMaps/network_distribute" value="true"/>
    <property name="BuildDepthMaps/reuse_depth" value="false"/>
    <property name="BuildDepthMaps/workitem_size_cameras" value="20"/>
    <property name="BuildTiledModel/duration" value="403.762"/>
    <property name="BuildTiledModel/face_count" value="100000"/>
    <property name="BuildTiledModel/ghosting_filter" value="false"/>
    <property name="BuildTiledModel/max_workgroup_size" value="100"/>
    <property name="BuildTiledModel/network_distribute" value="true"/>
    <property name="BuildTiledModel/nlevels" value="5"/>
    <property name="BuildTiledModel/nnodes" value="176"/>
    <property name="BuildTiledModel/pixel_size" value="0.00380679"/>
    <property name="BuildTiledModel/resolution" value="0.00380679"/>
    <property name="BuildTiledModel/source_data" value="1"/>
    <property name="BuildTiledModel/store_depth" value="true"/>
    <property name="BuildTiledModel/tile_size" value="256"/>
    <property name="BuildTiledModel/transfer_texture" value="false"/>
    <property name="BuildTiledModel/workitem_size_cameras" value="20"/>
    <property name="Info/LastSavedDateTime" value="2019:12:22 03:32:37"/>
    <property name="Info/LastSavedSoftwareVersion" value="1.5.5.9097"/>
    <property name="Info/OriginalDateTime" value="2019:12:20 22:06:13"/>
    <property name="Info/OriginalSoftwareVersion" value="1.5.5.9097"/>
  </meta>
</tiled_model>
