<?xml version="1.0" encoding="UTF-8"?>
<point_cloud version="1.2.0">
  <params>
    <dataType>uint8</dataType>
    <bands>
      <band label="Red"/>
      <band label="Green"/>
      <band label="Blue"/>
    </bands>
  </params>
  <tracks path="tracks.ply" count="2340"/>
  <points path="points.ply" count="1103"/>
  <projections camera_id="16" path="p16.ply" count="273"/>
  <projections camera_id="17" path="p17.ply" count="341"/>
  <projections camera_id="18" path="p18.ply" count="338"/>
  <projections camera_id="19" path="p19.ply" count="411"/>
  <projections camera_id="20" path="p20.ply" count="229"/>
  <projections camera_id="21" path="p21.ply" count="323"/>
  <projections camera_id="22" path="p22.ply" count="437"/>
  <projections camera_id="23" path="p23.ply" count="304"/>
  <projections camera_id="24" path="p24.ply" count="274"/>
  <projections camera_id="25" path="p25.ply" count="339"/>
  <projections camera_id="26" path="p26.ply" count="345"/>
  <projections camera_id="27" path="p27.ply" count="418"/>
  <projections camera_id="28" path="p28.ply" count="269"/>
  <projections camera_id="29" path="p29.ply" count="289"/>
  <projections camera_id="30" path="p30.ply" count="342"/>
  <projections camera_id="31" path="p31.ply" count="263"/>
  <meta>
    <property name="Info/LastSavedDateTime" value="2019:12:06 22:33:59"/>
    <property name="Info/LastSavedSoftwareVersion" value="1.5.5.9097"/>
    <property name="Info/OriginalDateTime" value="2019:12:06 22:25:29"/>
    <property name="Info/OriginalSoftwareVersion" value="1.5.5.9097"/>
    <property name="MatchPhotos/cameras" value=""/>
    <property name="MatchPhotos/downscale" value="0"/>
    <property name="MatchPhotos/duration" value="6.833"/>
    <property name="MatchPhotos/keypoint_limit" value="500000"/>
    <property name="MatchPhotos/max_workgroup_size" value="100"/>
    <property name="MatchPhotos/network_distribute" value="true"/>
    <property name="MatchPhotos/pairs" value=""/>
    <property name="MatchPhotos/preselection_generic" value="true"/>
    <property name="MatchPhotos/reset_matches" value="true"/>
    <property name="MatchPhotos/store_keypoints" value="false"/>
    <property name="MatchPhotos/tiepoint_limit" value="50000"/>
    <property name="MatchPhotos/workitem_size_cameras" value="20"/>
    <property name="MatchPhotos/workitem_size_pairs" value="80"/>
  </meta>
</point_cloud>
