<?xml version="1.0" encoding="UTF-8"?>
<point_cloud version="1.2.0">
  <params>
    <dataType>uint8</dataType>
    <bands>
      <band label="Red"/>
      <band label="Green"/>
      <band label="Blue"/>
    </bands>
  </params>
  <tracks path="tracks.ply" count="20206"/>
  <points path="points.ply" count="16063"/>
  <projections camera_id="0" path="p0.ply" count="649"/>
  <projections camera_id="1" path="p1.ply" count="791"/>
  <projections camera_id="2" path="p2.ply" count="783"/>
  <projections camera_id="3" path="p3.ply" count="797"/>
  <projections camera_id="4" path="p4.ply" count="808"/>
  <projections camera_id="5" path="p5.ply" count="964"/>
  <projections camera_id="6" path="p6.ply" count="929"/>
  <projections camera_id="7" path="p7.ply" count="861"/>
  <projections camera_id="8" path="p8.ply" count="832"/>
  <projections camera_id="9" path="p9.ply" count="761"/>
  <projections camera_id="10" path="p10.ply" count="875"/>
  <projections camera_id="11" path="p11.ply" count="764"/>
  <projections camera_id="12" path="p12.ply" count="881"/>
  <projections camera_id="13" path="p13.ply" count="858"/>
  <projections camera_id="14" path="p14.ply" count="788"/>
  <projections camera_id="15" path="p15.ply" count="711"/>
  <projections camera_id="16" path="p16.ply" count="870"/>
  <projections camera_id="17" path="p17.ply" count="743"/>
  <projections camera_id="18" path="p18.ply" count="833"/>
  <projections camera_id="19" path="p19.ply" count="898"/>
  <projections camera_id="20" path="p20.ply" count="803"/>
  <projections camera_id="21" path="p21.ply" count="930"/>
  <projections camera_id="22" path="p22.ply" count="959"/>
  <projections camera_id="23" path="p23.ply" count="976"/>
  <projections camera_id="24" path="p24.ply" count="818"/>
  <projections camera_id="25" path="p25.ply" count="901"/>
  <projections camera_id="26" path="p26.ply" count="764"/>
  <projections camera_id="27" path="p27.ply" count="758"/>
  <projections camera_id="28" path="p28.ply" count="855"/>
  <projections camera_id="29" path="p29.ply" count="921"/>
  <projections camera_id="30" path="p30.ply" count="834"/>
  <projections camera_id="31" path="p31.ply" count="698"/>
  <projections camera_id="32" path="p32.ply" count="753"/>
  <projections camera_id="33" path="p33.ply" count="693"/>
  <projections camera_id="34" path="p34.ply" count="739"/>
  <projections camera_id="35" path="p35.ply" count="708"/>
  <projections camera_id="36" path="p36.ply" count="512"/>
  <projections camera_id="37" path="p37.ply" count="694"/>
  <projections camera_id="38" path="p38.ply" count="787"/>
  <projections camera_id="39" path="p39.ply" count="807"/>
  <projections camera_id="40" path="p40.ply" count="784"/>
  <projections camera_id="41" path="p41.ply" count="735"/>
  <projections camera_id="42" path="p42.ply" count="691"/>
  <projections camera_id="43" path="p43.ply" count="713"/>
  <projections camera_id="44" path="p44.ply" count="675"/>
  <projections camera_id="45" path="p45.ply" count="747"/>
  <projections camera_id="46" path="p46.ply" count="871"/>
  <projections camera_id="47" path="p47.ply" count="501"/>
  <projections camera_id="48" path="p48.ply" count="758"/>
  <projections camera_id="49" path="p49.ply" count="914"/>
  <projections camera_id="50" path="p50.ply" count="934"/>
  <projections camera_id="51" path="p51.ply" count="878"/>
  <projections camera_id="52" path="p52.ply" count="827"/>
  <projections camera_id="53" path="p53.ply" count="948"/>
  <projections camera_id="54" path="p54.ply" count="1087"/>
  <projections camera_id="55" path="p55.ply" count="809"/>
  <projections camera_id="56" path="p56.ply" count="756"/>
  <projections camera_id="57" path="p57.ply" count="733"/>
  <projections camera_id="58" path="p58.ply" count="827"/>
  <projections camera_id="59" path="p59.ply" count="807"/>
  <projections camera_id="60" path="p60.ply" count="812"/>
  <projections camera_id="61" path="p61.ply" count="945"/>
  <projections camera_id="62" path="p62.ply" count="899"/>
  <projections camera_id="63" path="p63.ply" count="744"/>
  <projections camera_id="64" path="p64.ply" count="599"/>
  <projections camera_id="65" path="p65.ply" count="689"/>
  <projections camera_id="66" path="p66.ply" count="791"/>
  <projections camera_id="67" path="p67.ply" count="738"/>
  <projections camera_id="68" path="p68.ply" count="599"/>
  <projections camera_id="69" path="p69.ply" count="684"/>
  <projections camera_id="70" path="p70.ply" count="818"/>
  <projections camera_id="71" path="p71.ply" count="763"/>
  <projections camera_id="72" path="p72.ply" count="582"/>
  <projections camera_id="73" path="p73.ply" count="652"/>
  <projections camera_id="74" path="p74.ply" count="669"/>
  <projections camera_id="75" path="p75.ply" count="685"/>
  <projections camera_id="76" path="p76.ply" count="625"/>
  <projections camera_id="77" path="p77.ply" count="526"/>
  <projections camera_id="78" path="p78.ply" count="632"/>
  <projections camera_id="79" path="p79.ply" count="586"/>
  <projections camera_id="80" path="p80.ply" count="429"/>
  <projections camera_id="81" path="p81.ply" count="281"/>
  <projections camera_id="82" path="p82.ply" count="545"/>
  <projections camera_id="83" path="p83.ply" count="514"/>
  <projections camera_id="84" path="p84.ply" count="682"/>
  <projections camera_id="85" path="p85.ply" count="574"/>
  <projections camera_id="86" path="p86.ply" count="590"/>
  <projections camera_id="87" path="p87.ply" count="495"/>
  <meta>
    <property name="Info/LastSavedDateTime" value="2019:12:06 23:18:39"/>
    <property name="Info/LastSavedSoftwareVersion" value="1.5.5.9097"/>
    <property name="Info/OriginalDateTime" value="2019:12:06 23:18:26"/>
    <property name="Info/OriginalSoftwareVersion" value="1.5.5.9097"/>
    <property name="MatchPhotos/cameras" value=""/>
    <property name="MatchPhotos/downscale" value="1"/>
    <property name="MatchPhotos/duration" value="63.18"/>
    <property name="MatchPhotos/keypoint_limit" value="40000"/>
    <property name="MatchPhotos/max_workgroup_size" value="100"/>
    <property name="MatchPhotos/network_distribute" value="true"/>
    <property name="MatchPhotos/pairs" value=""/>
    <property name="MatchPhotos/preselection_generic" value="true"/>
    <property name="MatchPhotos/reset_matches" value="false"/>
    <property name="MatchPhotos/store_keypoints" value="false"/>
    <property name="MatchPhotos/tiepoint_limit" value="4000"/>
    <property name="MatchPhotos/workitem_size_cameras" value="20"/>
    <property name="MatchPhotos/workitem_size_pairs" value="80"/>
  </meta>
</point_cloud>
