<?xml version="1.0" encoding="UTF-8"?>
<frame version="1.2.0">
  <cameras>
    <camera camera_id="0">
      <photo path="../../../821_16_view/17_YukihiroIwayama.jpg">
        <meta>
          <property name="File/ImageHeight" value="821"/>
          <property name="File/ImageWidth" value="1093"/>
          <property name="System/FileModifyDate" value="2019:12:06 15:15:19"/>
          <property name="System/FileSize" value="118994"/>
        </meta>
      </photo>
    </camera>
    <camera camera_id="1">
      <photo path="../../../821_16_view/19_YukihiroIwayama.jpg">
        <meta>
          <property name="File/ImageHeight" value="821"/>
          <property name="File/ImageWidth" value="1093"/>
          <property name="System/FileModifyDate" value="2019:12:06 15:15:19"/>
          <property name="System/FileSize" value="134170"/>
        </meta>
      </photo>
    </camera>
    <camera camera_id="2">
      <photo path="../../../821_16_view/21_YukihiroIwayama.jpg">
        <meta>
          <property name="File/ImageHeight" value="821"/>
          <property name="File/ImageWidth" value="1093"/>
          <property name="System/FileModifyDate" value="2019:12:06 15:15:20"/>
          <property name="System/FileSize" value="126770"/>
        </meta>
      </photo>
    </camera>
    <camera camera_id="3">
      <photo path="../../../821_16_view/23_YukihiroIwayama.jpg">
        <meta>
          <property name="File/ImageHeight" value="821"/>
          <property name="File/ImageWidth" value="1093"/>
          <property name="System/FileModifyDate" value="2019:12:06 15:15:21"/>
          <property name="System/FileSize" value="124063"/>
        </meta>
      </photo>
    </camera>
    <camera camera_id="4">
      <photo path="../../../821_16_view/25_YukihiroIwayama.jpg">
        <meta>
          <property name="File/ImageHeight" value="821"/>
          <property name="File/ImageWidth" value="1093"/>
          <property name="System/FileModifyDate" value="2019:12:06 15:15:21"/>
          <property name="System/FileSize" value="117580"/>
        </meta>
      </photo>
    </camera>
    <camera camera_id="5">
      <photo path="../../../821_16_view/27_YukihiroIwayama.jpg">
        <meta>
          <property name="File/ImageHeight" value="821"/>
          <property name="File/ImageWidth" value="1093"/>
          <property name="System/FileModifyDate" value="2019:12:06 15:15:22"/>
          <property name="System/FileSize" value="126845"/>
        </meta>
      </photo>
    </camera>
    <camera camera_id="6">
      <photo path="../../../821_16_view/29_YukihiroIwayama.jpg">
        <meta>
          <property name="File/ImageHeight" value="821"/>
          <property name="File/ImageWidth" value="1093"/>
          <property name="System/FileModifyDate" value="2019:12:06 15:15:22"/>
          <property name="System/FileSize" value="124855"/>
        </meta>
      </photo>
    </camera>
    <camera camera_id="7">
      <photo path="../../../821_16_view/31_YukihiroIwayama.jpg">
        <meta>
          <property name="File/ImageHeight" value="821"/>
          <property name="File/ImageWidth" value="1093"/>
          <property name="System/FileModifyDate" value="2019:12:06 15:15:23"/>
          <property name="System/FileSize" value="114216"/>
        </meta>
      </photo>
    </camera>
    <camera camera_id="8">
      <photo path="../../../821_16_view/49_YukihiroIwayama.jpg">
        <meta>
          <property name="File/ImageHeight" value="821"/>
          <property name="File/ImageWidth" value="1093"/>
          <property name="System/FileModifyDate" value="2019:12:06 15:15:28"/>
          <property name="System/FileSize" value="124230"/>
        </meta>
      </photo>
    </camera>
    <camera camera_id="9">
      <photo path="../../../821_16_view/51_YukihiroIwayama.jpg">
        <meta>
          <property name="File/ImageHeight" value="821"/>
          <property name="File/ImageWidth" value="1093"/>
          <property name="System/FileModifyDate" value="2019:12:06 15:15:28"/>
          <property name="System/FileSize" value="132015"/>
        </meta>
      </photo>
    </camera>
    <camera camera_id="10">
      <photo path="../../../821_16_view/53_YukihiroIwayama.jpg">
        <meta>
          <property name="File/ImageHeight" value="821"/>
          <property name="File/ImageWidth" value="1093"/>
          <property name="System/FileModifyDate" value="2019:12:06 15:15:29"/>
          <property name="System/FileSize" value="127092"/>
        </meta>
      </photo>
    </camera>
    <camera camera_id="11">
      <photo path="../../../821_16_view/55_YukihiroIwayama.jpg">
        <meta>
          <property name="File/ImageHeight" value="821"/>
          <property name="File/ImageWidth" value="1093"/>
          <property name="System/FileModifyDate" value="2019:12:06 15:15:29"/>
          <property name="System/FileSize" value="118361"/>
        </meta>
      </photo>
    </camera>
    <camera camera_id="12">
      <photo path="../../../821_16_view/57_YukihiroIwayama.jpg">
        <meta>
          <property name="File/ImageHeight" value="821"/>
          <property name="File/ImageWidth" value="1093"/>
          <property name="System/FileModifyDate" value="2019:12:06 15:15:30"/>
          <property name="System/FileSize" value="127315"/>
        </meta>
      </photo>
    </camera>
    <camera camera_id="13">
      <photo path="../../../821_16_view/59_YukihiroIwayama.jpg">
        <meta>
          <property name="File/ImageHeight" value="821"/>
          <property name="File/ImageWidth" value="1093"/>
          <property name="System/FileModifyDate" value="2019:12:06 15:15:30"/>
          <property name="System/FileSize" value="136837"/>
        </meta>
      </photo>
    </camera>
    <camera camera_id="14">
      <photo path="../../../821_16_view/61_YukihiroIwayama.jpg">
        <meta>
          <property name="File/ImageHeight" value="821"/>
          <property name="File/ImageWidth" value="1093"/>
          <property name="System/FileModifyDate" value="2019:12:06 15:15:31"/>
          <property name="System/FileSize" value="140587"/>
        </meta>
      </photo>
    </camera>
    <camera camera_id="15">
      <photo path="../../../821_16_view/63_YukihiroIwayama.jpg">
        <meta>
          <property name="File/ImageHeight" value="821"/>
          <property name="File/ImageWidth" value="1093"/>
          <property name="System/FileModifyDate" value="2019:12:06 15:15:32"/>
          <property name="System/FileSize" value="149159"/>
        </meta>
      </photo>
    </camera>
  </cameras>
  <thumbnails path="thumbnails/thumbnails.zip"/>
</frame>
